{"ts":"2026-06-24T02:30:59.400Z","lane":"mining","event":"done","step":"enricher","code":0,"ms":24067}
{"ts":"2026-06-24T02:30:59.400Z","lane":"mining","event":"start","step":"weaver","bin":"node","args":["/Volumes/EOS_DIGITAL/KiriPedia/botnet/workers/weaver.mjs","--batch","5"]}
{"ts":"2026-06-24T02:31:01.453Z","lane":"plant2","event":"start","step":"cat-1","bin":"node","args":["/Volumes/EOS_DIGITAL/KiriPedia/botnet/workers/cataloger-editor.mjs","--worker","cataloger-1","--batch","1"]}
{"ts":"2026-06-24T02:31:01.546Z","lane":"plant2","event":"done","step":"cat-1","code":0,"ms":92}
{"ts":"2026-06-24T02:31:01.546Z","lane":"plant2","event":"start","step":"cat-2","bin":"node","args":["/Volumes/EOS_DIGITAL/KiriPedia/botnet/workers/cataloger-editor.mjs","--worker","cataloger-2","--batch","1"]}
{"ts":"2026-06-24T02:31:01.640Z","lane":"plant2","event":"done","step":"cat-2","code":0,"ms":84}
{"ts":"2026-06-24T02:31:03.689Z","lane":"plant","event":"start","step":"scribe-1","bin":"node","args":["/Volumes/EOS_DIGITAL/KiriPedia/botnet/workers/scribe.mjs","--worker","scribe-1","--batch","1"]}
{"ts":"2026-06-24T02:31:03.768Z","lane":"plant","event":"done","step":"scribe-1","code":0,"ms":79}
{"ts":"2026-06-24T02:31:03.768Z","lane":"plant","event":"start","step":"scribe-2","bin":"node","args":["/Volumes/EOS_DIGITAL/KiriPedia/botnet/workers/scribe.mjs","--worker","scribe-2","--batch","1"]}
{"ts":"2026-06-24T02:31:03.856Z","lane":"plant","event":"done","step":"scribe-2","code":0,"ms":79}
{"ts":"2026-06-24T02:31:03.856Z","lane":"plant","event":"start","step":"scribe-3","bin":"node","args":["/Volumes/EOS_DIGITAL/KiriPedia/botnet/workers/scribe.mjs","--worker","scribe-3","--batch","1"]}
{"ts":"2026-06-24T02:31:03.943Z","lane":"plant","event":"done","step":"scribe-3","code":0,"ms":78}
{"ts":"2026-06-24T02:31:04.744Z","lane":"plant","event":"start","step":"scribe-1","bin":"node","args":["/Volumes/EOS_DIGITAL/KiriPedia/botnet/workers/scribe.mjs","--worker","scribe-1","--batch","1"]}
{"ts":"2026-06-24T02:31:04.828Z","lane":"plant","event":"done","step":"scribe-1","code":0,"ms":84}
{"ts":"2026-06-24T02:31:04.828Z","lane":"plant","event":"start","step":"scribe-2","bin":"node","args":["/Volumes/EOS_DIGITAL/KiriPedia/botnet/workers/scribe.mjs","--worker","scribe-2","--batch","1"]}
{"ts":"2026-06-24T02:31:04.922Z","lane":"plant","event":"done","step":"scribe-2","code":0,"ms":85}
{"ts":"2026-06-24T02:31:04.922Z","lane":"plant","event":"start","step":"scribe-3","bin":"node","args":["/Volumes/EOS_DIGITAL/KiriPedia/botnet/workers/scribe.mjs","--worker","scribe-3","--batch","1"]}
{"ts":"2026-06-24T02:31:05.012Z","lane":"plant","event":"done","step":"scribe-3","code":0,"ms":81}
{"ts":"2026-06-24T02:31:05.416Z","lane":"plant","event":"start","step":"scribe-1","bin":"node","args":["/Volumes/EOS_DIGITAL/KiriPedia/botnet/workers/scribe.mjs","--worker","scribe-1","--batch","1"]}
{"ts":"2026-06-24T02:31:05.492Z","lane":"plant","event":"done","step":"scribe-1","code":0,"ms":76}
{"ts":"2026-06-24T02:31:05.495Z","lane":"plant","event":"start","step":"scribe-2","bin":"node","args":["/Volumes/EOS_DIGITAL/KiriPedia/botnet/workers/scribe.mjs","--worker","scribe-2","--batch","1"]}
{"ts":"2026-06-24T02:31:05.598Z","lane":"plant","event":"done","step":"scribe-2","code":0,"ms":76}
{"ts":"2026-06-24T02:31:05.598Z","lane":"plant","event":"start","step":"scribe-3","bin":"node","args":["/Volumes/EOS_DIGITAL/KiriPedia/botnet/workers/scribe.mjs","--worker","scribe-3","--batch","1"]}
{"ts":"2026-06-24T02:31:05.702Z","lane":"plant","event":"done","step":"scribe-3","code":0,"ms":75}
{"ts":"2026-06-24T02:31:05.715Z","lane":"plant2","event":"start","step":"cat-1","bin":"node","args":["/Volumes/EOS_DIGITAL/KiriPedia/botnet/workers/cataloger-editor.mjs","--worker","cataloger-1","--batch","1"]}
{"ts":"2026-06-24T02:31:05.791Z","lane":"plant2","event":"done","step":"cat-1","code":0,"ms":76}
{"ts":"2026-06-24T02:31:05.791Z","lane":"plant2","event":"start","step":"cat-2","bin":"node","args":["/Volumes/EOS_DIGITAL/KiriPedia/botnet/workers/cataloger-editor.mjs","--worker","cataloger-2","--batch","1"]}
{"ts":"2026-06-24T02:31:05.868Z","lane":"plant2","event":"done","step":"cat-2","code":0,"ms":75}
{"ts":"2026-06-24T02:31:09.861Z","lane":"coord","event":"start","step":null,"bin":"node","args":["/Volumes/EOS_DIGITAL/KiriPedia/botnet/workers/coordinator.mjs"]}
{"ts":"2026-06-24T02:31:10.020Z","lane":"coord","event":"done","step":null,"code":2,"ms":158,"stderr":"[coordinator] scaffolder failed for 2026-03-20-disruption-network-lab-war-military-exposing-crimes-is-not-a-crime-jo: ✗ wiki-leaks (enrich): enrich target not found: wiki-leaks\n\n"}
{"ts":"2026-06-24T02:31:10.027Z","lane":"coord","event":"backoff","ms":120000}
{"ts":"2026-06-24T02:31:12.618Z","lane":"reviewer","event":"start","step":null,"bin":"node","args":["/Volumes/EOS_DIGITAL/KiriPedia/botnet/workers/reviewer.mjs"]}
{"ts":"2026-06-24T02:31:12.753Z","lane":"reviewer","event":"done","step":null,"code":0,"ms":135}
{"ts":"2026-06-24T02:31:17.925Z","lane":"coord","event":"start","step":null,"bin":"node","args":["/Volumes/EOS_DIGITAL/KiriPedia/botnet/workers/coordinator.mjs","--push"]}
{"ts":"2026-06-24T02:31:19.251Z","lane":"coord","event":"done","step":null,"code":2,"ms":1326,"stderr":"[coordinator] scaffolder failed for 2026-03-20-disruption-network-lab-war-military-exposing-crimes-is-not-a-crime-jo: ✗ wiki-leaks (enrich): enrich target not found: wiki-leaks\n\n"}
{"ts":"2026-06-24T02:31:19.251Z","lane":"coord","event":"backoff","ms":120000}
{"ts":"2026-06-24T02:31:24.839Z","lane":"mining","event":"done","step":"weaver","code":0,"ms":25298}
{"ts":"2026-06-24T02:31:38.765Z","lane":"snapshot","event":"start","step":null,"bin":"node","args":["/Volumes/EOS_DIGITAL/KiriPedia/botnet/lib/snapshot-writer.mjs"]}
{"ts":"2026-06-24T02:31:38.848Z","lane":"snapshot","event":"done","step":null,"code":0,"ms":82}
{"ts":"2026-06-24T02:31:53.747Z","lane":"reviewer","event":"start","step":null,"bin":"node","args":["/Volumes/EOS_DIGITAL/KiriPedia/botnet/workers/reviewer.mjs"]}
{"ts":"2026-06-24T02:31:54.054Z","lane":"reviewer","event":"done","step":null,"code":0,"ms":305}
{"ts":"2026-06-24T02:31:59.304Z","event":"boot","pid":72097,"lanes":["trawler","catch-import","triage","plant","plant2","reviewer","coord","indexer","mining","weaver2","prospect","sentry","snapshot"],"push":true}
{"ts":"2026-06-24T02:31:59.313Z","lane":"trawler","event":"start","step":null,"bin":"node","args":["/Volumes/EOS_DIGITAL/KiriPedia/fleet/trawlers/youtube.mjs"]}
{"ts":"2026-06-24T02:31:59.316Z","lane":"catch-import","event":"start","step":null,"bin":"node","args":["/Volumes/EOS_DIGITAL/KiriPedia/botnet/workers/catch-importer.mjs","--auto-trust"]}
{"ts":"2026-06-24T02:31:59.317Z","lane":"triage","event":"start","step":null,"bin":"node","args":["/Volumes/EOS_DIGITAL/KiriPedia/botnet/workers/npp.mjs"]}
{"ts":"2026-06-24T02:31:59.322Z","lane":"plant","event":"start","step":"scribe-1","bin":"node","args":["/Volumes/EOS_DIGITAL/KiriPedia/botnet/workers/scribe.mjs","--worker","scribe-1","--batch","1"]}
{"ts":"2026-06-24T02:31:59.324Z","lane":"plant2","event":"start","step":"cat-1","bin":"node","args":["/Volumes/EOS_DIGITAL/KiriPedia/botnet/workers/cataloger-editor.mjs","--worker","cataloger-1","--batch","1"]}
{"ts":"2026-06-24T02:31:59.326Z","lane":"reviewer","event":"start","step":null,"bin":"node","args":["/Volumes/EOS_DIGITAL/KiriPedia/botnet/workers/reviewer.mjs"]}
{"ts":"2026-06-24T02:31:59.331Z","lane":"coord","event":"start","step":null,"bin":"node","args":["/Volumes/EOS_DIGITAL/KiriPedia/botnet/workers/coordinator.mjs","--push"]}
{"ts":"2026-06-24T02:31:59.336Z","lane":"indexer","event":"start","step":null,"bin":"node","args":["/Volumes/EOS_DIGITAL/KiriPedia/botnet/workers/indexer.mjs"]}
{"ts":"2026-06-24T02:31:59.341Z","lane":"mining","event":"start","step":"deepener","bin":"node","args":["/Volumes/EOS_DIGITAL/KiriPedia/botnet/workers/deepener.mjs","--batch","5"]}
{"ts":"2026-06-24T02:31:59.350Z","lane":"weaver2","event":"start","step":null,"bin":"node","args":["/Volumes/EOS_DIGITAL/KiriPedia/botnet/workers/reweaver.mjs","--batch","3"]}
{"ts":"2026-06-24T02:31:59.360Z","lane":"prospect","event":"start","step":null,"bin":"node","args":["/Volumes/EOS_DIGITAL/KiriPedia/botnet/workers/prospector.mjs","--batch","2"]}
{"ts":"2026-06-24T02:31:59.378Z","lane":"sentry","event":"start","step":null,"bin":"node","args":["/Volumes/EOS_DIGITAL/KiriPedia/botnet/workers/mouth-sentry.mjs"]}
{"ts":"2026-06-24T02:31:59.393Z","lane":"snapshot","event":"start","step":null,"bin":"node","args":["/Volumes/EOS_DIGITAL/KiriPedia/botnet/lib/snapshot-writer.mjs"]}
{"ts":"2026-06-24T02:31:59.591Z","lane":"plant","event":"done","step":"scribe-1","code":0,"ms":269}
{"ts":"2026-06-24T02:31:59.591Z","lane":"plant","event":"start","step":"scribe-2","bin":"node","args":["/Volumes/EOS_DIGITAL/KiriPedia/botnet/workers/scribe.mjs","--worker","scribe-2","--batch","1"]}
{"ts":"2026-06-24T02:31:59.606Z","lane":"catch-import","event":"done","step":null,"code":0,"ms":290}
{"ts":"2026-06-24T02:31:59.609Z","lane":"triage","event":"done","step":null,"code":0,"ms":290}
{"ts":"2026-06-24T02:31:59.628Z","lane":"snapshot","event":"done","step":null,"code":0,"ms":230}
{"ts":"2026-06-24T02:31:59.708Z","lane":"plant","event":"done","step":"scribe-2","code":0,"ms":108}
{"ts":"2026-06-24T02:31:59.708Z","lane":"plant","event":"start","step":"scribe-3","bin":"node","args":["/Volumes/EOS_DIGITAL/KiriPedia/botnet/workers/scribe.mjs","--worker","scribe-3","--batch","1"]}
{"ts":"2026-06-24T02:31:59.719Z","lane":"reviewer","event":"done","step":null,"code":0,"ms":391}
{"ts":"2026-06-24T02:31:59.800Z","lane":"plant","event":"done","step":"scribe-3","code":0,"ms":82}
{"ts":"2026-06-24T02:31:59.814Z","lane":"sentry","event":"done","step":null,"code":0,"ms":435}
{"ts":"2026-06-24T02:31:59.915Z","lane":"coord","event":"done","step":null,"code":2,"ms":582,"stderr":"[coordinator] scaffolder failed for 2026-03-20-disruption-network-lab-war-military-exposing-crimes-is-not-a-crime-jo: ✗ wiki-leaks (enrich): enrich target not found: wiki-leaks\n\n"}
{"ts":"2026-06-24T02:31:59.915Z","lane":"coord","event":"backoff","ms":30000}
{"ts":"2026-06-24T02:32:02.985Z","lane":"indexer","event":"done","step":null,"code":0,"ms":3649}
{"ts":"2026-06-24T02:32:03.485Z","lane":"plant","event":"start","step":"scribe-1","bin":"node","args":["/Volumes/EOS_DIGITAL/KiriPedia/botnet/workers/scribe.mjs","--worker","scribe-1","--batch","1"]}
{"ts":"2026-06-24T02:32:03.562Z","lane":"plant","event":"done","step":"scribe-1","code":0,"ms":76}
{"ts":"2026-06-24T02:32:03.562Z","lane":"plant","event":"start","step":"scribe-2","bin":"node","args":["/Volumes/EOS_DIGITAL/KiriPedia/botnet/workers/scribe.mjs","--worker","scribe-2","--batch","1"]}
{"ts":"2026-06-24T02:32:03.642Z","lane":"plant","event":"done","step":"scribe-2","code":0,"ms":77}
{"ts":"2026-06-24T02:32:03.642Z","lane":"plant","event":"start","step":"scribe-3","bin":"node","args":["/Volumes/EOS_DIGITAL/KiriPedia/botnet/workers/scribe.mjs","--worker","scribe-3","--batch","1"]}
{"ts":"2026-06-24T02:32:03.721Z","lane":"plant","event":"done","step":"scribe-3","code":0,"ms":76}
{"ts":"2026-06-24T02:32:04.968Z","lane":"weaver2","event":"done","step":null,"code":0,"ms":5618}
{"ts":"2026-06-24T02:32:07.132Z","lane":"plant2","event":"done","step":"cat-1","code":0,"ms":7807}
{"ts":"2026-06-24T02:32:07.132Z","lane":"plant2","event":"start","step":"cat-2","bin":"node","args":["/Volumes/EOS_DIGITAL/KiriPedia/botnet/workers/cataloger-editor.mjs","--worker","cataloger-2","--batch","1"]}
{"ts":"2026-06-24T02:32:07.192Z","lane":"prospect","event":"done","step":null,"code":0,"ms":7832}
{"ts":"2026-06-24T02:32:07.896Z","lane":"plant2","event":"done","step":"cat-2","code":0,"ms":761}
{"ts":"2026-06-24T02:32:17.536Z","lane":"plant2","event":"start","step":"cat-1","bin":"node","args":["/Volumes/EOS_DIGITAL/KiriPedia/botnet/workers/cataloger-editor.mjs","--worker","cataloger-1","--batch","1"]}
{"ts":"2026-06-24T02:32:19.102Z","lane":"plant2","event":"done","step":"cat-1","code":0,"ms":1566}
{"ts":"2026-06-24T02:32:19.102Z","lane":"plant2","event":"start","step":"cat-2","bin":"node","args":["/Volumes/EOS_DIGITAL/KiriPedia/botnet/workers/cataloger-editor.mjs","--worker","cataloger-2","--batch","1"]}
{"ts":"2026-06-24T02:32:19.781Z","lane":"plant2","event":"done","step":"cat-2","code":0,"ms":676}
{"ts":"2026-06-24T02:32:20.060Z","lane":"plant2","event":"start","step":"cat-1","bin":"node","args":["/Volumes/EOS_DIGITAL/KiriPedia/botnet/workers/cataloger-editor.mjs","--worker","cataloger-1","--batch","1"]}
{"ts":"2026-06-24T02:32:20.775Z","lane":"plant2","event":"done","step":"cat-1","code":0,"ms":715}
{"ts":"2026-06-24T02:32:20.776Z","lane":"plant2","event":"start","step":"cat-2","bin":"node","args":["/Volumes/EOS_DIGITAL/KiriPedia/botnet/workers/cataloger-editor.mjs","--worker","cataloger-2","--batch","1"]}
{"ts":"2026-06-24T02:32:21.101Z","lane":"plant","event":"start","step":"scribe-1","bin":"node","args":["/Volumes/EOS_DIGITAL/KiriPedia/botnet/workers/scribe.mjs","--worker","scribe-1","--batch","1"]}
{"ts":"2026-06-24T02:32:21.179Z","lane":"plant","event":"done","step":"scribe-1","code":0,"ms":78}
{"ts":"2026-06-24T02:32:21.179Z","lane":"plant","event":"start","step":"scribe-2","bin":"node","args":["/Volumes/EOS_DIGITAL/KiriPedia/botnet/workers/scribe.mjs","--worker","scribe-2","--batch","1"]}
{"ts":"2026-06-24T02:32:21.261Z","lane":"plant","event":"done","step":"scribe-2","code":0,"ms":79}
{"ts":"2026-06-24T02:32:21.261Z","lane":"plant","event":"start","step":"scribe-3","bin":"node","args":["/Volumes/EOS_DIGITAL/KiriPedia/botnet/workers/scribe.mjs","--worker","scribe-3","--batch","1"]}
{"ts":"2026-06-24T02:32:21.346Z","lane":"plant","event":"done","step":"scribe-3","code":0,"ms":78}
{"ts":"2026-06-24T02:32:23.990Z","lane":"plant2","event":"done","step":"cat-2","code":0,"ms":3211}
{"ts":"2026-06-24T02:32:28.354Z","lane":"plant","event":"start","step":"scribe-1","bin":"node","args":["/Volumes/EOS_DIGITAL/KiriPedia/botnet/workers/scribe.mjs","--worker","scribe-1","--batch","1"]}
{"ts":"2026-06-24T02:32:28.436Z","lane":"plant","event":"done","step":"scribe-1","code":0,"ms":82}
{"ts":"2026-06-24T02:32:28.436Z","lane":"plant","event":"start","step":"scribe-2","bin":"node","args":["/Volumes/EOS_DIGITAL/KiriPedia/botnet/workers/scribe.mjs","--worker","scribe-2","--batch","1"]}
{"ts":"2026-06-24T02:32:28.518Z","lane":"plant","event":"done","step":"scribe-2","code":0,"ms":76}
{"ts":"2026-06-24T02:32:28.518Z","lane":"plant","event":"start","step":"scribe-3","bin":"node","args":["/Volumes/EOS_DIGITAL/KiriPedia/botnet/workers/scribe.mjs","--worker","scribe-3","--batch","1"]}
{"ts":"2026-06-24T02:32:28.595Z","lane":"plant","event":"done","step":"scribe-3","code":0,"ms":74}
{"ts":"2026-06-24T02:32:29.886Z","lane":"plant","event":"start","step":"scribe-1","bin":"node","args":["/Volumes/EOS_DIGITAL/KiriPedia/botnet/workers/scribe.mjs","--worker","scribe-1","--batch","1"]}
{"ts":"2026-06-24T02:32:29.927Z","lane":"coord","event":"start","step":null,"bin":"node","args":["/Volumes/EOS_DIGITAL/KiriPedia/botnet/workers/coordinator.mjs","--push"]}
{"ts":"2026-06-24T02:32:29.968Z","lane":"plant","event":"done","step":"scribe-1","code":0,"ms":81}
{"ts":"2026-06-24T02:32:29.968Z","lane":"plant","event":"start","step":"scribe-2","bin":"node","args":["/Volumes/EOS_DIGITAL/KiriPedia/botnet/workers/scribe.mjs","--worker","scribe-2","--batch","1"]}
{"ts":"2026-06-24T02:32:30.049Z","lane":"plant","event":"done","step":"scribe-2","code":0,"ms":78}
{"ts":"2026-06-24T02:32:30.049Z","lane":"plant","event":"start","step":"scribe-3","bin":"node","args":["/Volumes/EOS_DIGITAL/KiriPedia/botnet/workers/scribe.mjs","--worker","scribe-3","--batch","1"]}
{"ts":"2026-06-24T02:32:30.106Z","lane":"coord","event":"done","step":null,"code":2,"ms":179,"stderr":"[coordinator] scaffolder failed for 2025-09-30-deprogram-show-with-ted-rall-and-jamarl-thomas-deprogram-with-ted-ral: ✗ bernie-sanders (enrich): enrich target not found: bernie-sanders\n✗ dan-terry (enrich): enrich target not found: dan-terry\n✗ the-intercept (enrich): enrich target not found: the-intercept\n\n"}
{"ts":"2026-06-24T02:32:30.106Z","lane":"coord","event":"backoff","ms":60000}
{"ts":"2026-06-24T02:32:30.128Z","lane":"plant","event":"done","step":"scribe-3","code":0,"ms":76}
{"ts":"2026-06-24T02:32:54.690Z","lane":"mining","event":"done","step":"deepener","code":0,"ms":55348}
{"ts":"2026-06-24T02:32:54.691Z","lane":"mining","event":"start","step":"enricher","bin":"node","args":["/Volumes/EOS_DIGITAL/KiriPedia/botnet/workers/enricher.mjs","--batch","5"]}
{"ts":"2026-06-24T02:33:01.473Z","lane":"plant2","event":"start","step":"cat-1","bin":"node","args":["/Volumes/EOS_DIGITAL/KiriPedia/botnet/workers/cataloger-editor.mjs","--worker","cataloger-1","--batch","1"]}
{"ts":"2026-06-24T02:33:01.555Z","lane":"plant2","event":"done","step":"cat-1","code":0,"ms":81}
{"ts":"2026-06-24T02:33:01.555Z","lane":"plant2","event":"start","step":"cat-2","bin":"node","args":["/Volumes/EOS_DIGITAL/KiriPedia/botnet/workers/cataloger-editor.mjs","--worker","cataloger-2","--batch","1"]}
{"ts":"2026-06-24T02:33:01.644Z","lane":"plant2","event":"done","step":"cat-2","code":0,"ms":80}
{"ts":"2026-06-24T02:33:10.032Z","lane":"coord","event":"start","step":null,"bin":"node","args":["/Volumes/EOS_DIGITAL/KiriPedia/botnet/workers/coordinator.mjs"]}
{"ts":"2026-06-24T02:33:10.214Z","lane":"coord","event":"done","step":null,"code":2,"ms":180,"stderr":"[coordinator] scaffolder failed for 2025-09-30-deprogram-show-with-ted-rall-and-jamarl-thomas-deprogram-with-ted-ral: ✗ bernie-sanders (enrich): enrich target not found: bernie-sanders\n✗ dan-terry (enrich): enrich target not found: dan-terry\n✗ the-intercept (enrich): enrich target not found: the-intercept\n\n"}
{"ts":"2026-06-24T02:33:10.214Z","lane":"coord","event":"backoff","ms":240000}
{"ts":"2026-06-24T02:33:18.539Z","lane":"plant2","event":"start","step":"cat-1","bin":"node","args":["/Volumes/EOS_DIGITAL/KiriPedia/botnet/workers/cataloger-editor.mjs","--worker","cataloger-1","--batch","1"]}
{"ts":"2026-06-24T02:33:18.617Z","lane":"plant2","event":"done","step":"cat-1","code":0,"ms":77}
{"ts":"2026-06-24T02:33:18.617Z","lane":"plant2","event":"start","step":"cat-2","bin":"node","args":["/Volumes/EOS_DIGITAL/KiriPedia/botnet/workers/cataloger-editor.mjs","--worker","cataloger-2","--batch","1"]}
{"ts":"2026-06-24T02:33:18.697Z","lane":"plant2","event":"done","step":"cat-2","code":0,"ms":75}
{"ts":"2026-06-24T02:33:19.647Z","lane":"coord","event":"start","step":null,"bin":"node","args":["/Volumes/EOS_DIGITAL/KiriPedia/botnet/workers/coordinator.mjs","--push"]}
{"ts":"2026-06-24T02:33:19.654Z","lane":"mining","event":"done","step":"enricher","code":0,"ms":24952}
{"ts":"2026-06-24T02:33:19.654Z","lane":"mining","event":"start","step":"weaver","bin":"node","args":["/Volumes/EOS_DIGITAL/KiriPedia/botnet/workers/weaver.mjs","--batch","5"]}
{"ts":"2026-06-24T02:33:19.792Z","lane":"coord","event":"done","step":null,"code":2,"ms":143,"stderr":"[coordinator] scaffolder failed for 2025-09-30-deprogram-show-with-ted-rall-and-jamarl-thomas-deprogram-with-ted-ral: ✗ bernie-sanders (enrich): enrich target not found: bernie-sanders\n✗ dan-terry (enrich): enrich target not found: dan-terry\n✗ the-intercept (enrich): enrich target not found: the-intercept\n\n"}
{"ts":"2026-06-24T02:33:19.792Z","lane":"coord","event":"backoff","ms":240000}
{"ts":"2026-06-24T02:33:30.124Z","lane":"coord","event":"start","step":null,"bin":"node","args":["/Volumes/EOS_DIGITAL/KiriPedia/botnet/workers/coordinator.mjs","--push"]}
{"ts":"2026-06-24T02:33:30.271Z","lane":"coord","event":"done","step":null,"code":2,"ms":146,"stderr":"[coordinator] scaffolder failed for 2025-09-30-deprogram-show-with-ted-rall-and-jamarl-thomas-deprogram-with-ted-ral: ✗ bernie-sanders (enrich): enrich target not found: bernie-sanders\n✗ dan-terry (enrich): enrich target not found: dan-terry\n✗ the-intercept (enrich): enrich target not found: the-intercept\n\n"}
{"ts":"2026-06-24T02:33:30.271Z","lane":"coord","event":"backoff","ms":120000}
{"ts":"2026-06-24T02:33:31.019Z","lane":"snapshot","event":"start","step":null,"bin":"node","args":["/Volumes/EOS_DIGITAL/KiriPedia/botnet/lib/snapshot-writer.mjs"]}
{"ts":"2026-06-24T02:33:31.279Z","lane":"snapshot","event":"done","step":null,"code":0,"ms":260}
{"ts":"2026-06-24T02:33:31.912Z","lane":"plant","event":"start","step":"scribe-1","bin":"node","args":["/Volumes/EOS_DIGITAL/KiriPedia/botnet/workers/scribe.mjs","--worker","scribe-1","--batch","1"]}
{"ts":"2026-06-24T02:33:31.988Z","lane":"plant","event":"done","step":"scribe-1","code":0,"ms":75}
{"ts":"2026-06-24T02:33:31.988Z","lane":"plant","event":"start","step":"scribe-2","bin":"node","args":["/Volumes/EOS_DIGITAL/KiriPedia/botnet/workers/scribe.mjs","--worker","scribe-2","--batch","1"]}
{"ts":"2026-06-24T02:33:32.066Z","lane":"plant","event":"done","step":"scribe-2","code":0,"ms":73}
{"ts":"2026-06-24T02:33:32.066Z","lane":"plant","event":"start","step":"scribe-3","bin":"node","args":["/Volumes/EOS_DIGITAL/KiriPedia/botnet/workers/scribe.mjs","--worker","scribe-3","--batch","1"]}
{"ts":"2026-06-24T02:33:32.143Z","lane":"plant","event":"done","step":"scribe-3","code":0,"ms":74}
{"ts":"2026-06-24T02:33:41.179Z","lane":"plant","event":"start","step":"scribe-1","bin":"node","args":["/Volumes/EOS_DIGITAL/KiriPedia/botnet/workers/scribe.mjs","--worker","scribe-1","--batch","1"]}
{"ts":"2026-06-24T02:33:41.253Z","lane":"plant","event":"done","step":"scribe-1","code":0,"ms":74}
{"ts":"2026-06-24T02:33:41.253Z","lane":"plant","event":"start","step":"scribe-2","bin":"node","args":["/Volumes/EOS_DIGITAL/KiriPedia/botnet/workers/scribe.mjs","--worker","scribe-2","--batch","1"]}
{"ts":"2026-06-24T02:33:41.329Z","lane":"plant","event":"done","step":"scribe-2","code":0,"ms":74}
{"ts":"2026-06-24T02:33:41.329Z","lane":"plant","event":"start","step":"scribe-3","bin":"node","args":["/Volumes/EOS_DIGITAL/KiriPedia/botnet/workers/scribe.mjs","--worker","scribe-3","--batch","1"]}
{"ts":"2026-06-24T02:33:41.406Z","lane":"plant","event":"done","step":"scribe-3","code":0,"ms":75}
{"ts":"2026-06-24T02:33:47.107Z","lane":"reviewer","event":"start","step":null,"bin":"node","args":["/Volumes/EOS_DIGITAL/KiriPedia/botnet/workers/reviewer.mjs"]}
{"ts":"2026-06-24T02:33:47.221Z","lane":"reviewer","event":"done","step":null,"code":0,"ms":113}
{"ts":"2026-06-24T02:33:48.607Z","lane":"plant","event":"start","step":"scribe-1","bin":"node","args":["/Volumes/EOS_DIGITAL/KiriPedia/botnet/workers/scribe.mjs","--worker","scribe-1","--batch","1"]}
{"ts":"2026-06-24T02:33:48.684Z","lane":"plant","event":"done","step":"scribe-1","code":0,"ms":77}
{"ts":"2026-06-24T02:33:48.684Z","lane":"plant","event":"start","step":"scribe-2","bin":"node","args":["/Volumes/EOS_DIGITAL/KiriPedia/botnet/workers/scribe.mjs","--worker","scribe-2","--batch","1"]}
{"ts":"2026-06-24T02:33:48.760Z","lane":"plant","event":"done","step":"scribe-2","code":0,"ms":75}
{"ts":"2026-06-24T02:33:48.760Z","lane":"plant","event":"start","step":"scribe-3","bin":"node","args":["/Volumes/EOS_DIGITAL/KiriPedia/botnet/workers/scribe.mjs","--worker","scribe-3","--batch","1"]}
{"ts":"2026-06-24T02:33:48.836Z","lane":"plant","event":"done","step":"scribe-3","code":0,"ms":74}
{"ts":"2026-06-24T02:33:51.097Z","lane":"mining","event":"done","step":"weaver","code":0,"ms":31442}
{"ts":"2026-06-24T02:33:58.340Z","lane":"plant","event":"start","step":"scribe-1","bin":"node","args":["/Volumes/EOS_DIGITAL/KiriPedia/botnet/workers/scribe.mjs","--worker","scribe-1","--batch","1"]}
{"ts":"2026-06-24T02:33:58.421Z","lane":"plant","event":"done","step":"scribe-1","code":0,"ms":80}
{"ts":"2026-06-24T02:33:58.421Z","lane":"plant","event":"start","step":"scribe-2","bin":"node","args":["/Volumes/EOS_DIGITAL/KiriPedia/botnet/workers/scribe.mjs","--worker","scribe-2","--batch","1"]}
{"ts":"2026-06-24T02:33:58.497Z","lane":"plant","event":"done","step":"scribe-2","code":0,"ms":74}
{"ts":"2026-06-24T02:33:58.498Z","lane":"plant","event":"start","step":"scribe-3","bin":"node","args":["/Volumes/EOS_DIGITAL/KiriPedia/botnet/workers/scribe.mjs","--worker","scribe-3","--batch","1"]}
{"ts":"2026-06-24T02:33:58.573Z","lane":"plant","event":"done","step":"scribe-3","code":0,"ms":72}
{"ts":"2026-06-24T02:34:04.566Z","lane":"plant2","event":"start","step":"cat-1","bin":"node","args":["/Volumes/EOS_DIGITAL/KiriPedia/botnet/workers/cataloger-editor.mjs","--worker","cataloger-1","--batch","1"]}
{"ts":"2026-06-24T02:34:04.641Z","lane":"plant2","event":"done","step":"cat-1","code":0,"ms":75}
{"ts":"2026-06-24T02:34:04.641Z","lane":"plant2","event":"start","step":"cat-2","bin":"node","args":["/Volumes/EOS_DIGITAL/KiriPedia/botnet/workers/cataloger-editor.mjs","--worker","cataloger-2","--batch","1"]}
{"ts":"2026-06-24T02:34:04.716Z","lane":"plant2","event":"done","step":"cat-2","code":0,"ms":73}
{"ts":"2026-06-24T02:34:05.541Z","lane":"plant","event":"start","step":"scribe-1","bin":"node","args":["/Volumes/EOS_DIGITAL/KiriPedia/botnet/workers/scribe.mjs","--worker","scribe-1","--batch","1"]}
{"ts":"2026-06-24T02:34:05.619Z","lane":"plant","event":"done","step":"scribe-1","code":0,"ms":77}
{"ts":"2026-06-24T02:34:05.620Z","lane":"plant","event":"start","step":"scribe-2","bin":"node","args":["/Volumes/EOS_DIGITAL/KiriPedia/botnet/workers/scribe.mjs","--worker","scribe-2","--batch","1"]}
{"ts":"2026-06-24T02:34:05.694Z","lane":"plant","event":"done","step":"scribe-2","code":0,"ms":73}
{"ts":"2026-06-24T02:34:05.694Z","lane":"plant","event":"start","step":"scribe-3","bin":"node","args":["/Volumes/EOS_DIGITAL/KiriPedia/botnet/workers/scribe.mjs","--worker","scribe-3","--batch","1"]}
{"ts":"2026-06-24T02:34:05.768Z","lane":"plant","event":"done","step":"scribe-3","code":0,"ms":72}
{"ts":"2026-06-24T02:34:23.227Z","lane":"coord","event":"start","step":null,"bin":"node","args":["/Volumes/EOS_DIGITAL/KiriPedia/botnet/workers/coordinator.mjs"]}
{"ts":"2026-06-24T02:34:23.373Z","lane":"coord","event":"done","step":null,"code":2,"ms":145,"stderr":"[coordinator] scaffolder failed for 2025-09-11-wisenuts-cia-whistleblower-john-kiriakou-exposes-truths-about-911-jfk: ✗ whistleblower-protection-law (enrich): enrich target not found: whistleblower-protection-law\n\n"}
{"ts":"2026-06-24T02:34:23.373Z","lane":"coord","event":"backoff","ms":30000}
{"ts":"2026-06-24T02:34:36.285Z","lane":"plant2","event":"start","step":"cat-1","bin":"node","args":["/Volumes/EOS_DIGITAL/KiriPedia/botnet/workers/cataloger-editor.mjs","--worker","cataloger-1","--batch","1"]}
{"ts":"2026-06-24T02:34:36.361Z","lane":"plant2","event":"done","step":"cat-1","code":0,"ms":75}
{"ts":"2026-06-24T02:34:36.361Z","lane":"plant2","event":"start","step":"cat-2","bin":"node","args":["/Volumes/EOS_DIGITAL/KiriPedia/botnet/workers/cataloger-editor.mjs","--worker","cataloger-2","--batch","1"]}
{"ts":"2026-06-24T02:34:36.436Z","lane":"plant2","event":"done","step":"cat-2","code":0,"ms":73}
{"ts":"2026-06-24T02:34:41.800Z","lane":"plant2","event":"start","step":"cat-1","bin":"node","args":["/Volumes/EOS_DIGITAL/KiriPedia/botnet/workers/cataloger-editor.mjs","--worker","cataloger-1","--batch","1"]}
{"ts":"2026-06-24T02:34:41.877Z","lane":"plant2","event":"done","step":"cat-1","code":0,"ms":76}
{"ts":"2026-06-24T02:34:41.878Z","lane":"plant2","event":"start","step":"cat-2","bin":"node","args":["/Volumes/EOS_DIGITAL/KiriPedia/botnet/workers/cataloger-editor.mjs","--worker","cataloger-2","--batch","1"]}
{"ts":"2026-06-24T02:34:41.951Z","lane":"plant2","event":"done","step":"cat-2","code":0,"ms":71}
{"ts":"2026-06-24T02:34:47.559Z","lane":"snapshot","event":"start","step":null,"bin":"node","args":["/Volumes/EOS_DIGITAL/KiriPedia/botnet/lib/snapshot-writer.mjs"]}
{"ts":"2026-06-24T02:34:47.639Z","lane":"snapshot","event":"done","step":null,"code":0,"ms":79}
{"ts":"2026-06-24T02:34:53.376Z","lane":"coord","event":"start","step":null,"bin":"node","args":["/Volumes/EOS_DIGITAL/KiriPedia/botnet/workers/coordinator.mjs"]}
{"ts":"2026-06-24T02:34:53.525Z","lane":"coord","event":"done","step":null,"code":2,"ms":148,"stderr":"[coordinator] scaffolder failed for 2025-09-11-wisenuts-cia-whistleblower-john-kiriakou-exposes-truths-about-911-jfk: ✗ whistleblower-protection-law (enrich): enrich target not found: whistleblower-protection-law\n\n"}
{"ts":"2026-06-24T02:34:53.525Z","lane":"coord","event":"backoff","ms":60000}
{"ts":"2026-06-24T02:34:54.173Z","lane":"plant","event":"start","step":"scribe-1","bin":"node","args":["/Volumes/EOS_DIGITAL/KiriPedia/botnet/workers/scribe.mjs","--worker","scribe-1","--batch","1"]}
{"ts":"2026-06-24T02:34:54.253Z","lane":"plant","event":"done","step":"scribe-1","code":0,"ms":80}
{"ts":"2026-06-24T02:34:54.253Z","lane":"plant","event":"start","step":"scribe-2","bin":"node","args":["/Volumes/EOS_DIGITAL/KiriPedia/botnet/workers/scribe.mjs","--worker","scribe-2","--batch","1"]}
{"ts":"2026-06-24T02:34:54.950Z","lane":"plant","event":"done","step":"scribe-2","code":0,"ms":72}
{"ts":"2026-06-24T02:34:55.020Z","lane":"plant","event":"start","step":"scribe-3","bin":"node","args":["/Volumes/EOS_DIGITAL/KiriPedia/botnet/workers/scribe.mjs","--worker","scribe-3","--batch","1"]}
{"ts":"2026-06-24T02:34:55.223Z","lane":"reviewer","event":"start","step":null,"bin":"node","args":["/Volumes/EOS_DIGITAL/KiriPedia/botnet/workers/reviewer.mjs"]}
{"ts":"2026-06-24T02:34:55.226Z","lane":"plant","event":"done","step":"scribe-3","code":0,"ms":72}
{"ts":"2026-06-24T02:34:55.361Z","lane":"reviewer","event":"done","step":null,"code":0,"ms":75}
{"ts":"2026-06-24T02:34:57.383Z","lane":"plant2","event":"start","step":"cat-1","bin":"node","args":["/Volumes/EOS_DIGITAL/KiriPedia/botnet/workers/cataloger-editor.mjs","--worker","cataloger-1","--batch","1"]}
{"ts":"2026-06-24T02:34:57.459Z","lane":"plant2","event":"done","step":"cat-1","code":0,"ms":76}
{"ts":"2026-06-24T02:34:57.927Z","lane":"plant2","event":"start","step":"cat-2","bin":"node","args":["/Volumes/EOS_DIGITAL/KiriPedia/botnet/workers/cataloger-editor.mjs","--worker","cataloger-2","--batch","1"]}
{"ts":"2026-06-24T02:34:58.132Z","lane":"plant2","event":"done","step":"cat-2","code":0,"ms":71}
{"ts":"2026-06-24T02:35:01.525Z","lane":"plant2","event":"start","step":"cat-1","bin":"node","args":["/Volumes/EOS_DIGITAL/KiriPedia/botnet/workers/cataloger-editor.mjs","--worker","cataloger-1","--batch","1"]}
{"ts":"2026-06-24T02:35:01.597Z","lane":"plant2","event":"done","step":"cat-1","code":0,"ms":72}
{"ts":"2026-06-24T02:35:01.655Z","lane":"plant2","event":"start","step":"cat-2","bin":"node","args":["/Volumes/EOS_DIGITAL/KiriPedia/botnet/workers/cataloger-editor.mjs","--worker","cataloger-2","--batch","1"]}
{"ts":"2026-06-24T02:35:01.857Z","lane":"plant2","event":"done","step":"cat-2","code":0,"ms":71}
{"ts":"2026-06-24T02:35:05.328Z","lane":"plant","event":"start","step":"scribe-1","bin":"node","args":["/Volumes/EOS_DIGITAL/KiriPedia/botnet/workers/scribe.mjs","--worker","scribe-1","--batch","1"]}
{"ts":"2026-06-24T02:35:05.543Z","lane":"plant","event":"done","step":"scribe-1","code":0,"ms":71}
{"ts":"2026-06-24T02:35:05.544Z","lane":"plant","event":"start","step":"scribe-2","bin":"node","args":["/Volumes/EOS_DIGITAL/KiriPedia/botnet/workers/scribe.mjs","--worker","scribe-2","--batch","1"]}
{"ts":"2026-06-24T02:35:05.861Z","lane":"plant","event":"done","step":"scribe-2","code":0,"ms":72}
{"ts":"2026-06-24T02:35:05.923Z","lane":"plant","event":"start","step":"scribe-3","bin":"node","args":["/Volumes/EOS_DIGITAL/KiriPedia/botnet/workers/scribe.mjs","--worker","scribe-3","--batch","1"]}
{"ts":"2026-06-24T02:35:06.309Z","lane":"plant","event":"done","step":"scribe-3","code":0,"ms":72}
{"ts":"2026-06-24T02:35:23.008Z","lane":"triage","event":"start","step":null,"bin":"node","args":["/Volumes/EOS_DIGITAL/KiriPedia/botnet/workers/npp.mjs"]}
{"ts":"2026-06-24T02:35:23.088Z","lane":"triage","event":"done","step":null,"code":0,"ms":79}
{"ts":"2026-06-24T02:35:23.625Z","lane":"catch-import","event":"start","step":null,"bin":"node","args":["/Volumes/EOS_DIGITAL/KiriPedia/botnet/workers/catch-importer.mjs","--auto-trust"]}
{"ts":"2026-06-24T02:35:23.710Z","lane":"catch-import","event":"done","step":null,"code":0,"ms":84}
{"ts":"2026-06-24T02:35:28.307Z","lane":"plant","event":"start","step":"scribe-1","bin":"node","args":["/Volumes/EOS_DIGITAL/KiriPedia/botnet/workers/scribe.mjs","--worker","scribe-1","--batch","1"]}
{"ts":"2026-06-24T02:35:28.392Z","lane":"plant","event":"done","step":"scribe-1","code":0,"ms":84}
{"ts":"2026-06-24T02:35:28.392Z","lane":"plant","event":"start","step":"scribe-2","bin":"node","args":["/Volumes/EOS_DIGITAL/KiriPedia/botnet/workers/scribe.mjs","--worker","scribe-2","--batch","1"]}
{"ts":"2026-06-24T02:35:28.466Z","lane":"plant","event":"done","step":"scribe-2","code":0,"ms":73}
{"ts":"2026-06-24T02:35:28.466Z","lane":"plant","event":"start","step":"scribe-3","bin":"node","args":["/Volumes/EOS_DIGITAL/KiriPedia/botnet/workers/scribe.mjs","--worker","scribe-3","--batch","1"]}
{"ts":"2026-06-24T02:35:28.541Z","lane":"plant","event":"done","step":"scribe-3","code":0,"ms":73}
{"ts":"2026-06-24T02:35:30.268Z","lane":"coord","event":"start","step":null,"bin":"node","args":["/Volumes/EOS_DIGITAL/KiriPedia/botnet/workers/coordinator.mjs","--push"]}
{"ts":"2026-06-24T02:35:30.437Z","lane":"coord","event":"done","step":null,"code":2,"ms":167,"stderr":"[coordinator] scaffolder failed for 2025-09-11-wisenuts-cia-whistleblower-john-kiriakou-exposes-truths-about-911-jfk: ✗ whistleblower-protection-law (enrich): enrich target not found: whistleblower-protection-law\n\n"}
{"ts":"2026-06-24T02:35:30.437Z","lane":"coord","event":"backoff","ms":240000}
{"ts":"2026-06-24T02:35:31.230Z","lane":"plant","event":"start","step":"scribe-1","bin":"node","args":["/Volumes/EOS_DIGITAL/KiriPedia/botnet/workers/scribe.mjs","--worker","scribe-1","--batch","1"]}
{"ts":"2026-06-24T02:35:31.311Z","lane":"plant","event":"done","step":"scribe-1","code":0,"ms":81}
{"ts":"2026-06-24T02:35:31.492Z","lane":"plant","event":"start","step":"scribe-2","bin":"node","args":["/Volumes/EOS_DIGITAL/KiriPedia/botnet/workers/scribe.mjs","--worker","scribe-2","--batch","1"]}
{"ts":"2026-06-24T02:35:31.565Z","lane":"plant","event":"done","step":"scribe-2","code":0,"ms":72}
{"ts":"2026-06-24T02:35:31.565Z","lane":"plant","event":"start","step":"scribe-3","bin":"node","args":["/Volumes/EOS_DIGITAL/KiriPedia/botnet/workers/scribe.mjs","--worker","scribe-3","--batch","1"]}
{"ts":"2026-06-24T02:35:31.639Z","lane":"plant","event":"done","step":"scribe-3","code":0,"ms":73}
{"ts":"2026-06-24T02:35:32.411Z","lane":"trawler","event":"done","step":null,"code":-1,"ms":1199998,"stderr":"[trawler:youtube] Run 1/4 for 2026-06-24.\n"}
{"ts":"2026-06-24T02:35:32.412Z","lane":"trawler","event":"backoff","ms":30000}
{"ts":"2026-06-24T02:35:32.911Z","lane":"snapshot","event":"start","step":null,"bin":"node","args":["/Volumes/EOS_DIGITAL/KiriPedia/botnet/lib/snapshot-writer.mjs"]}
{"ts":"2026-06-24T02:35:32.993Z","lane":"snapshot","event":"done","step":null,"code":0,"ms":81}
{"ts":"2026-06-24T02:35:37.716Z","lane":"plant","event":"start","step":"scribe-1","bin":"node","args":["/Volumes/EOS_DIGITAL/KiriPedia/botnet/workers/scribe.mjs","--worker","scribe-1","--batch","1"]}
{"ts":"2026-06-24T02:35:37.801Z","lane":"plant","event":"done","step":"scribe-1","code":0,"ms":84}
{"ts":"2026-06-24T02:35:37.801Z","lane":"plant","event":"start","step":"scribe-2","bin":"node","args":["/Volumes/EOS_DIGITAL/KiriPedia/botnet/workers/scribe.mjs","--worker","scribe-2","--batch","1"]}
{"ts":"2026-06-24T02:35:37.876Z","lane":"plant","event":"done","step":"scribe-2","code":0,"ms":73}
{"ts":"2026-06-24T02:35:37.877Z","lane":"plant","event":"start","step":"scribe-3","bin":"node","args":["/Volumes/EOS_DIGITAL/KiriPedia/botnet/workers/scribe.mjs","--worker","scribe-3","--batch","1"]}
{"ts":"2026-06-24T02:35:37.952Z","lane":"plant","event":"done","step":"scribe-3","code":0,"ms":74}
{"ts":"2026-06-24T02:35:53.518Z","lane":"coord","event":"start","step":null,"bin":"node","args":["/Volumes/EOS_DIGITAL/KiriPedia/botnet/workers/coordinator.mjs"]}
{"ts":"2026-06-24T02:35:53.740Z","lane":"coord","event":"done","step":null,"code":2,"ms":220,"stderr":"[coordinator] scaffolder failed for 2025-09-11-wisenuts-cia-whistleblower-john-kiriakou-exposes-truths-about-911-jfk: ✗ whistleblower-protection-law (enrich): enrich target not found: whistleblower-protection-law\n\n"}
{"ts":"2026-06-24T02:35:53.740Z","lane":"coord","event":"backoff","ms":120000}
{"ts":"2026-06-24T02:36:02.412Z","lane":"trawler","event":"start","step":null,"bin":"node","args":["/Volumes/EOS_DIGITAL/KiriPedia/fleet/trawlers/youtube.mjs"]}
{"ts":"2026-06-24T02:36:05.790Z","lane":"plant2","event":"start","step":"cat-1","bin":"node","args":["/Volumes/EOS_DIGITAL/KiriPedia/botnet/workers/cataloger-editor.mjs","--worker","cataloger-1","--batch","1"]}
{"ts":"2026-06-24T02:36:05.892Z","lane":"plant2","event":"done","step":"cat-1","code":0,"ms":99}
{"ts":"2026-06-24T02:36:05.892Z","lane":"plant2","event":"start","step":"cat-2","bin":"node","args":["/Volumes/EOS_DIGITAL/KiriPedia/botnet/workers/cataloger-editor.mjs","--worker","cataloger-2","--batch","1"]}
{"ts":"2026-06-24T02:36:05.965Z","lane":"plant2","event":"done","step":"cat-2","code":0,"ms":71}
{"ts":"2026-06-24T02:36:12.586Z","lane":"reviewer","event":"start","step":null,"bin":"node","args":["/Volumes/EOS_DIGITAL/KiriPedia/botnet/workers/reviewer.mjs"]}
{"ts":"2026-06-24T02:36:12.671Z","lane":"reviewer","event":"done","step":null,"code":0,"ms":84}
{"ts":"2026-06-24T02:36:17.362Z","lane":"plant","event":"start","step":"scribe-1","bin":"node","args":["/Volumes/EOS_DIGITAL/KiriPedia/botnet/workers/scribe.mjs","--worker","scribe-1","--batch","1"]}
{"ts":"2026-06-24T02:36:17.449Z","lane":"plant","event":"done","step":"scribe-1","code":0,"ms":86}
{"ts":"2026-06-24T02:36:17.450Z","lane":"plant","event":"start","step":"scribe-2","bin":"node","args":["/Volumes/EOS_DIGITAL/KiriPedia/botnet/workers/scribe.mjs","--worker","scribe-2","--batch","1"]}
{"ts":"2026-06-24T02:36:17.525Z","lane":"plant","event":"done","step":"scribe-2","code":0,"ms":74}
{"ts":"2026-06-24T02:36:17.525Z","lane":"plant","event":"start","step":"scribe-3","bin":"node","args":["/Volumes/EOS_DIGITAL/KiriPedia/botnet/workers/scribe.mjs","--worker","scribe-3","--batch","1"]}
{"ts":"2026-06-24T02:36:17.600Z","lane":"plant","event":"done","step":"scribe-3","code":0,"ms":73}
{"ts":"2026-06-24T02:36:36.192Z","lane":"plant2","event":"start","step":"cat-1","bin":"node","args":["/Volumes/EOS_DIGITAL/KiriPedia/botnet/workers/cataloger-editor.mjs","--worker","cataloger-1","--batch","1"]}
{"ts":"2026-06-24T02:36:36.303Z","lane":"plant2","event":"done","step":"cat-1","code":0,"ms":108}
{"ts":"2026-06-24T02:36:36.304Z","lane":"plant2","event":"start","step":"cat-2","bin":"node","args":["/Volumes/EOS_DIGITAL/KiriPedia/botnet/workers/cataloger-editor.mjs","--worker","cataloger-2","--batch","1"]}
{"ts":"2026-06-24T02:36:36.379Z","lane":"plant2","event":"done","step":"cat-2","code":0,"ms":74}
{"ts":"2026-06-24T02:36:36.751Z","lane":"reviewer","event":"start","step":null,"bin":"node","args":["/Volumes/EOS_DIGITAL/KiriPedia/botnet/workers/reviewer.mjs"]}
{"ts":"2026-06-24T02:36:36.833Z","lane":"reviewer","event":"done","step":null,"code":0,"ms":81}
{"ts":"2026-06-24T02:36:38.839Z","lane":"snapshot","event":"start","step":null,"bin":"node","args":["/Volumes/EOS_DIGITAL/KiriPedia/botnet/lib/snapshot-writer.mjs"]}
{"ts":"2026-06-24T02:36:38.924Z","lane":"snapshot","event":"done","step":null,"code":0,"ms":85}
{"ts":"2026-06-24T02:36:40.380Z","lane":"plant2","event":"start","step":"cat-1","bin":"node","args":["/Volumes/EOS_DIGITAL/KiriPedia/botnet/workers/cataloger-editor.mjs","--worker","cataloger-1","--batch","1"]}
{"ts":"2026-06-24T02:36:40.457Z","lane":"plant2","event":"done","step":"cat-1","code":0,"ms":76}
{"ts":"2026-06-24T02:36:40.457Z","lane":"plant2","event":"start","step":"cat-2","bin":"node","args":["/Volumes/EOS_DIGITAL/KiriPedia/botnet/workers/cataloger-editor.mjs","--worker","cataloger-2","--batch","1"]}
{"ts":"2026-06-24T02:36:40.531Z","lane":"plant2","event":"done","step":"cat-2","code":0,"ms":72}
{"ts":"2026-06-24T02:36:42.392Z","lane":"plant","event":"start","step":"scribe-1","bin":"node","args":["/Volumes/EOS_DIGITAL/KiriPedia/botnet/workers/scribe.mjs","--worker","scribe-1","--batch","1"]}
{"ts":"2026-06-24T02:36:42.472Z","lane":"plant","event":"done","step":"scribe-1","code":0,"ms":79}
{"ts":"2026-06-24T02:36:42.473Z","lane":"plant","event":"start","step":"scribe-2","bin":"node","args":["/Volumes/EOS_DIGITAL/KiriPedia/botnet/workers/scribe.mjs","--worker","scribe-2","--batch","1"]}
{"ts":"2026-06-24T02:36:42.554Z","lane":"plant","event":"done","step":"scribe-2","code":0,"ms":80}
{"ts":"2026-06-24T02:36:42.555Z","lane":"plant","event":"start","step":"scribe-3","bin":"node","args":["/Volumes/EOS_DIGITAL/KiriPedia/botnet/workers/scribe.mjs","--worker","scribe-3","--batch","1"]}
{"ts":"2026-06-24T02:36:42.631Z","lane":"plant","event":"done","step":"scribe-3","code":0,"ms":73}
{"ts":"2026-06-24T02:36:52.561Z","lane":"plant","event":"start","step":"scribe-1","bin":"node","args":["/Volumes/EOS_DIGITAL/KiriPedia/botnet/workers/scribe.mjs","--worker","scribe-1","--batch","1"]}
{"ts":"2026-06-24T02:36:52.647Z","lane":"plant","event":"done","step":"scribe-1","code":0,"ms":84}
{"ts":"2026-06-24T02:36:52.647Z","lane":"plant","event":"start","step":"scribe-2","bin":"node","args":["/Volumes/EOS_DIGITAL/KiriPedia/botnet/workers/scribe.mjs","--worker","scribe-2","--batch","1"]}
{"ts":"2026-06-24T02:36:52.722Z","lane":"plant","event":"done","step":"scribe-2","code":0,"ms":73}
{"ts":"2026-06-24T02:36:52.723Z","lane":"plant","event":"start","step":"scribe-3","bin":"node","args":["/Volumes/EOS_DIGITAL/KiriPedia/botnet/workers/scribe.mjs","--worker","scribe-3","--batch","1"]}
{"ts":"2026-06-24T02:36:52.800Z","lane":"plant","event":"done","step":"scribe-3","code":0,"ms":76}
{"ts":"2026-06-24T02:36:55.086Z","lane":"plant","event":"start","step":"scribe-1","bin":"node","args":["/Volumes/EOS_DIGITAL/KiriPedia/botnet/workers/scribe.mjs","--worker","scribe-1","--batch","1"]}
{"ts":"2026-06-24T02:36:55.166Z","lane":"plant","event":"done","step":"scribe-1","code":0,"ms":78}
{"ts":"2026-06-24T02:36:55.166Z","lane":"plant","event":"start","step":"scribe-2","bin":"node","args":["/Volumes/EOS_DIGITAL/KiriPedia/botnet/workers/scribe.mjs","--worker","scribe-2","--batch","1"]}
{"ts":"2026-06-24T02:36:55.241Z","lane":"plant","event":"done","step":"scribe-2","code":0,"ms":74}
{"ts":"2026-06-24T02:36:55.242Z","lane":"plant","event":"start","step":"scribe-3","bin":"node","args":["/Volumes/EOS_DIGITAL/KiriPedia/botnet/workers/scribe.mjs","--worker","scribe-3","--batch","1"]}
{"ts":"2026-06-24T02:36:55.321Z","lane":"plant","event":"done","step":"scribe-3","code":0,"ms":78}
{"ts":"2026-06-24T02:36:56.996Z","lane":"catch-import","event":"start","step":null,"bin":"node","args":["/Volumes/EOS_DIGITAL/KiriPedia/botnet/workers/catch-importer.mjs","--auto-trust"]}
{"ts":"2026-06-24T02:36:57.075Z","lane":"catch-import","event":"done","step":null,"code":0,"ms":78}
{"ts":"2026-06-24T02:36:57.249Z","lane":"plant2","event":"start","step":"cat-1","bin":"node","args":["/Volumes/EOS_DIGITAL/KiriPedia/botnet/workers/cataloger-editor.mjs","--worker","cataloger-1","--batch","1"]}
{"ts":"2026-06-24T02:36:57.325Z","lane":"plant2","event":"done","step":"cat-1","code":0,"ms":76}
{"ts":"2026-06-24T02:36:57.325Z","lane":"plant2","event":"start","step":"cat-2","bin":"node","args":["/Volumes/EOS_DIGITAL/KiriPedia/botnet/workers/cataloger-editor.mjs","--worker","cataloger-2","--batch","1"]}
{"ts":"2026-06-24T02:36:57.400Z","lane":"plant2","event":"done","step":"cat-2","code":0,"ms":73}
{"ts":"2026-06-24T02:36:58.523Z","lane":"reviewer","event":"start","step":null,"bin":"node","args":["/Volumes/EOS_DIGITAL/KiriPedia/botnet/workers/reviewer.mjs"]}
{"ts":"2026-06-24T02:36:58.601Z","lane":"reviewer","event":"done","step":null,"code":0,"ms":78}
{"ts":"2026-06-24T02:36:59.620Z","lane":"snapshot","event":"start","step":null,"bin":"node","args":["/Volumes/EOS_DIGITAL/KiriPedia/botnet/lib/snapshot-writer.mjs"]}
{"ts":"2026-06-24T02:36:59.631Z","lane":"office","event":"start","step":null,"bin":"node","args":["/Volumes/EOS_DIGITAL/KiriPedia/botnet/workers/office-manager.mjs"]}
{"ts":"2026-06-24T02:36:59.701Z","lane":"plant","event":"start","step":"scribe-1","bin":"node","args":["/Volumes/EOS_DIGITAL/KiriPedia/botnet/workers/scribe.mjs","--worker","scribe-1","--batch","1"]}
{"ts":"2026-06-24T02:36:59.716Z","lane":"snapshot","event":"done","step":null,"code":0,"ms":96}
{"ts":"2026-06-24T02:36:59.779Z","lane":"plant","event":"done","step":"scribe-1","code":0,"ms":78}
{"ts":"2026-06-24T02:36:59.779Z","lane":"plant","event":"start","step":"scribe-2","bin":"node","args":["/Volumes/EOS_DIGITAL/KiriPedia/botnet/workers/scribe.mjs","--worker","scribe-2","--batch","1"]}
{"ts":"2026-06-24T02:36:59.854Z","lane":"plant","event":"done","step":"scribe-2","code":0,"ms":73}
{"ts":"2026-06-24T02:36:59.854Z","lane":"plant","event":"start","step":"scribe-3","bin":"node","args":["/Volumes/EOS_DIGITAL/KiriPedia/botnet/workers/scribe.mjs","--worker","scribe-3","--batch","1"]}
{"ts":"2026-06-24T02:36:59.931Z","lane":"plant","event":"done","step":"scribe-3","code":0,"ms":75}
{"ts":"2026-06-24T02:37:02.222Z","lane":"office","event":"done","step":null,"code":0,"ms":2591}
{"ts":"2026-06-24T02:37:02.227Z","lane":"plant2","event":"start","step":"cat-1","bin":"node","args":["/Volumes/EOS_DIGITAL/KiriPedia/botnet/workers/cataloger-editor.mjs","--worker","cataloger-1","--batch","1"]}
{"ts":"2026-06-24T02:37:02.299Z","lane":"plant2","event":"done","step":"cat-1","code":0,"ms":72}
{"ts":"2026-06-24T02:37:02.299Z","lane":"plant2","event":"start","step":"cat-2","bin":"node","args":["/Volumes/EOS_DIGITAL/KiriPedia/botnet/workers/cataloger-editor.mjs","--worker","cataloger-2","--batch","1"]}
{"ts":"2026-06-24T02:37:02.375Z","lane":"plant2","event":"done","step":"cat-2","code":0,"ms":72}
{"ts":"2026-06-24T02:37:10.208Z","lane":"coord","event":"start","step":null,"bin":"node","args":["/Volumes/EOS_DIGITAL/KiriPedia/botnet/workers/coordinator.mjs"]}
{"ts":"2026-06-24T02:37:10.383Z","lane":"coord","event":"done","step":null,"code":2,"ms":175,"stderr":"[coordinator] scaffolder failed for 2025-09-11-wisenuts-cia-whistleblower-john-kiriakou-exposes-truths-about-911-jfk: ✗ whistleblower-protection-law (enrich): enrich target not found: whistleblower-protection-law\n\n"}
{"ts":"2026-06-24T02:37:10.385Z","lane":"coord","event":"backoff","ms":480000}
{"ts":"2026-06-24T02:37:12.306Z","lane":"triage","event":"start","step":null,"bin":"node","args":["/Volumes/EOS_DIGITAL/KiriPedia/botnet/workers/npp.mjs"]}
{"ts":"2026-06-24T02:37:13.843Z","lane":"triage","event":"done","step":null,"code":0,"ms":1535}
{"ts":"2026-06-24T02:37:19.784Z","lane":"coord","event":"start","step":null,"bin":"node","args":["/Volumes/EOS_DIGITAL/KiriPedia/botnet/workers/coordinator.mjs","--push"]}
{"ts":"2026-06-24T02:37:20.001Z","lane":"coord","event":"done","step":null,"code":2,"ms":216,"stderr":"[coordinator] scaffolder failed for 2025-09-11-wisenuts-cia-whistleblower-john-kiriakou-exposes-truths-about-911-jfk: ✗ whistleblower-protection-law (enrich): enrich target not found: whistleblower-protection-law\n\n"}
{"ts":"2026-06-24T02:37:20.124Z","lane":"coord","event":"backoff","ms":480000}
{"ts":"2026-06-24T02:37:24.378Z","lane":"mining","event":"start","step":"deepener","bin":"node","args":["/Volumes/EOS_DIGITAL/KiriPedia/botnet/workers/deepener.mjs","--batch","5"]}
{"ts":"2026-06-24T02:37:52.657Z","lane":"plant","event":"start","step":"scribe-1","bin":"node","args":["/Volumes/EOS_DIGITAL/KiriPedia/botnet/workers/scribe.mjs","--worker","scribe-1","--batch","1"]}
{"ts":"2026-06-24T02:37:52.767Z","lane":"plant","event":"done","step":"scribe-1","code":0,"ms":109}
{"ts":"2026-06-24T02:37:52.767Z","lane":"plant","event":"start","step":"scribe-2","bin":"node","args":["/Volumes/EOS_DIGITAL/KiriPedia/botnet/workers/scribe.mjs","--worker","scribe-2","--batch","1"]}
{"ts":"2026-06-24T02:37:52.847Z","lane":"plant","event":"done","step":"scribe-2","code":0,"ms":78}
{"ts":"2026-06-24T02:37:52.848Z","lane":"plant","event":"start","step":"scribe-3","bin":"node","args":["/Volumes/EOS_DIGITAL/KiriPedia/botnet/workers/scribe.mjs","--worker","scribe-3","--batch","1"]}
{"ts":"2026-06-24T02:37:52.928Z","lane":"plant","event":"done","step":"scribe-3","code":0,"ms":79}
{"ts":"2026-06-24T02:37:53.742Z","lane":"coord","event":"start","step":null,"bin":"node","args":["/Volumes/EOS_DIGITAL/KiriPedia/botnet/workers/coordinator.mjs"]}
{"ts":"2026-06-24T02:37:53.923Z","lane":"coord","event":"done","step":null,"code":2,"ms":180,"stderr":"[coordinator] scaffolder failed for 2025-09-11-wisenuts-cia-whistleblower-john-kiriakou-exposes-truths-about-911-jfk: ✗ whistleblower-protection-law (enrich): enrich target not found: whistleblower-protection-law\n\n"}
{"ts":"2026-06-24T02:37:53.923Z","lane":"coord","event":"backoff","ms":240000}
{"ts":"2026-06-24T02:38:01.492Z","lane":"plant","event":"start","step":"scribe-1","bin":"node","args":["/Volumes/EOS_DIGITAL/KiriPedia/botnet/workers/scribe.mjs","--worker","scribe-1","--batch","1"]}
{"ts":"2026-06-24T02:38:01.568Z","lane":"plant","event":"done","step":"scribe-1","code":0,"ms":75}
{"ts":"2026-06-24T02:38:01.568Z","lane":"plant","event":"start","step":"scribe-2","bin":"node","args":["/Volumes/EOS_DIGITAL/KiriPedia/botnet/workers/scribe.mjs","--worker","scribe-2","--batch","1"]}
{"ts":"2026-06-24T02:38:01.647Z","lane":"plant","event":"done","step":"scribe-2","code":0,"ms":78}
{"ts":"2026-06-24T02:38:01.647Z","lane":"plant","event":"start","step":"scribe-3","bin":"node","args":["/Volumes/EOS_DIGITAL/KiriPedia/botnet/workers/scribe.mjs","--worker","scribe-3","--batch","1"]}
{"ts":"2026-06-24T02:38:01.721Z","lane":"plant","event":"done","step":"scribe-3","code":0,"ms":73}
{"ts":"2026-06-24T02:38:02.012Z","lane":"plant2","event":"start","step":"cat-1","bin":"node","args":["/Volumes/EOS_DIGITAL/KiriPedia/botnet/workers/cataloger-editor.mjs","--worker","cataloger-1","--batch","1"]}
{"ts":"2026-06-24T02:38:02.089Z","lane":"plant2","event":"done","step":"cat-1","code":0,"ms":76}
{"ts":"2026-06-24T02:38:02.090Z","lane":"plant2","event":"start","step":"cat-2","bin":"node","args":["/Volumes/EOS_DIGITAL/KiriPedia/botnet/workers/cataloger-editor.mjs","--worker","cataloger-2","--batch","1"]}
{"ts":"2026-06-24T02:38:02.166Z","lane":"plant2","event":"done","step":"cat-2","code":0,"ms":73}
{"ts":"2026-06-24T02:38:16.522Z","lane":"mining","event":"done","step":"deepener","code":0,"ms":52143}
{"ts":"2026-06-24T02:38:16.522Z","lane":"mining","event":"start","step":"enricher","bin":"node","args":["/Volumes/EOS_DIGITAL/KiriPedia/botnet/workers/enricher.mjs","--batch","5"]}
{"ts":"2026-06-24T02:38:16.941Z","lane":"plant","event":"start","step":"scribe-1","bin":"node","args":["/Volumes/EOS_DIGITAL/KiriPedia/botnet/workers/scribe.mjs","--worker","scribe-1","--batch","1"]}
{"ts":"2026-06-24T02:38:17.017Z","lane":"plant","event":"done","step":"scribe-1","code":0,"ms":76}
{"ts":"2026-06-24T02:38:17.017Z","lane":"plant","event":"start","step":"scribe-2","bin":"node","args":["/Volumes/EOS_DIGITAL/KiriPedia/botnet/workers/scribe.mjs","--worker","scribe-2","--batch","1"]}
{"ts":"2026-06-24T02:38:17.097Z","lane":"plant","event":"done","step":"scribe-2","code":0,"ms":78}
{"ts":"2026-06-24T02:38:17.097Z","lane":"plant","event":"start","step":"scribe-3","bin":"node","args":["/Volumes/EOS_DIGITAL/KiriPedia/botnet/workers/scribe.mjs","--worker","scribe-3","--batch","1"]}
{"ts":"2026-06-24T02:38:17.177Z","lane":"plant","event":"done","step":"scribe-3","code":0,"ms":75}
{"ts":"2026-06-24T02:38:22.782Z","lane":"plant2","event":"start","step":"cat-1","bin":"node","args":["/Volumes/EOS_DIGITAL/KiriPedia/botnet/workers/cataloger-editor.mjs","--worker","cataloger-1","--batch","1"]}
{"ts":"2026-06-24T02:38:22.867Z","lane":"plant2","event":"done","step":"cat-1","code":0,"ms":82}
{"ts":"2026-06-24T02:38:22.867Z","lane":"plant2","event":"start","step":"cat-2","bin":"node","args":["/Volumes/EOS_DIGITAL/KiriPedia/botnet/workers/cataloger-editor.mjs","--worker","cataloger-2","--batch","1"]}
{"ts":"2026-06-24T02:38:22.943Z","lane":"plant2","event":"done","step":"cat-2","code":0,"ms":75}
{"ts":"2026-06-24T02:38:25.001Z","lane":"catch-import","event":"start","step":null,"bin":"node","args":["/Volumes/EOS_DIGITAL/KiriPedia/botnet/workers/catch-importer.mjs","--auto-trust"]}
{"ts":"2026-06-24T02:38:25.081Z","lane":"catch-import","event":"done","step":null,"code":0,"ms":79}
{"ts":"2026-06-24T02:38:27.398Z","lane":"plant","event":"start","step":"scribe-1","bin":"node","args":["/Volumes/EOS_DIGITAL/KiriPedia/botnet/workers/scribe.mjs","--worker","scribe-1","--batch","1"]}
{"ts":"2026-06-24T02:38:27.508Z","lane":"plant","event":"done","step":"scribe-1","code":0,"ms":110}
{"ts":"2026-06-24T02:38:27.508Z","lane":"plant","event":"start","step":"scribe-2","bin":"node","args":["/Volumes/EOS_DIGITAL/KiriPedia/botnet/workers/scribe.mjs","--worker","scribe-2","--batch","1"]}
{"ts":"2026-06-24T02:38:27.594Z","lane":"plant","event":"done","step":"scribe-2","code":0,"ms":84}
{"ts":"2026-06-24T02:38:27.595Z","lane":"plant","event":"start","step":"scribe-3","bin":"node","args":["/Volumes/EOS_DIGITAL/KiriPedia/botnet/workers/scribe.mjs","--worker","scribe-3","--batch","1"]}
{"ts":"2026-06-24T02:38:27.774Z","lane":"plant","event":"done","step":"scribe-3","code":0,"ms":177}
{"ts":"2026-06-24T02:38:30.233Z","lane":"plant","event":"start","step":"scribe-1","bin":"node","args":["/Volumes/EOS_DIGITAL/KiriPedia/botnet/workers/scribe.mjs","--worker","scribe-1","--batch","1"]}
{"ts":"2026-06-24T02:38:30.312Z","lane":"plant","event":"done","step":"scribe-1","code":0,"ms":77}
{"ts":"2026-06-24T02:38:30.312Z","lane":"plant","event":"start","step":"scribe-2","bin":"node","args":["/Volumes/EOS_DIGITAL/KiriPedia/botnet/workers/scribe.mjs","--worker","scribe-2","--batch","1"]}
{"ts":"2026-06-24T02:38:30.392Z","lane":"plant","event":"done","step":"scribe-2","code":0,"ms":78}
{"ts":"2026-06-24T02:38:30.392Z","lane":"plant","event":"start","step":"scribe-3","bin":"node","args":["/Volumes/EOS_DIGITAL/KiriPedia/botnet/workers/scribe.mjs","--worker","scribe-3","--batch","1"]}
{"ts":"2026-06-24T02:38:30.474Z","lane":"plant","event":"done","step":"scribe-3","code":0,"ms":79}
{"ts":"2026-06-24T02:38:30.478Z","lane":"trawler","event":"done","step":null,"code":-1,"ms":1199993,"stderr":"[trawler:youtube] Run 1/4 for 2026-06-24.\n"}
{"ts":"2026-06-24T02:38:30.478Z","lane":"trawler","event":"backoff","ms":30000}
{"ts":"2026-06-24T02:38:31.268Z","lane":"snapshot","event":"start","step":null,"bin":"node","args":["/Volumes/EOS_DIGITAL/KiriPedia/botnet/lib/snapshot-writer.mjs"]}
{"ts":"2026-06-24T02:38:31.345Z","lane":"snapshot","event":"done","step":null,"code":0,"ms":76}
{"ts":"2026-06-24T02:38:39.485Z","lane":"plant2","event":"start","step":"cat-1","bin":"node","args":["/Volumes/EOS_DIGITAL/KiriPedia/botnet/workers/cataloger-editor.mjs","--worker","cataloger-1","--batch","1"]}
{"ts":"2026-06-24T02:38:39.569Z","lane":"plant2","event":"done","step":"cat-1","code":0,"ms":83}
{"ts":"2026-06-24T02:38:39.569Z","lane":"plant2","event":"start","step":"cat-2","bin":"node","args":["/Volumes/EOS_DIGITAL/KiriPedia/botnet/workers/cataloger-editor.mjs","--worker","cataloger-2","--batch","1"]}
{"ts":"2026-06-24T02:38:39.646Z","lane":"plant2","event":"done","step":"cat-2","code":0,"ms":75}
{"ts":"2026-06-24T02:38:39.683Z","lane":"reviewer","event":"start","step":null,"bin":"node","args":["/Volumes/EOS_DIGITAL/KiriPedia/botnet/workers/reviewer.mjs"]}
{"ts":"2026-06-24T02:38:39.764Z","lane":"reviewer","event":"done","step":null,"code":0,"ms":81}
{"ts":"2026-06-24T02:38:41.686Z","lane":"mining","event":"done","step":"enricher","code":0,"ms":25162}
{"ts":"2026-06-24T02:38:41.686Z","lane":"mining","event":"start","step":"weaver","bin":"node","args":["/Volumes/EOS_DIGITAL/KiriPedia/botnet/workers/weaver.mjs","--batch","5"]}
{"ts":"2026-06-24T02:38:46.648Z","lane":"plant2","event":"start","step":"cat-1","bin":"node","args":["/Volumes/EOS_DIGITAL/KiriPedia/botnet/workers/cataloger-editor.mjs","--worker","cataloger-1","--batch","1"]}
{"ts":"2026-06-24T02:38:46.733Z","lane":"plant2","event":"done","step":"cat-1","code":0,"ms":84}
{"ts":"2026-06-24T02:38:46.733Z","lane":"plant2","event":"start","step":"cat-2","bin":"node","args":["/Volumes/EOS_DIGITAL/KiriPedia/botnet/workers/cataloger-editor.mjs","--worker","cataloger-2","--batch","1"]}
{"ts":"2026-06-24T02:38:46.808Z","lane":"plant2","event":"done","step":"cat-2","code":0,"ms":73}
{"ts":"2026-06-24T02:38:47.080Z","lane":"triage","event":"start","step":null,"bin":"node","args":["/Volumes/EOS_DIGITAL/KiriPedia/botnet/workers/npp.mjs"]}
{"ts":"2026-06-24T02:38:47.158Z","lane":"triage","event":"done","step":null,"code":0,"ms":77}
{"ts":"2026-06-24T02:39:00.483Z","lane":"trawler","event":"start","step":null,"bin":"node","args":["/Volumes/EOS_DIGITAL/KiriPedia/fleet/trawlers/youtube.mjs"]}
{"ts":"2026-06-24T02:39:05.229Z","lane":"plant2","event":"start","step":"cat-1","bin":"node","args":["/Volumes/EOS_DIGITAL/KiriPedia/botnet/workers/cataloger-editor.mjs","--worker","cataloger-1","--batch","1"]}
{"ts":"2026-06-24T02:39:05.366Z","lane":"plant2","event":"done","step":"cat-1","code":0,"ms":113}
{"ts":"2026-06-24T02:39:05.366Z","lane":"plant2","event":"start","step":"cat-2","bin":"node","args":["/Volumes/EOS_DIGITAL/KiriPedia/botnet/workers/cataloger-editor.mjs","--worker","cataloger-2","--batch","1"]}
{"ts":"2026-06-24T02:39:05.445Z","lane":"plant2","event":"done","step":"cat-2","code":0,"ms":78}
{"ts":"2026-06-24T02:39:13.377Z","lane":"mining","event":"done","step":"weaver","code":0,"ms":31689}
{"ts":"2026-06-24T02:39:25.007Z","lane":"plant","event":"start","step":"scribe-1","bin":"node","args":["/Volumes/EOS_DIGITAL/KiriPedia/botnet/workers/scribe.mjs","--worker","scribe-1","--batch","1"]}
{"ts":"2026-06-24T02:39:25.111Z","lane":"plant","event":"done","step":"scribe-1","code":0,"ms":103}
{"ts":"2026-06-24T02:39:25.111Z","lane":"plant","event":"start","step":"scribe-2","bin":"node","args":["/Volumes/EOS_DIGITAL/KiriPedia/botnet/workers/scribe.mjs","--worker","scribe-2","--batch","1"]}
{"ts":"2026-06-24T02:39:25.187Z","lane":"plant","event":"done","step":"scribe-2","code":0,"ms":75}
{"ts":"2026-06-24T02:39:25.187Z","lane":"plant","event":"start","step":"scribe-3","bin":"node","args":["/Volumes/EOS_DIGITAL/KiriPedia/botnet/workers/scribe.mjs","--worker","scribe-3","--batch","1"]}
{"ts":"2026-06-24T02:39:25.263Z","lane":"plant","event":"done","step":"scribe-3","code":0,"ms":74}
{"ts":"2026-06-24T02:39:27.023Z","lane":"office","event":"start","step":null,"bin":"node","args":["/Volumes/EOS_DIGITAL/KiriPedia/botnet/workers/office-manager.mjs"]}
{"ts":"2026-06-24T02:39:28.149Z","lane":"plant","event":"start","step":"scribe-1","bin":"node","args":["/Volumes/EOS_DIGITAL/KiriPedia/botnet/workers/scribe.mjs","--worker","scribe-1","--batch","1"]}
{"ts":"2026-06-24T02:39:28.225Z","lane":"plant","event":"done","step":"scribe-1","code":0,"ms":75}
{"ts":"2026-06-24T02:39:28.226Z","lane":"plant","event":"start","step":"scribe-2","bin":"node","args":["/Volumes/EOS_DIGITAL/KiriPedia/botnet/workers/scribe.mjs","--worker","scribe-2","--batch","1"]}
{"ts":"2026-06-24T02:39:28.302Z","lane":"plant","event":"done","step":"scribe-2","code":0,"ms":75}
{"ts":"2026-06-24T02:39:28.302Z","lane":"plant","event":"start","step":"scribe-3","bin":"node","args":["/Volumes/EOS_DIGITAL/KiriPedia/botnet/workers/scribe.mjs","--worker","scribe-3","--batch","1"]}
{"ts":"2026-06-24T02:39:28.378Z","lane":"plant","event":"done","step":"scribe-3","code":0,"ms":74}
{"ts":"2026-06-24T02:39:30.226Z","lane":"office","event":"done","step":null,"code":0,"ms":3203}
{"ts":"2026-06-24T02:39:30.437Z","lane":"coord","event":"start","step":null,"bin":"node","args":["/Volumes/EOS_DIGITAL/KiriPedia/botnet/workers/coordinator.mjs","--push"]}
{"ts":"2026-06-24T02:39:30.609Z","lane":"coord","event":"done","step":null,"code":2,"ms":171,"stderr":"[coordinator] scaffolder failed for 2025-09-11-wisenuts-cia-whistleblower-john-kiriakou-exposes-truths-about-911-jfk: ✗ whistleblower-protection-law (enrich): enrich target not found: whistleblower-protection-law\n\n"}
{"ts":"2026-06-24T02:39:30.610Z","lane":"coord","event":"backoff","ms":480000}
{"ts":"2026-06-24T02:39:47.628Z","lane":"snapshot","event":"start","step":null,"bin":"node","args":["/Volumes/EOS_DIGITAL/KiriPedia/botnet/lib/snapshot-writer.mjs"]}
{"ts":"2026-06-24T02:39:47.730Z","lane":"snapshot","event":"done","step":null,"code":0,"ms":100}
{"ts":"2026-06-24T02:39:49.023Z","lane":"triage","event":"start","step":null,"bin":"node","args":["/Volumes/EOS_DIGITAL/KiriPedia/botnet/workers/npp.mjs"]}
{"ts":"2026-06-24T02:39:49.104Z","lane":"triage","event":"done","step":null,"code":0,"ms":81}
{"ts":"2026-06-24T02:39:51.985Z","lane":"catch-import","event":"start","step":null,"bin":"node","args":["/Volumes/EOS_DIGITAL/KiriPedia/botnet/workers/catch-importer.mjs","--auto-trust"]}
{"ts":"2026-06-24T02:39:52.130Z","lane":"catch-import","event":"done","step":null,"code":0,"ms":144}
{"ts":"2026-06-24T02:39:53.096Z","lane":"reviewer","event":"start","step":null,"bin":"node","args":["/Volumes/EOS_DIGITAL/KiriPedia/botnet/workers/reviewer.mjs"]}
{"ts":"2026-06-24T02:39:53.179Z","lane":"reviewer","event":"done","step":null,"code":0,"ms":82}
{"ts":"2026-06-24T02:39:56.810Z","lane":"plant","event":"start","step":"scribe-1","bin":"node","args":["/Volumes/EOS_DIGITAL/KiriPedia/botnet/workers/scribe.mjs","--worker","scribe-1","--batch","1"]}
{"ts":"2026-06-24T02:39:56.890Z","lane":"plant","event":"done","step":"scribe-1","code":0,"ms":79}
{"ts":"2026-06-24T02:39:56.890Z","lane":"plant","event":"start","step":"scribe-2","bin":"node","args":["/Volumes/EOS_DIGITAL/KiriPedia/botnet/workers/scribe.mjs","--worker","scribe-2","--batch","1"]}
{"ts":"2026-06-24T02:39:56.965Z","lane":"plant","event":"done","step":"scribe-2","code":0,"ms":74}
{"ts":"2026-06-24T02:39:56.965Z","lane":"plant","event":"start","step":"scribe-3","bin":"node","args":["/Volumes/EOS_DIGITAL/KiriPedia/botnet/workers/scribe.mjs","--worker","scribe-3","--batch","1"]}
{"ts":"2026-06-24T02:39:57.013Z","lane":"plant","event":"start","step":"scribe-1","bin":"node","args":["/Volumes/EOS_DIGITAL/KiriPedia/botnet/workers/scribe.mjs","--worker","scribe-1","--batch","1"]}
{"ts":"2026-06-24T02:39:57.043Z","lane":"plant","event":"done","step":"scribe-3","code":0,"ms":76}
{"ts":"2026-06-24T02:39:57.090Z","lane":"plant","event":"done","step":"scribe-1","code":0,"ms":77}
{"ts":"2026-06-24T02:39:57.090Z","lane":"plant","event":"start","step":"scribe-2","bin":"node","args":["/Volumes/EOS_DIGITAL/KiriPedia/botnet/workers/scribe.mjs","--worker","scribe-2","--batch","1"]}
{"ts":"2026-06-24T02:39:57.168Z","lane":"plant","event":"done","step":"scribe-2","code":0,"ms":74}
{"ts":"2026-06-24T02:39:57.168Z","lane":"plant","event":"start","step":"scribe-3","bin":"node","args":["/Volumes/EOS_DIGITAL/KiriPedia/botnet/workers/scribe.mjs","--worker","scribe-3","--batch","1"]}
{"ts":"2026-06-24T02:39:57.245Z","lane":"plant","event":"done","step":"scribe-3","code":0,"ms":75}
{"ts":"2026-06-24T02:40:00.089Z","lane":"plant","event":"start","step":"scribe-1","bin":"node","args":["/Volumes/EOS_DIGITAL/KiriPedia/botnet/workers/scribe.mjs","--worker","scribe-1","--batch","1"]}
{"ts":"2026-06-24T02:40:00.166Z","lane":"plant","event":"done","step":"scribe-1","code":0,"ms":76}
{"ts":"2026-06-24T02:40:00.167Z","lane":"plant","event":"start","step":"scribe-2","bin":"node","args":["/Volumes/EOS_DIGITAL/KiriPedia/botnet/workers/scribe.mjs","--worker","scribe-2","--batch","1"]}
{"ts":"2026-06-24T02:40:00.243Z","lane":"plant","event":"done","step":"scribe-2","code":0,"ms":75}
{"ts":"2026-06-24T02:40:00.243Z","lane":"plant","event":"start","step":"scribe-3","bin":"node","args":["/Volumes/EOS_DIGITAL/KiriPedia/botnet/workers/scribe.mjs","--worker","scribe-3","--batch","1"]}
{"ts":"2026-06-24T02:40:00.325Z","lane":"plant","event":"done","step":"scribe-3","code":0,"ms":78}
{"ts":"2026-06-24T02:40:06.796Z","lane":"plant2","event":"start","step":"cat-1","bin":"node","args":["/Volumes/EOS_DIGITAL/KiriPedia/botnet/workers/cataloger-editor.mjs","--worker","cataloger-1","--batch","1"]}
{"ts":"2026-06-24T02:40:06.875Z","lane":"plant2","event":"done","step":"cat-1","code":0,"ms":79}
{"ts":"2026-06-24T02:40:06.875Z","lane":"plant2","event":"start","step":"cat-2","bin":"node","args":["/Volumes/EOS_DIGITAL/KiriPedia/botnet/workers/cataloger-editor.mjs","--worker","cataloger-2","--batch","1"]}
{"ts":"2026-06-24T02:40:06.949Z","lane":"plant2","event":"done","step":"cat-2","code":0,"ms":73}
{"ts":"2026-06-24T02:40:16.619Z","lane":"plant2","event":"start","step":"cat-1","bin":"node","args":["/Volumes/EOS_DIGITAL/KiriPedia/botnet/workers/cataloger-editor.mjs","--worker","cataloger-1","--batch","1"]}
{"ts":"2026-06-24T02:40:16.709Z","lane":"plant2","event":"done","step":"cat-1","code":0,"ms":88}
{"ts":"2026-06-24T02:40:16.710Z","lane":"plant2","event":"start","step":"cat-2","bin":"node","args":["/Volumes/EOS_DIGITAL/KiriPedia/botnet/workers/cataloger-editor.mjs","--worker","cataloger-2","--batch","1"]}
{"ts":"2026-06-24T02:40:16.785Z","lane":"plant2","event":"done","step":"cat-2","code":0,"ms":74}
{"ts":"2026-06-24T02:40:22.111Z","lane":"plant2","event":"start","step":"cat-1","bin":"node","args":["/Volumes/EOS_DIGITAL/KiriPedia/botnet/workers/cataloger-editor.mjs","--worker","cataloger-1","--batch","1"]}
{"ts":"2026-06-24T02:40:22.191Z","lane":"plant2","event":"done","step":"cat-1","code":0,"ms":79}
{"ts":"2026-06-24T02:40:22.191Z","lane":"plant2","event":"start","step":"cat-2","bin":"node","args":["/Volumes/EOS_DIGITAL/KiriPedia/botnet/workers/cataloger-editor.mjs","--worker","cataloger-2","--batch","1"]}
{"ts":"2026-06-24T02:40:22.266Z","lane":"plant2","event":"done","step":"cat-2","code":0,"ms":73}
{"ts":"2026-06-24T02:40:32.992Z","lane":"snapshot","event":"start","step":null,"bin":"node","args":["/Volumes/EOS_DIGITAL/KiriPedia/botnet/lib/snapshot-writer.mjs"]}
{"ts":"2026-06-24T02:40:33.078Z","lane":"snapshot","event":"done","step":null,"code":0,"ms":85}
{"ts":"2026-06-24T02:40:43.833Z","lane":"plant","event":"start","step":"scribe-1","bin":"node","args":["/Volumes/EOS_DIGITAL/KiriPedia/botnet/workers/scribe.mjs","--worker","scribe-1","--batch","1"]}
{"ts":"2026-06-24T02:40:43.922Z","lane":"plant","event":"done","step":"scribe-1","code":0,"ms":88}
{"ts":"2026-06-24T02:40:43.922Z","lane":"plant","event":"start","step":"scribe-2","bin":"node","args":["/Volumes/EOS_DIGITAL/KiriPedia/botnet/workers/scribe.mjs","--worker","scribe-2","--batch","1"]}
{"ts":"2026-06-24T02:40:44.003Z","lane":"plant","event":"done","step":"scribe-2","code":0,"ms":79}
{"ts":"2026-06-24T02:40:44.004Z","lane":"plant","event":"start","step":"scribe-3","bin":"node","args":["/Volumes/EOS_DIGITAL/KiriPedia/botnet/workers/scribe.mjs","--worker","scribe-3","--batch","1"]}
{"ts":"2026-06-24T02:40:44.083Z","lane":"plant","event":"done","step":"scribe-3","code":0,"ms":78}
{"ts":"2026-06-24T02:40:45.746Z","lane":"plant2","event":"start","step":"cat-1","bin":"node","args":["/Volumes/EOS_DIGITAL/KiriPedia/botnet/workers/cataloger-editor.mjs","--worker","cataloger-1","--batch","1"]}
{"ts":"2026-06-24T02:40:45.829Z","lane":"plant2","event":"done","step":"cat-1","code":0,"ms":82}
{"ts":"2026-06-24T02:40:45.829Z","lane":"plant2","event":"start","step":"cat-2","bin":"node","args":["/Volumes/EOS_DIGITAL/KiriPedia/botnet/workers/cataloger-editor.mjs","--worker","cataloger-2","--batch","1"]}
{"ts":"2026-06-24T02:40:45.904Z","lane":"plant2","event":"done","step":"cat-2","code":0,"ms":74}
{"ts":"2026-06-24T02:40:55.816Z","lane":"plant","event":"start","step":"scribe-1","bin":"node","args":["/Volumes/EOS_DIGITAL/KiriPedia/botnet/workers/scribe.mjs","--worker","scribe-1","--batch","1"]}
{"ts":"2026-06-24T02:40:55.935Z","lane":"plant","event":"done","step":"scribe-1","code":0,"ms":119}
{"ts":"2026-06-24T02:40:55.936Z","lane":"plant","event":"start","step":"scribe-2","bin":"node","args":["/Volumes/EOS_DIGITAL/KiriPedia/botnet/workers/scribe.mjs","--worker","scribe-2","--batch","1"]}
{"ts":"2026-06-24T02:40:56.023Z","lane":"plant","event":"done","step":"scribe-2","code":0,"ms":86}
{"ts":"2026-06-24T02:40:56.023Z","lane":"plant","event":"start","step":"scribe-3","bin":"node","args":["/Volumes/EOS_DIGITAL/KiriPedia/botnet/workers/scribe.mjs","--worker","scribe-3","--batch","1"]}
{"ts":"2026-06-24T02:40:56.102Z","lane":"plant","event":"done","step":"scribe-3","code":0,"ms":78}
{"ts":"2026-06-24T02:41:06.114Z","lane":"plant2","event":"start","step":"cat-1","bin":"node","args":["/Volumes/EOS_DIGITAL/KiriPedia/botnet/workers/cataloger-editor.mjs","--worker","cataloger-1","--batch","1"]}
{"ts":"2026-06-24T02:41:06.228Z","lane":"plant2","event":"done","step":"cat-1","code":0,"ms":112}
{"ts":"2026-06-24T02:41:06.228Z","lane":"plant2","event":"start","step":"cat-2","bin":"node","args":["/Volumes/EOS_DIGITAL/KiriPedia/botnet/workers/cataloger-editor.mjs","--worker","cataloger-2","--batch","1"]}
{"ts":"2026-06-24T02:41:06.306Z","lane":"plant2","event":"done","step":"cat-2","code":0,"ms":77}
{"ts":"2026-06-24T02:41:14.165Z","lane":"reviewer","event":"start","step":null,"bin":"node","args":["/Volumes/EOS_DIGITAL/KiriPedia/botnet/workers/reviewer.mjs"]}
{"ts":"2026-06-24T02:41:14.256Z","lane":"reviewer","event":"done","step":null,"code":0,"ms":88}
{"ts":"2026-06-24T02:41:31.682Z","lane":"catch-import","event":"start","step":null,"bin":"node","args":["/Volumes/EOS_DIGITAL/KiriPedia/botnet/workers/catch-importer.mjs","--auto-trust"]}
{"ts":"2026-06-24T02:41:31.760Z","lane":"catch-import","event":"done","step":null,"code":0,"ms":78}
{"ts":"2026-06-24T02:41:38.924Z","lane":"snapshot","event":"start","step":null,"bin":"node","args":["/Volumes/EOS_DIGITAL/KiriPedia/botnet/lib/snapshot-writer.mjs"]}
{"ts":"2026-06-24T02:41:39.009Z","lane":"snapshot","event":"done","step":null,"code":0,"ms":84}
{"ts":"2026-06-24T02:41:40.276Z","lane":"plant","event":"start","step":"scribe-1","bin":"node","args":["/Volumes/EOS_DIGITAL/KiriPedia/botnet/workers/scribe.mjs","--worker","scribe-1","--batch","1"]}
{"ts":"2026-06-24T02:41:40.353Z","lane":"plant","event":"done","step":"scribe-1","code":0,"ms":76}
{"ts":"2026-06-24T02:41:40.353Z","lane":"plant","event":"start","step":"scribe-2","bin":"node","args":["/Volumes/EOS_DIGITAL/KiriPedia/botnet/workers/scribe.mjs","--worker","scribe-2","--batch","1"]}
{"ts":"2026-06-24T02:41:40.435Z","lane":"plant","event":"done","step":"scribe-2","code":0,"ms":78}
{"ts":"2026-06-24T02:41:40.435Z","lane":"plant","event":"start","step":"scribe-3","bin":"node","args":["/Volumes/EOS_DIGITAL/KiriPedia/botnet/workers/scribe.mjs","--worker","scribe-3","--batch","1"]}
{"ts":"2026-06-24T02:41:40.513Z","lane":"plant","event":"done","step":"scribe-3","code":0,"ms":77}
{"ts":"2026-06-24T02:41:41.452Z","lane":"plant","event":"start","step":"scribe-1","bin":"node","args":["/Volumes/EOS_DIGITAL/KiriPedia/botnet/workers/scribe.mjs","--worker","scribe-1","--batch","1"]}
{"ts":"2026-06-24T02:41:41.532Z","lane":"plant","event":"done","step":"scribe-1","code":0,"ms":79}
{"ts":"2026-06-24T02:41:41.533Z","lane":"plant","event":"start","step":"scribe-2","bin":"node","args":["/Volumes/EOS_DIGITAL/KiriPedia/botnet/workers/scribe.mjs","--worker","scribe-2","--batch","1"]}
{"ts":"2026-06-24T02:41:41.608Z","lane":"plant","event":"done","step":"scribe-2","code":0,"ms":74}
{"ts":"2026-06-24T02:41:41.608Z","lane":"plant","event":"start","step":"scribe-3","bin":"node","args":["/Volumes/EOS_DIGITAL/KiriPedia/botnet/workers/scribe.mjs","--worker","scribe-3","--batch","1"]}
{"ts":"2026-06-24T02:41:41.684Z","lane":"plant","event":"done","step":"scribe-3","code":0,"ms":75}
{"ts":"2026-06-24T02:41:42.196Z","lane":"plant","event":"start","step":"scribe-1","bin":"node","args":["/Volumes/EOS_DIGITAL/KiriPedia/botnet/workers/scribe.mjs","--worker","scribe-1","--batch","1"]}
{"ts":"2026-06-24T02:41:42.277Z","lane":"plant","event":"done","step":"scribe-1","code":0,"ms":80}
{"ts":"2026-06-24T02:41:42.277Z","lane":"plant","event":"start","step":"scribe-2","bin":"node","args":["/Volumes/EOS_DIGITAL/KiriPedia/botnet/workers/scribe.mjs","--worker","scribe-2","--batch","1"]}
{"ts":"2026-06-24T02:41:42.353Z","lane":"plant","event":"done","step":"scribe-2","code":0,"ms":75}
{"ts":"2026-06-24T02:41:42.353Z","lane":"plant","event":"start","step":"scribe-3","bin":"node","args":["/Volumes/EOS_DIGITAL/KiriPedia/botnet/workers/scribe.mjs","--worker","scribe-3","--batch","1"]}
{"ts":"2026-06-24T02:41:42.430Z","lane":"plant","event":"done","step":"scribe-3","code":0,"ms":75}
{"ts":"2026-06-24T02:41:46.384Z","lane":"reviewer","event":"start","step":null,"bin":"node","args":["/Volumes/EOS_DIGITAL/KiriPedia/botnet/workers/reviewer.mjs"]}
{"ts":"2026-06-24T02:41:46.461Z","lane":"reviewer","event":"done","step":null,"code":0,"ms":76}
{"ts":"2026-06-24T02:41:47.025Z","lane":"reviewer","event":"start","step":null,"bin":"node","args":["/Volumes/EOS_DIGITAL/KiriPedia/botnet/workers/reviewer.mjs"]}
{"ts":"2026-06-24T02:41:47.098Z","lane":"reviewer","event":"done","step":null,"code":0,"ms":72}
{"ts":"2026-06-24T02:41:53.926Z","lane":"coord","event":"start","step":null,"bin":"node","args":["/Volumes/EOS_DIGITAL/KiriPedia/botnet/workers/coordinator.mjs"]}
{"ts":"2026-06-24T02:41:54.091Z","lane":"coord","event":"done","step":null,"code":2,"ms":164,"stderr":"[coordinator] scaffolder failed for 2025-09-11-wisenuts-cia-whistleblower-john-kiriakou-exposes-truths-about-911-jfk: ✗ whistleblower-protection-law (enrich): enrich target not found: whistleblower-protection-law\n\n"}
{"ts":"2026-06-24T02:41:54.091Z","lane":"coord","event":"backoff","ms":480000}
{"ts":"2026-06-24T02:41:58.540Z","lane":"plant2","event":"start","step":"cat-1","bin":"node","args":["/Volumes/EOS_DIGITAL/KiriPedia/botnet/workers/cataloger-editor.mjs","--worker","cataloger-1","--batch","1"]}
{"ts":"2026-06-24T02:41:58.637Z","lane":"plant2","event":"done","step":"cat-1","code":0,"ms":94}
{"ts":"2026-06-24T02:41:58.637Z","lane":"plant2","event":"start","step":"cat-2","bin":"node","args":["/Volumes/EOS_DIGITAL/KiriPedia/botnet/workers/cataloger-editor.mjs","--worker","cataloger-2","--batch","1"]}
{"ts":"2026-06-24T02:41:58.714Z","lane":"plant2","event":"done","step":"cat-2","code":0,"ms":76}
{"ts":"2026-06-24T02:41:59.717Z","lane":"snapshot","event":"start","step":null,"bin":"node","args":["/Volumes/EOS_DIGITAL/KiriPedia/botnet/lib/snapshot-writer.mjs"]}
{"ts":"2026-06-24T02:41:59.800Z","lane":"snapshot","event":"done","step":null,"code":0,"ms":82}
{"ts":"2026-06-24T02:42:04.780Z","lane":"plant2","event":"start","step":"cat-1","bin":"node","args":["/Volumes/EOS_DIGITAL/KiriPedia/botnet/workers/cataloger-editor.mjs","--worker","cataloger-1","--batch","1"]}
{"ts":"2026-06-24T02:42:04.859Z","lane":"plant2","event":"done","step":"cat-1","code":0,"ms":78}
{"ts":"2026-06-24T02:42:04.859Z","lane":"plant2","event":"start","step":"cat-2","bin":"node","args":["/Volumes/EOS_DIGITAL/KiriPedia/botnet/workers/cataloger-editor.mjs","--worker","cataloger-2","--batch","1"]}
{"ts":"2026-06-24T02:42:04.934Z","lane":"plant2","event":"done","step":"cat-2","code":0,"ms":73}
{"ts":"2026-06-24T02:42:07.265Z","lane":"triage","event":"start","step":null,"bin":"node","args":["/Volumes/EOS_DIGITAL/KiriPedia/botnet/workers/npp.mjs"]}
{"ts":"2026-06-24T02:42:07.347Z","lane":"triage","event":"done","step":null,"code":0,"ms":81}
{"ts":"2026-06-24T02:42:26.786Z","lane":"plant","event":"start","step":"scribe-1","bin":"node","args":["/Volumes/EOS_DIGITAL/KiriPedia/botnet/workers/scribe.mjs","--worker","scribe-1","--batch","1"]}
{"ts":"2026-06-24T02:42:26.888Z","lane":"plant","event":"done","step":"scribe-1","code":0,"ms":101}
{"ts":"2026-06-24T02:42:26.888Z","lane":"plant","event":"start","step":"scribe-2","bin":"node","args":["/Volumes/EOS_DIGITAL/KiriPedia/botnet/workers/scribe.mjs","--worker","scribe-2","--batch","1"]}
{"ts":"2026-06-24T02:42:26.964Z","lane":"plant","event":"done","step":"scribe-2","code":0,"ms":75}
{"ts":"2026-06-24T02:42:26.964Z","lane":"plant","event":"start","step":"scribe-3","bin":"node","args":["/Volumes/EOS_DIGITAL/KiriPedia/botnet/workers/scribe.mjs","--worker","scribe-3","--batch","1"]}
{"ts":"2026-06-24T02:42:27.042Z","lane":"plant","event":"done","step":"scribe-3","code":0,"ms":75}
{"ts":"2026-06-24T02:42:29.890Z","lane":"plant2","event":"start","step":"cat-1","bin":"node","args":["/Volumes/EOS_DIGITAL/KiriPedia/botnet/workers/cataloger-editor.mjs","--worker","cataloger-1","--batch","1"]}
{"ts":"2026-06-24T02:42:29.976Z","lane":"plant2","event":"done","step":"cat-1","code":0,"ms":84}
{"ts":"2026-06-24T02:42:29.976Z","lane":"plant2","event":"start","step":"cat-2","bin":"node","args":["/Volumes/EOS_DIGITAL/KiriPedia/botnet/workers/cataloger-editor.mjs","--worker","cataloger-2","--batch","1"]}
{"ts":"2026-06-24T02:42:30.052Z","lane":"plant2","event":"done","step":"cat-2","code":0,"ms":73}
{"ts":"2026-06-24T02:42:38.351Z","lane":"coord","event":"start","step":null,"bin":"node","args":["/Volumes/EOS_DIGITAL/KiriPedia/botnet/workers/coordinator.mjs"]}
{"ts":"2026-06-24T02:42:38.524Z","lane":"coord","event":"done","step":null,"code":2,"ms":173,"stderr":"[coordinator] scaffolder failed for 2025-09-11-wisenuts-cia-whistleblower-john-kiriakou-exposes-truths-about-911-jfk: ✗ whistleblower-protection-law (enrich): enrich target not found: whistleblower-protection-law\n\n"}
{"ts":"2026-06-24T02:42:38.525Z","lane":"coord","event":"backoff","ms":30000}
{"ts":"2026-06-24T02:42:39.167Z","lane":"plant","event":"start","step":"scribe-1","bin":"node","args":["/Volumes/EOS_DIGITAL/KiriPedia/botnet/workers/scribe.mjs","--worker","scribe-1","--batch","1"]}
{"ts":"2026-06-24T02:42:39.257Z","lane":"plant","event":"done","step":"scribe-1","code":0,"ms":89}
{"ts":"2026-06-24T02:42:39.257Z","lane":"plant","event":"start","step":"scribe-2","bin":"node","args":["/Volumes/EOS_DIGITAL/KiriPedia/botnet/workers/scribe.mjs","--worker","scribe-2","--batch","1"]}
{"ts":"2026-06-24T02:42:39.884Z","lane":"plant","event":"done","step":"scribe-2","code":0,"ms":76}
{"ts":"2026-06-24T02:42:39.936Z","lane":"plant","event":"start","step":"scribe-3","bin":"node","args":["/Volumes/EOS_DIGITAL/KiriPedia/botnet/workers/scribe.mjs","--worker","scribe-3","--batch","1"]}
{"ts":"2026-06-24T02:42:40.143Z","lane":"plant","event":"done","step":"scribe-3","code":0,"ms":74}
{"ts":"2026-06-24T02:42:41.057Z","lane":"mining","event":"start","step":"deepener","bin":"node","args":["/Volumes/EOS_DIGITAL/KiriPedia/botnet/workers/deepener.mjs","--batch","5"]}
{"ts":"2026-06-24T02:42:58.484Z","lane":"plant2","event":"start","step":"cat-1","bin":"node","args":["/Volumes/EOS_DIGITAL/KiriPedia/botnet/workers/cataloger-editor.mjs","--worker","cataloger-1","--batch","1"]}
{"ts":"2026-06-24T02:42:58.660Z","lane":"plant2","event":"done","step":"cat-1","code":0,"ms":175}
{"ts":"2026-06-24T02:42:58.660Z","lane":"plant2","event":"start","step":"cat-2","bin":"node","args":["/Volumes/EOS_DIGITAL/KiriPedia/botnet/workers/cataloger-editor.mjs","--worker","cataloger-2","--batch","1"]}
{"ts":"2026-06-24T02:42:58.870Z","lane":"plant2","event":"done","step":"cat-2","code":0,"ms":76}
{"ts":"2026-06-24T02:43:08.528Z","lane":"coord","event":"start","step":null,"bin":"node","args":["/Volumes/EOS_DIGITAL/KiriPedia/botnet/workers/coordinator.mjs"]}
{"ts":"2026-06-24T02:43:08.727Z","lane":"coord","event":"done","step":null,"code":2,"ms":199,"stderr":"[coordinator] scaffolder failed for 2025-09-11-wisenuts-cia-whistleblower-john-kiriakou-exposes-truths-about-911-jfk: ✗ whistleblower-protection-law (enrich): enrich target not found: whistleblower-protection-law\n\n"}
{"ts":"2026-06-24T02:43:08.728Z","lane":"coord","event":"backoff","ms":60000}
{"ts":"2026-06-24T02:43:08.872Z","lane":"plant","event":"start","step":"scribe-1","bin":"node","args":["/Volumes/EOS_DIGITAL/KiriPedia/botnet/workers/scribe.mjs","--worker","scribe-1","--batch","1"]}
{"ts":"2026-06-24T02:43:08.952Z","lane":"plant","event":"done","step":"scribe-1","code":0,"ms":80}
{"ts":"2026-06-24T02:43:08.952Z","lane":"plant","event":"start","step":"scribe-2","bin":"node","args":["/Volumes/EOS_DIGITAL/KiriPedia/botnet/workers/scribe.mjs","--worker","scribe-2","--batch","1"]}
{"ts":"2026-06-24T02:43:09.032Z","lane":"plant","event":"done","step":"scribe-2","code":0,"ms":79}
{"ts":"2026-06-24T02:43:09.032Z","lane":"plant","event":"start","step":"scribe-3","bin":"node","args":["/Volumes/EOS_DIGITAL/KiriPedia/botnet/workers/scribe.mjs","--worker","scribe-3","--batch","1"]}
{"ts":"2026-06-24T02:43:09.111Z","lane":"plant","event":"done","step":"scribe-3","code":0,"ms":78}
{"ts":"2026-06-24T02:43:10.166Z","lane":"plant2","event":"start","step":"cat-1","bin":"node","args":["/Volumes/EOS_DIGITAL/KiriPedia/botnet/workers/cataloger-editor.mjs","--worker","cataloger-1","--batch","1"]}
{"ts":"2026-06-24T02:43:10.245Z","lane":"plant2","event":"done","step":"cat-1","code":0,"ms":79}
{"ts":"2026-06-24T02:43:10.245Z","lane":"plant2","event":"start","step":"cat-2","bin":"node","args":["/Volumes/EOS_DIGITAL/KiriPedia/botnet/workers/cataloger-editor.mjs","--worker","cataloger-2","--batch","1"]}
{"ts":"2026-06-24T02:43:10.325Z","lane":"plant2","event":"done","step":"cat-2","code":0,"ms":78}
{"ts":"2026-06-24T02:43:17.573Z","lane":"plant","event":"start","step":"scribe-1","bin":"node","args":["/Volumes/EOS_DIGITAL/KiriPedia/botnet/workers/scribe.mjs","--worker","scribe-1","--batch","1"]}
{"ts":"2026-06-24T02:43:17.657Z","lane":"plant","event":"done","step":"scribe-1","code":0,"ms":84}
{"ts":"2026-06-24T02:43:17.657Z","lane":"plant","event":"start","step":"scribe-2","bin":"node","args":["/Volumes/EOS_DIGITAL/KiriPedia/botnet/workers/scribe.mjs","--worker","scribe-2","--batch","1"]}
{"ts":"2026-06-24T02:43:17.744Z","lane":"plant","event":"done","step":"scribe-2","code":0,"ms":85}
{"ts":"2026-06-24T02:43:17.744Z","lane":"plant","event":"start","step":"scribe-3","bin":"node","args":["/Volumes/EOS_DIGITAL/KiriPedia/botnet/workers/scribe.mjs","--worker","scribe-3","--batch","1"]}
{"ts":"2026-06-24T02:43:17.825Z","lane":"plant","event":"done","step":"scribe-3","code":0,"ms":80}
{"ts":"2026-06-24T02:43:26.125Z","lane":"plant","event":"start","step":"scribe-1","bin":"node","args":["/Volumes/EOS_DIGITAL/KiriPedia/botnet/workers/scribe.mjs","--worker","scribe-1","--batch","1"]}
{"ts":"2026-06-24T02:43:26.211Z","lane":"plant","event":"done","step":"scribe-1","code":0,"ms":85}
{"ts":"2026-06-24T02:43:26.212Z","lane":"plant","event":"start","step":"scribe-2","bin":"node","args":["/Volumes/EOS_DIGITAL/KiriPedia/botnet/workers/scribe.mjs","--worker","scribe-2","--batch","1"]}
{"ts":"2026-06-24T02:43:26.295Z","lane":"plant","event":"done","step":"scribe-2","code":0,"ms":82}
{"ts":"2026-06-24T02:43:26.295Z","lane":"plant","event":"start","step":"scribe-3","bin":"node","args":["/Volumes/EOS_DIGITAL/KiriPedia/botnet/workers/scribe.mjs","--worker","scribe-3","--batch","1"]}
{"ts":"2026-06-24T02:43:26.376Z","lane":"plant","event":"done","step":"scribe-3","code":0,"ms":79}
{"ts":"2026-06-24T02:43:31.345Z","lane":"snapshot","event":"start","step":null,"bin":"node","args":["/Volumes/EOS_DIGITAL/KiriPedia/botnet/lib/snapshot-writer.mjs"]}
{"ts":"2026-06-24T02:43:31.428Z","lane":"snapshot","event":"done","step":null,"code":0,"ms":82}
{"ts":"2026-06-24T02:43:37.684Z","lane":"mining","event":"done","step":"deepener","code":0,"ms":56626}
{"ts":"2026-06-24T02:43:37.685Z","lane":"mining","event":"start","step":"enricher","bin":"node","args":["/Volumes/EOS_DIGITAL/KiriPedia/botnet/workers/enricher.mjs","--batch","5"]}
{"ts":"2026-06-24T02:43:48.391Z","lane":"plant2","event":"start","step":"cat-1","bin":"node","args":["/Volumes/EOS_DIGITAL/KiriPedia/botnet/workers/cataloger-editor.mjs","--worker","cataloger-1","--batch","1"]}
{"ts":"2026-06-24T02:43:48.502Z","lane":"plant2","event":"done","step":"cat-1","code":0,"ms":110}
{"ts":"2026-06-24T02:43:48.502Z","lane":"plant2","event":"start","step":"cat-2","bin":"node","args":["/Volumes/EOS_DIGITAL/KiriPedia/botnet/workers/cataloger-editor.mjs","--worker","cataloger-2","--batch","1"]}
{"ts":"2026-06-24T02:43:48.579Z","lane":"plant2","event":"done","step":"cat-2","code":0,"ms":76}
{"ts":"2026-06-24T02:44:01.476Z","lane":"reviewer","event":"start","step":null,"bin":"node","args":["/Volumes/EOS_DIGITAL/KiriPedia/botnet/workers/reviewer.mjs"]}
{"ts":"2026-06-24T02:44:01.567Z","lane":"reviewer","event":"done","step":null,"code":0,"ms":89}
{"ts":"2026-06-24T02:44:03.566Z","lane":"mining","event":"done","step":"enricher","code":0,"ms":25880}
{"ts":"2026-06-24T02:44:03.567Z","lane":"mining","event":"start","step":"weaver","bin":"node","args":["/Volumes/EOS_DIGITAL/KiriPedia/botnet/workers/weaver.mjs","--batch","5"]}
{"ts":"2026-06-24T02:44:08.734Z","lane":"coord","event":"start","step":null,"bin":"node","args":["/Volumes/EOS_DIGITAL/KiriPedia/botnet/workers/coordinator.mjs"]}
{"ts":"2026-06-24T02:44:08.917Z","lane":"coord","event":"done","step":null,"code":2,"ms":182,"stderr":"[coordinator] scaffolder failed for 2025-09-11-wisenuts-cia-whistleblower-john-kiriakou-exposes-truths-about-911-jfk: ✗ whistleblower-protection-law (enrich): enrich target not found: whistleblower-protection-law\n\n"}
{"ts":"2026-06-24T02:44:08.917Z","lane":"coord","event":"backoff","ms":120000}
{"ts":"2026-06-24T02:44:10.146Z","lane":"plant","event":"start","step":"scribe-1","bin":"node","args":["/Volumes/EOS_DIGITAL/KiriPedia/botnet/workers/scribe.mjs","--worker","scribe-1","--batch","1"]}
{"ts":"2026-06-24T02:44:10.393Z","lane":"plant","event":"done","step":"scribe-1","code":0,"ms":247}
{"ts":"2026-06-24T02:44:10.393Z","lane":"plant","event":"start","step":"scribe-2","bin":"node","args":["/Volumes/EOS_DIGITAL/KiriPedia/botnet/workers/scribe.mjs","--worker","scribe-2","--batch","1"]}
{"ts":"2026-06-24T02:44:10.669Z","lane":"plant","event":"done","step":"scribe-2","code":0,"ms":86}
{"ts":"2026-06-24T02:44:10.847Z","lane":"plant","event":"start","step":"scribe-3","bin":"node","args":["/Volumes/EOS_DIGITAL/KiriPedia/botnet/workers/scribe.mjs","--worker","scribe-3","--batch","1"]}
{"ts":"2026-06-24T02:44:11.059Z","lane":"plant","event":"done","step":"scribe-3","code":0,"ms":80}
{"ts":"2026-06-24T02:44:18.494Z","lane":"plant","event":"start","step":"scribe-1","bin":"node","args":["/Volumes/EOS_DIGITAL/KiriPedia/botnet/workers/scribe.mjs","--worker","scribe-1","--batch","1"]}
{"ts":"2026-06-24T02:44:18.576Z","lane":"plant","event":"done","step":"scribe-1","code":0,"ms":81}
{"ts":"2026-06-24T02:44:18.628Z","lane":"plant","event":"start","step":"scribe-2","bin":"node","args":["/Volumes/EOS_DIGITAL/KiriPedia/botnet/workers/scribe.mjs","--worker","scribe-2","--batch","1"]}
{"ts":"2026-06-24T02:44:18.843Z","lane":"plant","event":"done","step":"scribe-2","code":0,"ms":83}
{"ts":"2026-06-24T02:44:18.896Z","lane":"plant","event":"start","step":"scribe-3","bin":"node","args":["/Volumes/EOS_DIGITAL/KiriPedia/botnet/workers/scribe.mjs","--worker","scribe-3","--batch","1"]}
{"ts":"2026-06-24T02:44:19.108Z","lane":"plant","event":"done","step":"scribe-3","code":0,"ms":81}
{"ts":"2026-06-24T02:44:24.595Z","lane":"plant2","event":"start","step":"cat-1","bin":"node","args":["/Volumes/EOS_DIGITAL/KiriPedia/botnet/workers/cataloger-editor.mjs","--worker","cataloger-1","--batch","1"]}
{"ts":"2026-06-24T02:44:24.683Z","lane":"plant2","event":"done","step":"cat-1","code":0,"ms":88}
{"ts":"2026-06-24T02:44:24.683Z","lane":"plant2","event":"start","step":"cat-2","bin":"node","args":["/Volumes/EOS_DIGITAL/KiriPedia/botnet/workers/cataloger-editor.mjs","--worker","cataloger-2","--batch","1"]}
{"ts":"2026-06-24T02:44:24.771Z","lane":"plant2","event":"done","step":"cat-2","code":0,"ms":78}
{"ts":"2026-06-24T02:44:33.331Z","lane":"plant","event":"start","step":"scribe-1","bin":"node","args":["/Volumes/EOS_DIGITAL/KiriPedia/botnet/workers/scribe.mjs","--worker","scribe-1","--batch","1"]}
{"ts":"2026-06-24T02:44:33.415Z","lane":"plant","event":"done","step":"scribe-1","code":0,"ms":82}
{"ts":"2026-06-24T02:44:33.415Z","lane":"plant","event":"start","step":"scribe-2","bin":"node","args":["/Volumes/EOS_DIGITAL/KiriPedia/botnet/workers/scribe.mjs","--worker","scribe-2","--batch","1"]}
{"ts":"2026-06-24T02:44:33.507Z","lane":"plant","event":"done","step":"scribe-2","code":0,"ms":83}
{"ts":"2026-06-24T02:44:33.507Z","lane":"plant","event":"start","step":"scribe-3","bin":"node","args":["/Volumes/EOS_DIGITAL/KiriPedia/botnet/workers/scribe.mjs","--worker","scribe-3","--batch","1"]}
{"ts":"2026-06-24T02:44:33.594Z","lane":"plant","event":"done","step":"scribe-3","code":0,"ms":78}
{"ts":"2026-06-24T02:44:34.570Z","lane":"plant2","event":"start","step":"cat-1","bin":"node","args":["/Volumes/EOS_DIGITAL/KiriPedia/botnet/workers/cataloger-editor.mjs","--worker","cataloger-1","--batch","1"]}
{"ts":"2026-06-24T02:44:34.650Z","lane":"plant2","event":"done","step":"cat-1","code":0,"ms":79}
{"ts":"2026-06-24T02:44:34.651Z","lane":"plant2","event":"start","step":"cat-2","bin":"node","args":["/Volumes/EOS_DIGITAL/KiriPedia/botnet/workers/cataloger-editor.mjs","--worker","cataloger-2","--batch","1"]}
{"ts":"2026-06-24T02:44:34.738Z","lane":"plant2","event":"done","step":"cat-2","code":0,"ms":78}
{"ts":"2026-06-24T02:44:35.144Z","lane":"prospect","event":"start","step":null,"bin":"node","args":["/Volumes/EOS_DIGITAL/KiriPedia/botnet/workers/prospector.mjs","--batch","2"]}
{"ts":"2026-06-24T02:44:36.598Z","lane":"mining","event":"done","step":"weaver","code":0,"ms":33028}
{"ts":"2026-06-24T02:44:40.471Z","lane":"prospect","event":"done","step":null,"code":0,"ms":5327}
{"ts":"2026-06-24T02:44:43.920Z","lane":"plant","event":"start","step":"scribe-1","bin":"node","args":["/Volumes/EOS_DIGITAL/KiriPedia/botnet/workers/scribe.mjs","--worker","scribe-1","--batch","1"]}
{"ts":"2026-06-24T02:44:44.007Z","lane":"plant","event":"done","step":"scribe-1","code":0,"ms":86}
{"ts":"2026-06-24T02:44:44.007Z","lane":"plant","event":"start","step":"scribe-2","bin":"node","args":["/Volumes/EOS_DIGITAL/KiriPedia/botnet/workers/scribe.mjs","--worker","scribe-2","--batch","1"]}
{"ts":"2026-06-24T02:44:44.086Z","lane":"plant","event":"done","step":"scribe-2","code":0,"ms":76}
{"ts":"2026-06-24T02:44:44.086Z","lane":"plant","event":"start","step":"scribe-3","bin":"node","args":["/Volumes/EOS_DIGITAL/KiriPedia/botnet/workers/scribe.mjs","--worker","scribe-3","--batch","1"]}
{"ts":"2026-06-24T02:44:44.163Z","lane":"plant","event":"done","step":"scribe-3","code":0,"ms":74}
{"ts":"2026-06-24T02:44:47.732Z","lane":"snapshot","event":"start","step":null,"bin":"node","args":["/Volumes/EOS_DIGITAL/KiriPedia/botnet/lib/snapshot-writer.mjs"]}
{"ts":"2026-06-24T02:44:47.838Z","lane":"snapshot","event":"done","step":null,"code":0,"ms":103}
{"ts":"2026-06-24T02:44:55.541Z","lane":"plant","event":"start","step":"scribe-1","bin":"node","args":["/Volumes/EOS_DIGITAL/KiriPedia/botnet/workers/scribe.mjs","--worker","scribe-1","--batch","1"]}
{"ts":"2026-06-24T02:44:55.632Z","lane":"plant","event":"done","step":"scribe-1","code":0,"ms":89}
{"ts":"2026-06-24T02:44:55.632Z","lane":"plant","event":"start","step":"scribe-2","bin":"node","args":["/Volumes/EOS_DIGITAL/KiriPedia/botnet/workers/scribe.mjs","--worker","scribe-2","--batch","1"]}
{"ts":"2026-06-24T02:44:55.712Z","lane":"plant","event":"done","step":"scribe-2","code":0,"ms":77}
{"ts":"2026-06-24T02:44:55.712Z","lane":"plant","event":"start","step":"scribe-3","bin":"node","args":["/Volumes/EOS_DIGITAL/KiriPedia/botnet/workers/scribe.mjs","--worker","scribe-3","--batch","1"]}
{"ts":"2026-06-24T02:44:55.794Z","lane":"plant","event":"done","step":"scribe-3","code":0,"ms":78}
{"ts":"2026-06-24T02:45:00.501Z","lane":"plant2","event":"start","step":"cat-1","bin":"node","args":["/Volumes/EOS_DIGITAL/KiriPedia/botnet/workers/cataloger-editor.mjs","--worker","cataloger-1","--batch","1"]}
{"ts":"2026-06-24T02:45:00.581Z","lane":"plant2","event":"done","step":"cat-1","code":0,"ms":78}
{"ts":"2026-06-24T02:45:00.581Z","lane":"plant2","event":"start","step":"cat-2","bin":"node","args":["/Volumes/EOS_DIGITAL/KiriPedia/botnet/workers/cataloger-editor.mjs","--worker","cataloger-2","--batch","1"]}
{"ts":"2026-06-24T02:45:00.659Z","lane":"plant2","event":"done","step":"cat-2","code":0,"ms":75}
{"ts":"2026-06-24T02:45:10.386Z","lane":"coord","event":"start","step":null,"bin":"node","args":["/Volumes/EOS_DIGITAL/KiriPedia/botnet/workers/coordinator.mjs"]}
{"ts":"2026-06-24T02:45:10.555Z","lane":"coord","event":"done","step":null,"code":2,"ms":168,"stderr":"[coordinator] scaffolder failed for 2025-09-11-wisenuts-cia-whistleblower-john-kiriakou-exposes-truths-about-911-jfk: ✗ whistleblower-protection-law (enrich): enrich target not found: whistleblower-protection-law\n\n"}
{"ts":"2026-06-24T02:45:10.555Z","lane":"coord","event":"backoff","ms":960000}
{"ts":"2026-06-24T02:45:20.261Z","lane":"coord","event":"start","step":null,"bin":"node","args":["/Volumes/EOS_DIGITAL/KiriPedia/botnet/workers/coordinator.mjs","--push"]}
{"ts":"2026-06-24T02:45:20.889Z","lane":"coord","event":"done","step":null,"code":2,"ms":625,"stderr":"[coordinator] scaffolder failed for 2025-09-11-wisenuts-cia-whistleblower-john-kiriakou-exposes-truths-about-911-jfk: ✗ whistleblower-protection-law (enrich): enrich target not found: whistleblower-protection-law\n\n"}
{"ts":"2026-06-24T02:45:20.889Z","lane":"coord","event":"backoff","ms":960000}
{"ts":"2026-06-24T02:45:21.027Z","lane":"reviewer","event":"start","step":null,"bin":"node","args":["/Volumes/EOS_DIGITAL/KiriPedia/botnet/workers/reviewer.mjs"]}
{"ts":"2026-06-24T02:45:21.102Z","lane":"reviewer","event":"done","step":null,"code":0,"ms":75}
{"ts":"2026-06-24T02:45:21.830Z","lane":"plant2","event":"start","step":"cat-1","bin":"node","args":["/Volumes/EOS_DIGITAL/KiriPedia/botnet/workers/cataloger-editor.mjs","--worker","cataloger-1","--batch","1"]}
{"ts":"2026-06-24T02:45:22.532Z","lane":"plant2","event":"done","step":"cat-1","code":0,"ms":702}
{"ts":"2026-06-24T02:45:22.532Z","lane":"plant2","event":"start","step":"cat-2","bin":"node","args":["/Volumes/EOS_DIGITAL/KiriPedia/botnet/workers/cataloger-editor.mjs","--worker","cataloger-2","--batch","1"]}
{"ts":"2026-06-24T02:45:23.026Z","lane":"plant2","event":"done","step":"cat-2","code":0,"ms":74}
{"ts":"2026-06-24T02:45:33.310Z","lane":"snapshot","event":"start","step":null,"bin":"node","args":["/Volumes/EOS_DIGITAL/KiriPedia/botnet/lib/snapshot-writer.mjs"]}
{"ts":"2026-06-24T02:45:34.036Z","lane":"snapshot","event":"done","step":null,"code":0,"ms":317}
{"ts":"2026-06-24T02:45:34.988Z","lane":"plant","event":"start","step":"scribe-1","bin":"node","args":["/Volumes/EOS_DIGITAL/KiriPedia/botnet/workers/scribe.mjs","--worker","scribe-1","--batch","1"]}
{"ts":"2026-06-24T02:45:35.138Z","lane":"plant","event":"done","step":"scribe-1","code":0,"ms":150}
{"ts":"2026-06-24T02:45:35.138Z","lane":"plant","event":"start","step":"scribe-2","bin":"node","args":["/Volumes/EOS_DIGITAL/KiriPedia/botnet/workers/scribe.mjs","--worker","scribe-2","--batch","1"]}
{"ts":"2026-06-24T02:45:35.242Z","lane":"plant","event":"done","step":"scribe-2","code":0,"ms":98}
{"ts":"2026-06-24T02:45:35.242Z","lane":"plant","event":"start","step":"scribe-3","bin":"node","args":["/Volumes/EOS_DIGITAL/KiriPedia/botnet/workers/scribe.mjs","--worker","scribe-3","--batch","1"]}
{"ts":"2026-06-24T02:45:35.338Z","lane":"plant","event":"done","step":"scribe-3","code":0,"ms":86}
{"ts":"2026-06-24T02:45:48.027Z","lane":"catch-import","event":"start","step":null,"bin":"node","args":["/Volumes/EOS_DIGITAL/KiriPedia/botnet/workers/catch-importer.mjs","--auto-trust"]}
{"ts":"2026-06-24T02:45:48.585Z","lane":"catch-import","event":"done","step":null,"code":0,"ms":554}
{"ts":"2026-06-24T02:45:53.173Z","lane":"plant","event":"start","step":"scribe-1","bin":"node","args":["/Volumes/EOS_DIGITAL/KiriPedia/botnet/workers/scribe.mjs","--worker","scribe-1","--batch","1"]}
{"ts":"2026-06-24T02:45:53.677Z","lane":"plant","event":"done","step":"scribe-1","code":0,"ms":504}
{"ts":"2026-06-24T02:45:53.677Z","lane":"plant","event":"start","step":"scribe-2","bin":"node","args":["/Volumes/EOS_DIGITAL/KiriPedia/botnet/workers/scribe.mjs","--worker","scribe-2","--batch","1"]}
{"ts":"2026-06-24T02:45:54.438Z","lane":"plant","event":"start","step":"scribe-1","bin":"node","args":["/Volumes/EOS_DIGITAL/KiriPedia/botnet/workers/scribe.mjs","--worker","scribe-1","--batch","1"]}
{"ts":"2026-06-24T02:45:54.500Z","lane":"plant","event":"done","step":"scribe-2","code":0,"ms":90}
{"ts":"2026-06-24T02:45:55.062Z","lane":"plant","event":"start","step":"scribe-3","bin":"node","args":["/Volumes/EOS_DIGITAL/KiriPedia/botnet/workers/scribe.mjs","--worker","scribe-3","--batch","1"]}
{"ts":"2026-06-24T02:45:55.139Z","lane":"plant","event":"done","step":"scribe-1","code":0,"ms":77}
{"ts":"2026-06-24T02:45:55.458Z","lane":"plant","event":"start","step":"scribe-2","bin":"node","args":["/Volumes/EOS_DIGITAL/KiriPedia/botnet/workers/scribe.mjs","--worker","scribe-2","--batch","1"]}
{"ts":"2026-06-24T02:45:55.533Z","lane":"plant","event":"done","step":"scribe-3","code":0,"ms":75}
{"ts":"2026-06-24T02:45:56.097Z","lane":"plant","event":"done","step":"scribe-2","code":0,"ms":80}
{"ts":"2026-06-24T02:45:56.760Z","lane":"plant","event":"start","step":"scribe-3","bin":"node","args":["/Volumes/EOS_DIGITAL/KiriPedia/botnet/workers/scribe.mjs","--worker","scribe-3","--batch","1"]}
{"ts":"2026-06-24T02:45:57.201Z","lane":"plant","event":"done","step":"scribe-3","code":0,"ms":80}
{"ts":"2026-06-24T02:45:58.649Z","lane":"plant2","event":"start","step":"cat-1","bin":"node","args":["/Volumes/EOS_DIGITAL/KiriPedia/botnet/workers/cataloger-editor.mjs","--worker","cataloger-1","--batch","1"]}
{"ts":"2026-06-24T02:46:00.506Z","lane":"plant2","event":"done","step":"cat-1","code":0,"ms":882}
{"ts":"2026-06-24T02:46:00.506Z","lane":"plant2","event":"start","step":"cat-2","bin":"node","args":["/Volumes/EOS_DIGITAL/KiriPedia/botnet/workers/cataloger-editor.mjs","--worker","cataloger-2","--batch","1"]}
{"ts":"2026-06-24T02:46:00.855Z","lane":"plant2","event":"done","step":"cat-2","code":0,"ms":82}
{"ts":"2026-06-24T02:46:02.591Z","lane":"plant","event":"start","step":"scribe-1","bin":"node","args":["/Volumes/EOS_DIGITAL/KiriPedia/botnet/workers/scribe.mjs","--worker","scribe-1","--batch","1"]}
{"ts":"2026-06-24T02:46:02.668Z","lane":"plant","event":"done","step":"scribe-1","code":0,"ms":76}
{"ts":"2026-06-24T02:46:02.668Z","lane":"plant","event":"start","step":"scribe-2","bin":"node","args":["/Volumes/EOS_DIGITAL/KiriPedia/botnet/workers/scribe.mjs","--worker","scribe-2","--batch","1"]}
{"ts":"2026-06-24T02:46:02.772Z","lane":"plant","event":"done","step":"scribe-2","code":0,"ms":75}
{"ts":"2026-06-24T02:46:02.772Z","lane":"plant","event":"start","step":"scribe-3","bin":"node","args":["/Volumes/EOS_DIGITAL/KiriPedia/botnet/workers/scribe.mjs","--worker","scribe-3","--batch","1"]}
{"ts":"2026-06-24T02:46:03.348Z","lane":"plant","event":"done","step":"scribe-3","code":0,"ms":77}
{"ts":"2026-06-24T02:46:08.921Z","lane":"coord","event":"start","step":null,"bin":"node","args":["/Volumes/EOS_DIGITAL/KiriPedia/botnet/workers/coordinator.mjs"]}
{"ts":"2026-06-24T02:46:09.249Z","lane":"coord","event":"done","step":null,"code":2,"ms":320,"stderr":"[coordinator] scaffolder failed for 2025-09-11-wisenuts-cia-whistleblower-john-kiriakou-exposes-truths-about-911-jfk: ✗ whistleblower-protection-law (enrich): enrich target not found: whistleblower-protection-law\n\n"}
{"ts":"2026-06-24T02:46:09.250Z","lane":"coord","event":"backoff","ms":240000}
{"ts":"2026-06-24T02:46:14.513Z","lane":"triage","event":"start","step":null,"bin":"node","args":["/Volumes/EOS_DIGITAL/KiriPedia/botnet/workers/npp.mjs"]}
{"ts":"2026-06-24T02:46:15.235Z","lane":"triage","event":"done","step":null,"code":0,"ms":722}
{"ts":"2026-06-24T02:46:17.660Z","lane":"reviewer","event":"start","step":null,"bin":"node","args":["/Volumes/EOS_DIGITAL/KiriPedia/botnet/workers/reviewer.mjs"]}
{"ts":"2026-06-24T02:46:19.470Z","lane":"reviewer","event":"done","step":null,"code":0,"ms":1809}
{"ts":"2026-06-24T02:46:20.896Z","lane":"plant2","event":"start","step":"cat-1","bin":"node","args":["/Volumes/EOS_DIGITAL/KiriPedia/botnet/workers/cataloger-editor.mjs","--worker","cataloger-1","--batch","1"]}
{"ts":"2026-06-24T02:46:21.228Z","lane":"plant2","event":"done","step":"cat-1","code":0,"ms":332}
{"ts":"2026-06-24T02:46:21.228Z","lane":"plant2","event":"start","step":"cat-2","bin":"node","args":["/Volumes/EOS_DIGITAL/KiriPedia/botnet/workers/cataloger-editor.mjs","--worker","cataloger-2","--batch","1"]}
{"ts":"2026-06-24T02:46:21.445Z","lane":"plant2","event":"done","step":"cat-2","code":0,"ms":76}
{"ts":"2026-06-24T02:46:29.497Z","lane":"plant","event":"start","step":"scribe-1","bin":"node","args":["/Volumes/EOS_DIGITAL/KiriPedia/botnet/workers/scribe.mjs","--worker","scribe-1","--batch","1"]}
{"ts":"2026-06-24T02:46:29.742Z","lane":"plant2","event":"start","step":"cat-1","bin":"node","args":["/Volumes/EOS_DIGITAL/KiriPedia/botnet/workers/cataloger-editor.mjs","--worker","cataloger-1","--batch","1"]}
{"ts":"2026-06-24T02:46:32.040Z","lane":"plant","event":"done","step":"scribe-1","code":0,"ms":660}
{"ts":"2026-06-24T02:46:32.040Z","lane":"plant","event":"start","step":"scribe-2","bin":"node","args":["/Volumes/EOS_DIGITAL/KiriPedia/botnet/workers/scribe.mjs","--worker","scribe-2","--batch","1"]}
{"ts":"2026-06-24T02:46:32.041Z","lane":"plant2","event":"done","step":"cat-1","code":0,"ms":661}
{"ts":"2026-06-24T02:46:32.042Z","lane":"plant2","event":"start","step":"cat-2","bin":"node","args":["/Volumes/EOS_DIGITAL/KiriPedia/botnet/workers/cataloger-editor.mjs","--worker","cataloger-2","--batch","1"]}
{"ts":"2026-06-24T02:46:32.139Z","lane":"plant2","event":"done","step":"cat-2","code":0,"ms":96}
{"ts":"2026-06-24T02:46:32.146Z","lane":"plant","event":"done","step":"scribe-2","code":0,"ms":104}
{"ts":"2026-06-24T02:46:32.146Z","lane":"plant","event":"start","step":"scribe-3","bin":"node","args":["/Volumes/EOS_DIGITAL/KiriPedia/botnet/workers/scribe.mjs","--worker","scribe-3","--batch","1"]}
{"ts":"2026-06-24T02:46:32.240Z","lane":"plant","event":"done","step":"scribe-3","code":0,"ms":91}
{"ts":"2026-06-24T02:46:38.320Z","lane":"trawler","event":"done","step":null,"code":-1,"ms":1199994,"stderr":"[trawler:youtube] Run 1/4 for 2026-06-24.\n"}
{"ts":"2026-06-24T02:46:39.777Z","lane":"trawler","event":"backoff","ms":30000}
{"ts":"2026-06-24T02:46:39.977Z","lane":"reviewer","event":"start","step":null,"bin":"node","args":["/Volumes/EOS_DIGITAL/KiriPedia/botnet/workers/reviewer.mjs"]}
{"ts":"2026-06-24T02:46:40.303Z","lane":"snapshot","event":"start","step":null,"bin":"node","args":["/Volumes/EOS_DIGITAL/KiriPedia/botnet/lib/snapshot-writer.mjs"]}
{"ts":"2026-06-24T02:46:40.526Z","lane":"reviewer","event":"done","step":null,"code":0,"ms":224}
{"ts":"2026-06-24T02:46:40.552Z","lane":"snapshot","event":"done","step":null,"code":0,"ms":94}
{"ts":"2026-06-24T02:46:48.368Z","lane":"plant2","event":"start","step":"cat-1","bin":"node","args":["/Volumes/EOS_DIGITAL/KiriPedia/botnet/workers/cataloger-editor.mjs","--worker","cataloger-1","--batch","1"]}
{"ts":"2026-06-24T02:46:48.448Z","lane":"plant2","event":"done","step":"cat-1","code":0,"ms":78}
{"ts":"2026-06-24T02:46:48.448Z","lane":"plant2","event":"start","step":"cat-2","bin":"node","args":["/Volumes/EOS_DIGITAL/KiriPedia/botnet/workers/cataloger-editor.mjs","--worker","cataloger-2","--batch","1"]}
{"ts":"2026-06-24T02:46:48.527Z","lane":"plant2","event":"done","step":"cat-2","code":0,"ms":76}
{"ts":"2026-06-24T02:46:49.574Z","lane":"indexer","event":"start","step":null,"bin":"node","args":["/Volumes/EOS_DIGITAL/KiriPedia/botnet/workers/indexer.mjs"]}
{"ts":"2026-06-24T02:46:53.016Z","lane":"indexer","event":"done","step":null,"code":0,"ms":3442}
{"ts":"2026-06-24T02:46:59.801Z","lane":"snapshot","event":"start","step":null,"bin":"node","args":["/Volumes/EOS_DIGITAL/KiriPedia/botnet/lib/snapshot-writer.mjs"]}
{"ts":"2026-06-24T02:46:59.884Z","lane":"snapshot","event":"done","step":null,"code":0,"ms":82}
{"ts":"2026-06-24T02:47:05.715Z","lane":"office","event":"start","step":null,"bin":"node","args":["/Volumes/EOS_DIGITAL/KiriPedia/botnet/workers/office-manager.mjs"]}
{"ts":"2026-06-24T02:47:06.775Z","lane":"plant2","event":"start","step":"cat-1","bin":"node","args":["/Volumes/EOS_DIGITAL/KiriPedia/botnet/workers/cataloger-editor.mjs","--worker","cataloger-1","--batch","1"]}
{"ts":"2026-06-24T02:47:07.883Z","lane":"plant2","event":"done","step":"cat-1","code":0,"ms":74}
{"ts":"2026-06-24T02:47:10.071Z","lane":"plant2","event":"start","step":"cat-2","bin":"node","args":["/Volumes/EOS_DIGITAL/KiriPedia/botnet/workers/cataloger-editor.mjs","--worker","cataloger-2","--batch","1"]}
{"ts":"2026-06-24T02:47:11.043Z","lane":"trawler","event":"start","step":null,"bin":"node","args":["/Volumes/EOS_DIGITAL/KiriPedia/fleet/trawlers/youtube.mjs"]}
{"ts":"2026-06-24T02:47:11.207Z","lane":"plant2","event":"done","step":"cat-2","code":0,"ms":165}
{"ts":"2026-06-24T02:47:15.005Z","lane":"reviewer","event":"start","step":null,"bin":"node","args":["/Volumes/EOS_DIGITAL/KiriPedia/botnet/workers/reviewer.mjs"]}
{"ts":"2026-06-24T02:47:15.084Z","lane":"reviewer","event":"done","step":null,"code":0,"ms":78}
{"ts":"2026-06-24T02:47:17.939Z","lane":"plant","event":"start","step":"scribe-1","bin":"node","args":["/Volumes/EOS_DIGITAL/KiriPedia/botnet/workers/scribe.mjs","--worker","scribe-1","--batch","1"]}
{"ts":"2026-06-24T02:47:18.019Z","lane":"plant","event":"done","step":"scribe-1","code":0,"ms":79}
{"ts":"2026-06-24T02:47:18.020Z","lane":"plant","event":"start","step":"scribe-2","bin":"node","args":["/Volumes/EOS_DIGITAL/KiriPedia/botnet/workers/scribe.mjs","--worker","scribe-2","--batch","1"]}
{"ts":"2026-06-24T02:47:18.099Z","lane":"plant","event":"done","step":"scribe-2","code":0,"ms":76}
{"ts":"2026-06-24T02:47:18.099Z","lane":"plant","event":"start","step":"scribe-3","bin":"node","args":["/Volumes/EOS_DIGITAL/KiriPedia/botnet/workers/scribe.mjs","--worker","scribe-3","--batch","1"]}
{"ts":"2026-06-24T02:47:18.174Z","lane":"plant","event":"done","step":"scribe-3","code":0,"ms":74}
{"ts":"2026-06-24T02:47:19.296Z","lane":"plant","event":"start","step":"scribe-1","bin":"node","args":["/Volumes/EOS_DIGITAL/KiriPedia/botnet/workers/scribe.mjs","--worker","scribe-1","--batch","1"]}
{"ts":"2026-06-24T02:47:19.372Z","lane":"plant","event":"done","step":"scribe-1","code":0,"ms":75}
{"ts":"2026-06-24T02:47:19.372Z","lane":"plant","event":"start","step":"scribe-2","bin":"node","args":["/Volumes/EOS_DIGITAL/KiriPedia/botnet/workers/scribe.mjs","--worker","scribe-2","--batch","1"]}
{"ts":"2026-06-24T02:47:19.451Z","lane":"plant","event":"done","step":"scribe-2","code":0,"ms":77}
{"ts":"2026-06-24T02:47:19.451Z","lane":"plant","event":"start","step":"scribe-3","bin":"node","args":["/Volumes/EOS_DIGITAL/KiriPedia/botnet/workers/scribe.mjs","--worker","scribe-3","--batch","1"]}
{"ts":"2026-06-24T02:47:19.529Z","lane":"plant","event":"done","step":"scribe-3","code":0,"ms":77}
{"ts":"2026-06-24T02:47:20.923Z","lane":"office","event":"done","step":null,"code":0,"ms":15207}
{"ts":"2026-06-24T02:47:21.874Z","lane":"catch-import","event":"start","step":null,"bin":"node","args":["/Volumes/EOS_DIGITAL/KiriPedia/botnet/workers/catch-importer.mjs","--auto-trust"]}
{"ts":"2026-06-24T02:47:21.957Z","lane":"catch-import","event":"done","step":null,"code":0,"ms":83}
{"ts":"2026-06-24T02:47:25.375Z","lane":"plant","event":"start","step":"scribe-1","bin":"node","args":["/Volumes/EOS_DIGITAL/KiriPedia/botnet/workers/scribe.mjs","--worker","scribe-1","--batch","1"]}
{"ts":"2026-06-24T02:47:25.455Z","lane":"plant","event":"done","step":"scribe-1","code":0,"ms":78}
{"ts":"2026-06-24T02:47:25.455Z","lane":"plant","event":"start","step":"scribe-2","bin":"node","args":["/Volumes/EOS_DIGITAL/KiriPedia/botnet/workers/scribe.mjs","--worker","scribe-2","--batch","1"]}
{"ts":"2026-06-24T02:47:25.534Z","lane":"plant","event":"done","step":"scribe-2","code":0,"ms":75}
{"ts":"2026-06-24T02:47:25.534Z","lane":"plant","event":"start","step":"scribe-3","bin":"node","args":["/Volumes/EOS_DIGITAL/KiriPedia/botnet/workers/scribe.mjs","--worker","scribe-3","--batch","1"]}
{"ts":"2026-06-24T02:47:25.610Z","lane":"plant","event":"done","step":"scribe-3","code":0,"ms":75}
{"ts":"2026-06-24T02:47:25.966Z","lane":"triage","event":"start","step":null,"bin":"node","args":["/Volumes/EOS_DIGITAL/KiriPedia/botnet/workers/npp.mjs"]}
{"ts":"2026-06-24T02:47:26.046Z","lane":"triage","event":"done","step":null,"code":0,"ms":79}
{"ts":"2026-06-24T02:47:30.610Z","lane":"coord","event":"start","step":null,"bin":"node","args":["/Volumes/EOS_DIGITAL/KiriPedia/botnet/workers/coordinator.mjs","--push"]}
{"ts":"2026-06-24T02:47:30.772Z","lane":"coord","event":"done","step":null,"code":2,"ms":160,"stderr":"[coordinator] scaffolder failed for 2025-09-11-wisenuts-cia-whistleblower-john-kiriakou-exposes-truths-about-911-jfk: ✗ whistleblower-protection-law (enrich): enrich target not found: whistleblower-protection-law\n\n"}
{"ts":"2026-06-24T02:47:30.772Z","lane":"coord","event":"backoff","ms":960000}
{"ts":"2026-06-24T02:47:37.095Z","lane":"prospect","event":"start","step":null,"bin":"node","args":["/Volumes/EOS_DIGITAL/KiriPedia/botnet/workers/prospector.mjs","--batch","2"]}
{"ts":"2026-06-24T02:47:38.217Z","lane":"plant","event":"start","step":"scribe-1","bin":"node","args":["/Volumes/EOS_DIGITAL/KiriPedia/botnet/workers/scribe.mjs","--worker","scribe-1","--batch","1"]}
{"ts":"2026-06-24T02:47:38.317Z","lane":"plant","event":"done","step":"scribe-1","code":0,"ms":100}
{"ts":"2026-06-24T02:47:38.318Z","lane":"plant","event":"start","step":"scribe-2","bin":"node","args":["/Volumes/EOS_DIGITAL/KiriPedia/botnet/workers/scribe.mjs","--worker","scribe-2","--batch","1"]}
{"ts":"2026-06-24T02:47:38.406Z","lane":"plant","event":"done","step":"scribe-2","code":0,"ms":86}
{"ts":"2026-06-24T02:47:38.406Z","lane":"plant","event":"start","step":"scribe-3","bin":"node","args":["/Volumes/EOS_DIGITAL/KiriPedia/botnet/workers/scribe.mjs","--worker","scribe-3","--batch","1"]}
{"ts":"2026-06-24T02:47:38.486Z","lane":"plant","event":"done","step":"scribe-3","code":0,"ms":79}
{"ts":"2026-06-24T02:47:44.002Z","lane":"prospect","event":"done","step":null,"code":0,"ms":6906}
{"ts":"2026-06-24T02:47:56.406Z","lane":"indexer","event":"start","step":null,"bin":"node","args":["/Volumes/EOS_DIGITAL/KiriPedia/botnet/workers/indexer.mjs"]}
{"ts":"2026-06-24T02:47:56.789Z","lane":"plant","event":"start","step":"scribe-1","bin":"node","args":["/Volumes/EOS_DIGITAL/KiriPedia/botnet/workers/scribe.mjs","--worker","scribe-1","--batch","1"]}
{"ts":"2026-06-24T02:47:56.865Z","lane":"plant","event":"done","step":"scribe-1","code":0,"ms":76}
{"ts":"2026-06-24T02:47:56.866Z","lane":"plant","event":"start","step":"scribe-2","bin":"node","args":["/Volumes/EOS_DIGITAL/KiriPedia/botnet/workers/scribe.mjs","--worker","scribe-2","--batch","1"]}
{"ts":"2026-06-24T02:47:56.942Z","lane":"plant","event":"done","step":"scribe-2","code":0,"ms":75}
{"ts":"2026-06-24T02:47:56.942Z","lane":"plant","event":"start","step":"scribe-3","bin":"node","args":["/Volumes/EOS_DIGITAL/KiriPedia/botnet/workers/scribe.mjs","--worker","scribe-3","--batch","1"]}
{"ts":"2026-06-24T02:47:57.019Z","lane":"plant","event":"done","step":"scribe-3","code":0,"ms":76}
{"ts":"2026-06-24T02:47:58.976Z","lane":"indexer","event":"done","step":null,"code":0,"ms":2569}
{"ts":"2026-06-24T02:48:00.225Z","lane":"plant2","event":"start","step":"cat-1","bin":"node","args":["/Volumes/EOS_DIGITAL/KiriPedia/botnet/workers/cataloger-editor.mjs","--worker","cataloger-1","--batch","1"]}
{"ts":"2026-06-24T02:48:00.302Z","lane":"plant2","event":"done","step":"cat-1","code":0,"ms":76}
{"ts":"2026-06-24T02:48:00.302Z","lane":"plant2","event":"start","step":"cat-2","bin":"node","args":["/Volumes/EOS_DIGITAL/KiriPedia/botnet/workers/cataloger-editor.mjs","--worker","cataloger-2","--batch","1"]}
{"ts":"2026-06-24T02:48:00.375Z","lane":"plant2","event":"done","step":"cat-2","code":0,"ms":72}
{"ts":"2026-06-24T02:48:22.231Z","lane":"plant2","event":"start","step":"cat-1","bin":"node","args":["/Volumes/EOS_DIGITAL/KiriPedia/botnet/workers/cataloger-editor.mjs","--worker","cataloger-1","--batch","1"]}
{"ts":"2026-06-24T02:48:22.307Z","lane":"plant2","event":"done","step":"cat-1","code":0,"ms":75}
{"ts":"2026-06-24T02:48:22.307Z","lane":"plant2","event":"start","step":"cat-2","bin":"node","args":["/Volumes/EOS_DIGITAL/KiriPedia/botnet/workers/cataloger-editor.mjs","--worker","cataloger-2","--batch","1"]}
{"ts":"2026-06-24T02:48:22.380Z","lane":"plant2","event":"done","step":"cat-2","code":0,"ms":71}
{"ts":"2026-06-24T02:48:24.772Z","lane":"plant2","event":"start","step":"cat-1","bin":"node","args":["/Volumes/EOS_DIGITAL/KiriPedia/botnet/workers/cataloger-editor.mjs","--worker","cataloger-1","--batch","1"]}
{"ts":"2026-06-24T02:48:24.847Z","lane":"plant2","event":"done","step":"cat-1","code":0,"ms":74}
{"ts":"2026-06-24T02:48:24.847Z","lane":"plant2","event":"start","step":"cat-2","bin":"node","args":["/Volumes/EOS_DIGITAL/KiriPedia/botnet/workers/cataloger-editor.mjs","--worker","cataloger-2","--batch","1"]}
{"ts":"2026-06-24T02:48:24.924Z","lane":"plant2","event":"done","step":"cat-2","code":0,"ms":73}
{"ts":"2026-06-24T02:48:31.429Z","lane":"snapshot","event":"start","step":null,"bin":"node","args":["/Volumes/EOS_DIGITAL/KiriPedia/botnet/lib/snapshot-writer.mjs"]}
{"ts":"2026-06-24T02:48:31.510Z","lane":"snapshot","event":"done","step":null,"code":0,"ms":80}
{"ts":"2026-06-24T02:48:45.172Z","lane":"plant2","event":"start","step":"cat-1","bin":"node","args":["/Volumes/EOS_DIGITAL/KiriPedia/botnet/workers/cataloger-editor.mjs","--worker","cataloger-1","--batch","1"]}
{"ts":"2026-06-24T02:48:45.248Z","lane":"plant2","event":"done","step":"cat-1","code":0,"ms":75}
{"ts":"2026-06-24T02:48:45.248Z","lane":"plant2","event":"start","step":"cat-2","bin":"node","args":["/Volumes/EOS_DIGITAL/KiriPedia/botnet/workers/cataloger-editor.mjs","--worker","cataloger-2","--batch","1"]}
{"ts":"2026-06-24T02:48:45.320Z","lane":"plant2","event":"done","step":"cat-2","code":0,"ms":70}
{"ts":"2026-06-24T02:48:52.465Z","lane":"catch-import","event":"start","step":null,"bin":"node","args":["/Volumes/EOS_DIGITAL/KiriPedia/botnet/workers/catch-importer.mjs","--auto-trust"]}
{"ts":"2026-06-24T02:48:52.544Z","lane":"catch-import","event":"done","step":null,"code":0,"ms":79}
{"ts":"2026-06-24T02:48:55.636Z","lane":"triage","event":"start","step":null,"bin":"node","args":["/Volumes/EOS_DIGITAL/KiriPedia/botnet/workers/npp.mjs"]}
{"ts":"2026-06-24T02:48:55.638Z","lane":"plant","event":"start","step":"scribe-1","bin":"node","args":["/Volumes/EOS_DIGITAL/KiriPedia/botnet/workers/scribe.mjs","--worker","scribe-1","--batch","1"]}
{"ts":"2026-06-24T02:48:55.714Z","lane":"plant","event":"done","step":"scribe-1","code":0,"ms":76}
{"ts":"2026-06-24T02:48:55.714Z","lane":"plant","event":"start","step":"scribe-2","bin":"node","args":["/Volumes/EOS_DIGITAL/KiriPedia/botnet/workers/scribe.mjs","--worker","scribe-2","--batch","1"]}
{"ts":"2026-06-24T02:48:55.715Z","lane":"triage","event":"done","step":null,"code":0,"ms":79}
{"ts":"2026-06-24T02:48:55.787Z","lane":"plant","event":"done","step":"scribe-2","code":0,"ms":72}
{"ts":"2026-06-24T02:48:55.787Z","lane":"plant","event":"start","step":"scribe-3","bin":"node","args":["/Volumes/EOS_DIGITAL/KiriPedia/botnet/workers/scribe.mjs","--worker","scribe-3","--batch","1"]}
{"ts":"2026-06-24T02:48:55.861Z","lane":"plant","event":"done","step":"scribe-3","code":0,"ms":72}
{"ts":"2026-06-24T02:49:00.411Z","lane":"plant","event":"start","step":"scribe-1","bin":"node","args":["/Volumes/EOS_DIGITAL/KiriPedia/botnet/workers/scribe.mjs","--worker","scribe-1","--batch","1"]}
{"ts":"2026-06-24T02:49:00.489Z","lane":"plant","event":"done","step":"scribe-1","code":0,"ms":77}
{"ts":"2026-06-24T02:49:00.489Z","lane":"plant","event":"start","step":"scribe-2","bin":"node","args":["/Volumes/EOS_DIGITAL/KiriPedia/botnet/workers/scribe.mjs","--worker","scribe-2","--batch","1"]}
{"ts":"2026-06-24T02:49:00.564Z","lane":"plant","event":"done","step":"scribe-2","code":0,"ms":73}
{"ts":"2026-06-24T02:49:00.564Z","lane":"plant","event":"start","step":"scribe-3","bin":"node","args":["/Volumes/EOS_DIGITAL/KiriPedia/botnet/workers/scribe.mjs","--worker","scribe-3","--batch","1"]}
{"ts":"2026-06-24T02:49:00.641Z","lane":"plant","event":"done","step":"scribe-3","code":0,"ms":72}
{"ts":"2026-06-24T02:49:03.725Z","lane":"reviewer","event":"start","step":null,"bin":"node","args":["/Volumes/EOS_DIGITAL/KiriPedia/botnet/workers/reviewer.mjs"]}
{"ts":"2026-06-24T02:49:03.800Z","lane":"reviewer","event":"done","step":null,"code":0,"ms":74}
{"ts":"2026-06-24T02:49:08.700Z","lane":"plant","event":"start","step":"scribe-1","bin":"node","args":["/Volumes/EOS_DIGITAL/KiriPedia/botnet/workers/scribe.mjs","--worker","scribe-1","--batch","1"]}
{"ts":"2026-06-24T02:49:08.796Z","lane":"plant","event":"done","step":"scribe-1","code":0,"ms":96}
{"ts":"2026-06-24T02:49:08.796Z","lane":"plant","event":"start","step":"scribe-2","bin":"node","args":["/Volumes/EOS_DIGITAL/KiriPedia/botnet/workers/scribe.mjs","--worker","scribe-2","--batch","1"]}
{"ts":"2026-06-24T02:49:08.876Z","lane":"plant","event":"done","step":"scribe-2","code":0,"ms":79}
{"ts":"2026-06-24T02:49:08.876Z","lane":"plant","event":"start","step":"scribe-3","bin":"node","args":["/Volumes/EOS_DIGITAL/KiriPedia/botnet/workers/scribe.mjs","--worker","scribe-3","--batch","1"]}
{"ts":"2026-06-24T02:49:08.956Z","lane":"plant","event":"done","step":"scribe-3","code":0,"ms":79}
{"ts":"2026-06-24T02:49:16.647Z","lane":"mining","event":"start","step":"deepener","bin":"node","args":["/Volumes/EOS_DIGITAL/KiriPedia/botnet/workers/deepener.mjs","--batch","5"]}
{"ts":"2026-06-24T02:49:23.015Z","lane":"plant","event":"start","step":"scribe-1","bin":"node","args":["/Volumes/EOS_DIGITAL/KiriPedia/botnet/workers/scribe.mjs","--worker","scribe-1","--batch","1"]}
{"ts":"2026-06-24T02:49:23.094Z","lane":"plant","event":"done","step":"scribe-1","code":0,"ms":78}
{"ts":"2026-06-24T02:49:23.094Z","lane":"plant","event":"start","step":"scribe-2","bin":"node","args":["/Volumes/EOS_DIGITAL/KiriPedia/botnet/workers/scribe.mjs","--worker","scribe-2","--batch","1"]}
{"ts":"2026-06-24T02:49:23.175Z","lane":"plant","event":"done","step":"scribe-2","code":0,"ms":79}
{"ts":"2026-06-24T02:49:23.175Z","lane":"plant","event":"start","step":"scribe-3","bin":"node","args":["/Volumes/EOS_DIGITAL/KiriPedia/botnet/workers/scribe.mjs","--worker","scribe-3","--batch","1"]}
{"ts":"2026-06-24T02:49:23.254Z","lane":"plant","event":"done","step":"scribe-3","code":0,"ms":77}
{"ts":"2026-06-24T02:49:24.603Z","lane":"plant2","event":"start","step":"cat-1","bin":"node","args":["/Volumes/EOS_DIGITAL/KiriPedia/botnet/workers/cataloger-editor.mjs","--worker","cataloger-1","--batch","1"]}
{"ts":"2026-06-24T02:49:24.681Z","lane":"plant2","event":"done","step":"cat-1","code":0,"ms":77}
{"ts":"2026-06-24T02:49:24.681Z","lane":"plant2","event":"start","step":"cat-2","bin":"node","args":["/Volumes/EOS_DIGITAL/KiriPedia/botnet/workers/cataloger-editor.mjs","--worker","cataloger-2","--batch","1"]}
{"ts":"2026-06-24T02:49:24.761Z","lane":"plant2","event":"done","step":"cat-2","code":0,"ms":79}
{"ts":"2026-06-24T02:49:26.159Z","lane":"catch-import","event":"start","step":null,"bin":"node","args":["/Volumes/EOS_DIGITAL/KiriPedia/botnet/workers/catch-importer.mjs","--auto-trust"]}
{"ts":"2026-06-24T02:49:26.237Z","lane":"catch-import","event":"done","step":null,"code":0,"ms":77}
{"ts":"2026-06-24T02:49:35.514Z","lane":"plant","event":"start","step":"scribe-1","bin":"node","args":["/Volumes/EOS_DIGITAL/KiriPedia/botnet/workers/scribe.mjs","--worker","scribe-1","--batch","1"]}
{"ts":"2026-06-24T02:49:35.591Z","lane":"plant","event":"done","step":"scribe-1","code":0,"ms":77}
{"ts":"2026-06-24T02:49:35.591Z","lane":"plant","event":"start","step":"scribe-2","bin":"node","args":["/Volumes/EOS_DIGITAL/KiriPedia/botnet/workers/scribe.mjs","--worker","scribe-2","--batch","1"]}
{"ts":"2026-06-24T02:49:35.713Z","lane":"plant","event":"done","step":"scribe-2","code":0,"ms":76}
{"ts":"2026-06-24T02:49:35.713Z","lane":"plant","event":"start","step":"scribe-3","bin":"node","args":["/Volumes/EOS_DIGITAL/KiriPedia/botnet/workers/scribe.mjs","--worker","scribe-3","--batch","1"]}
{"ts":"2026-06-24T02:49:35.905Z","lane":"plant","event":"done","step":"scribe-3","code":0,"ms":77}
{"ts":"2026-06-24T02:49:43.151Z","lane":"office","event":"start","step":null,"bin":"node","args":["/Volumes/EOS_DIGITAL/KiriPedia/botnet/workers/office-manager.mjs"]}
{"ts":"2026-06-24T02:49:47.170Z","lane":"trawler","event":"done","step":null,"code":-1,"ms":1199992,"stderr":"[trawler:youtube] Run 1/4 for 2026-06-24.\n"}
{"ts":"2026-06-24T02:49:47.170Z","lane":"trawler","event":"backoff","ms":30000}
{"ts":"2026-06-24T02:49:47.838Z","lane":"snapshot","event":"start","step":null,"bin":"node","args":["/Volumes/EOS_DIGITAL/KiriPedia/botnet/lib/snapshot-writer.mjs"]}
{"ts":"2026-06-24T02:49:47.916Z","lane":"snapshot","event":"done","step":null,"code":0,"ms":77}
{"ts":"2026-06-24T02:49:48.218Z","lane":"plant2","event":"start","step":"cat-1","bin":"node","args":["/Volumes/EOS_DIGITAL/KiriPedia/botnet/workers/cataloger-editor.mjs","--worker","cataloger-1","--batch","1"]}
{"ts":"2026-06-24T02:49:48.295Z","lane":"plant2","event":"done","step":"cat-1","code":0,"ms":76}
{"ts":"2026-06-24T02:49:48.295Z","lane":"plant2","event":"start","step":"cat-2","bin":"node","args":["/Volumes/EOS_DIGITAL/KiriPedia/botnet/workers/cataloger-editor.mjs","--worker","cataloger-2","--batch","1"]}
{"ts":"2026-06-24T02:49:48.373Z","lane":"plant2","event":"done","step":"cat-2","code":0,"ms":76}
{"ts":"2026-06-24T02:49:54.091Z","lane":"coord","event":"start","step":null,"bin":"node","args":["/Volumes/EOS_DIGITAL/KiriPedia/botnet/workers/coordinator.mjs"]}
{"ts":"2026-06-24T02:49:54.240Z","lane":"coord","event":"done","step":null,"code":2,"ms":148,"stderr":"[coordinator] scaffolder failed for 2025-09-11-wisenuts-cia-whistleblower-john-kiriakou-exposes-truths-about-911-jfk: ✗ whistleblower-protection-law (enrich): enrich target not found: whistleblower-protection-law\n\n"}
{"ts":"2026-06-24T02:49:54.240Z","lane":"coord","event":"backoff","ms":960000}
{"ts":"2026-06-24T02:49:59.969Z","lane":"triage","event":"start","step":null,"bin":"node","args":["/Volumes/EOS_DIGITAL/KiriPedia/botnet/workers/npp.mjs"]}
{"ts":"2026-06-24T02:50:00.060Z","lane":"triage","event":"done","step":null,"code":0,"ms":90}
{"ts":"2026-06-24T02:50:03.800Z","lane":"office","event":"done","step":null,"code":0,"ms":20649}
{"ts":"2026-06-24T02:50:06.560Z","lane":"plant2","event":"start","step":"cat-1","bin":"node","args":["/Volumes/EOS_DIGITAL/KiriPedia/botnet/workers/cataloger-editor.mjs","--worker","cataloger-1","--batch","1"]}
{"ts":"2026-06-24T02:50:06.638Z","lane":"plant2","event":"done","step":"cat-1","code":0,"ms":78}
{"ts":"2026-06-24T02:50:06.638Z","lane":"plant2","event":"start","step":"cat-2","bin":"node","args":["/Volumes/EOS_DIGITAL/KiriPedia/botnet/workers/cataloger-editor.mjs","--worker","cataloger-2","--batch","1"]}
{"ts":"2026-06-24T02:50:06.716Z","lane":"plant2","event":"done","step":"cat-2","code":0,"ms":76}
{"ts":"2026-06-24T02:50:07.883Z","lane":"mining","event":"done","step":"deepener","code":0,"ms":51235}
{"ts":"2026-06-24T02:50:07.883Z","lane":"mining","event":"start","step":"enricher","bin":"node","args":["/Volumes/EOS_DIGITAL/KiriPedia/botnet/workers/enricher.mjs","--batch","5"]}
{"ts":"2026-06-24T02:50:09.312Z","lane":"coord","event":"start","step":null,"bin":"node","args":["/Volumes/EOS_DIGITAL/KiriPedia/botnet/workers/coordinator.mjs"]}
{"ts":"2026-06-24T02:50:09.471Z","lane":"coord","event":"done","step":null,"code":2,"ms":158,"stderr":"[coordinator] scaffolder failed for 2025-09-11-wisenuts-cia-whistleblower-john-kiriakou-exposes-truths-about-911-jfk: ✗ whistleblower-protection-law (enrich): enrich target not found: whistleblower-protection-law\n\n"}
{"ts":"2026-06-24T02:50:09.471Z","lane":"coord","event":"backoff","ms":480000}
{"ts":"2026-06-24T02:50:17.065Z","lane":"reviewer","event":"start","step":null,"bin":"node","args":["/Volumes/EOS_DIGITAL/KiriPedia/botnet/workers/reviewer.mjs"]}
{"ts":"2026-06-24T02:50:17.171Z","lane":"trawler","event":"start","step":null,"bin":"node","args":["/Volumes/EOS_DIGITAL/KiriPedia/fleet/trawlers/youtube.mjs"]}
{"ts":"2026-06-24T02:50:17.485Z","lane":"reviewer","event":"done","step":null,"code":0,"ms":418}
{"ts":"2026-06-24T02:50:28.129Z","lane":"plant","event":"start","step":"scribe-1","bin":"node","args":["/Volumes/EOS_DIGITAL/KiriPedia/botnet/workers/scribe.mjs","--worker","scribe-1","--batch","1"]}
{"ts":"2026-06-24T02:50:28.223Z","lane":"plant","event":"done","step":"scribe-1","code":0,"ms":92}
{"ts":"2026-06-24T02:50:28.223Z","lane":"plant","event":"start","step":"scribe-2","bin":"node","args":["/Volumes/EOS_DIGITAL/KiriPedia/botnet/workers/scribe.mjs","--worker","scribe-2","--batch","1"]}
{"ts":"2026-06-24T02:50:28.310Z","lane":"plant","event":"done","step":"scribe-2","code":0,"ms":77}
{"ts":"2026-06-24T02:50:28.310Z","lane":"plant","event":"start","step":"scribe-3","bin":"node","args":["/Volumes/EOS_DIGITAL/KiriPedia/botnet/workers/scribe.mjs","--worker","scribe-3","--batch","1"]}
{"ts":"2026-06-24T02:50:28.397Z","lane":"plant","event":"done","step":"scribe-3","code":0,"ms":78}
{"ts":"2026-06-24T02:50:29.819Z","lane":"plant","event":"start","step":"scribe-1","bin":"node","args":["/Volumes/EOS_DIGITAL/KiriPedia/botnet/workers/scribe.mjs","--worker","scribe-1","--batch","1"]}
{"ts":"2026-06-24T02:50:29.906Z","lane":"plant","event":"done","step":"scribe-1","code":0,"ms":86}
{"ts":"2026-06-24T02:50:29.906Z","lane":"plant","event":"start","step":"scribe-2","bin":"node","args":["/Volumes/EOS_DIGITAL/KiriPedia/botnet/workers/scribe.mjs","--worker","scribe-2","--batch","1"]}
{"ts":"2026-06-24T02:50:29.998Z","lane":"plant","event":"done","step":"scribe-2","code":0,"ms":79}
{"ts":"2026-06-24T02:50:29.998Z","lane":"plant","event":"start","step":"scribe-3","bin":"node","args":["/Volumes/EOS_DIGITAL/KiriPedia/botnet/workers/scribe.mjs","--worker","scribe-3","--batch","1"]}
{"ts":"2026-06-24T02:50:30.088Z","lane":"plant","event":"done","step":"scribe-3","code":0,"ms":79}
{"ts":"2026-06-24T02:50:32.744Z","lane":"mining","event":"done","step":"enricher","code":0,"ms":24860}
{"ts":"2026-06-24T02:50:32.745Z","lane":"mining","event":"start","step":"weaver","bin":"node","args":["/Volumes/EOS_DIGITAL/KiriPedia/botnet/workers/weaver.mjs","--batch","5"]}
{"ts":"2026-06-24T02:50:34.113Z","lane":"snapshot","event":"start","step":null,"bin":"node","args":["/Volumes/EOS_DIGITAL/KiriPedia/botnet/lib/snapshot-writer.mjs"]}
{"ts":"2026-06-24T02:50:34.197Z","lane":"plant","event":"start","step":"scribe-1","bin":"node","args":["/Volumes/EOS_DIGITAL/KiriPedia/botnet/workers/scribe.mjs","--worker","scribe-1","--batch","1"]}
{"ts":"2026-06-24T02:50:34.220Z","lane":"snapshot","event":"done","step":null,"code":0,"ms":105}
{"ts":"2026-06-24T02:50:34.275Z","lane":"plant","event":"done","step":"scribe-1","code":0,"ms":78}
{"ts":"2026-06-24T02:50:34.276Z","lane":"plant","event":"start","step":"scribe-2","bin":"node","args":["/Volumes/EOS_DIGITAL/KiriPedia/botnet/workers/scribe.mjs","--worker","scribe-2","--batch","1"]}
{"ts":"2026-06-24T02:50:34.361Z","lane":"plant","event":"done","step":"scribe-2","code":0,"ms":76}
{"ts":"2026-06-24T02:50:34.361Z","lane":"plant","event":"start","step":"scribe-3","bin":"node","args":["/Volumes/EOS_DIGITAL/KiriPedia/botnet/workers/scribe.mjs","--worker","scribe-3","--batch","1"]}
{"ts":"2026-06-24T02:50:34.447Z","lane":"plant","event":"done","step":"scribe-3","code":0,"ms":77}
{"ts":"2026-06-24T02:50:38.863Z","lane":"plant2","event":"start","step":"cat-1","bin":"node","args":["/Volumes/EOS_DIGITAL/KiriPedia/botnet/workers/cataloger-editor.mjs","--worker","cataloger-1","--batch","1"]}
{"ts":"2026-06-24T02:50:38.941Z","lane":"plant2","event":"done","step":"cat-1","code":0,"ms":77}
{"ts":"2026-06-24T02:50:38.941Z","lane":"plant2","event":"start","step":"cat-2","bin":"node","args":["/Volumes/EOS_DIGITAL/KiriPedia/botnet/workers/cataloger-editor.mjs","--worker","cataloger-2","--batch","1"]}
{"ts":"2026-06-24T02:50:39.020Z","lane":"plant2","event":"done","step":"cat-2","code":0,"ms":77}
{"ts":"2026-06-24T02:50:46.636Z","lane":"plant2","event":"start","step":"cat-1","bin":"node","args":["/Volumes/EOS_DIGITAL/KiriPedia/botnet/workers/cataloger-editor.mjs","--worker","cataloger-1","--batch","1"]}
{"ts":"2026-06-24T02:50:46.725Z","lane":"plant2","event":"done","step":"cat-1","code":0,"ms":87}
{"ts":"2026-06-24T02:50:46.725Z","lane":"plant2","event":"start","step":"cat-2","bin":"node","args":["/Volumes/EOS_DIGITAL/KiriPedia/botnet/workers/cataloger-editor.mjs","--worker","cataloger-2","--batch","1"]}
{"ts":"2026-06-24T02:50:46.802Z","lane":"plant2","event":"done","step":"cat-2","code":0,"ms":75}
{"ts":"2026-06-24T02:50:53.730Z","lane":"plant","event":"start","step":"scribe-1","bin":"node","args":["/Volumes/EOS_DIGITAL/KiriPedia/botnet/workers/scribe.mjs","--worker","scribe-1","--batch","1"]}
{"ts":"2026-06-24T02:50:53.813Z","lane":"plant","event":"done","step":"scribe-1","code":0,"ms":82}
{"ts":"2026-06-24T02:50:53.814Z","lane":"plant","event":"start","step":"scribe-2","bin":"node","args":["/Volumes/EOS_DIGITAL/KiriPedia/botnet/workers/scribe.mjs","--worker","scribe-2","--batch","1"]}
{"ts":"2026-06-24T02:50:53.898Z","lane":"plant","event":"done","step":"scribe-2","code":0,"ms":83}
{"ts":"2026-06-24T02:50:53.898Z","lane":"plant","event":"start","step":"scribe-3","bin":"node","args":["/Volumes/EOS_DIGITAL/KiriPedia/botnet/workers/scribe.mjs","--worker","scribe-3","--batch","1"]}
{"ts":"2026-06-24T02:50:53.978Z","lane":"plant","event":"done","step":"scribe-3","code":0,"ms":77}
{"ts":"2026-06-24T02:51:01.007Z","lane":"plant","event":"start","step":"scribe-1","bin":"node","args":["/Volumes/EOS_DIGITAL/KiriPedia/botnet/workers/scribe.mjs","--worker","scribe-1","--batch","1"]}
{"ts":"2026-06-24T02:51:01.103Z","lane":"plant","event":"done","step":"scribe-1","code":0,"ms":95}
{"ts":"2026-06-24T02:51:01.104Z","lane":"plant","event":"start","step":"scribe-2","bin":"node","args":["/Volumes/EOS_DIGITAL/KiriPedia/botnet/workers/scribe.mjs","--worker","scribe-2","--batch","1"]}
{"ts":"2026-06-24T02:51:01.185Z","lane":"plant","event":"done","step":"scribe-2","code":0,"ms":80}
{"ts":"2026-06-24T02:51:01.185Z","lane":"plant","event":"start","step":"scribe-3","bin":"node","args":["/Volumes/EOS_DIGITAL/KiriPedia/botnet/workers/scribe.mjs","--worker","scribe-3","--batch","1"]}
{"ts":"2026-06-24T02:51:01.267Z","lane":"plant","event":"done","step":"scribe-3","code":0,"ms":77}
{"ts":"2026-06-24T02:51:04.853Z","lane":"mining","event":"done","step":"weaver","code":0,"ms":32097}
{"ts":"2026-06-24T02:51:07.738Z","lane":"reviewer","event":"start","step":null,"bin":"node","args":["/Volumes/EOS_DIGITAL/KiriPedia/botnet/workers/reviewer.mjs"]}
{"ts":"2026-06-24T02:51:07.816Z","lane":"reviewer","event":"done","step":null,"code":0,"ms":77}
{"ts":"2026-06-24T02:51:18.857Z","lane":"reviewer","event":"start","step":null,"bin":"node","args":["/Volumes/EOS_DIGITAL/KiriPedia/botnet/workers/reviewer.mjs"]}
{"ts":"2026-06-24T02:51:20.660Z","lane":"reviewer","event":"done","step":null,"code":0,"ms":526}
{"ts":"2026-06-24T02:51:21.225Z","lane":"catch-import","event":"start","step":null,"bin":"node","args":["/Volumes/EOS_DIGITAL/KiriPedia/botnet/workers/catch-importer.mjs","--auto-trust"]}
{"ts":"2026-06-24T02:51:21.301Z","lane":"catch-import","event":"done","step":null,"code":0,"ms":76}
{"ts":"2026-06-24T02:51:25.904Z","lane":"plant2","event":"start","step":"cat-1","bin":"node","args":["/Volumes/EOS_DIGITAL/KiriPedia/botnet/workers/cataloger-editor.mjs","--worker","cataloger-1","--batch","1"]}
{"ts":"2026-06-24T02:51:25.985Z","lane":"plant2","event":"done","step":"cat-1","code":0,"ms":80}
{"ts":"2026-06-24T02:51:25.985Z","lane":"plant2","event":"start","step":"cat-2","bin":"node","args":["/Volumes/EOS_DIGITAL/KiriPedia/botnet/workers/cataloger-editor.mjs","--worker","cataloger-2","--batch","1"]}
{"ts":"2026-06-24T02:51:26.059Z","lane":"plant2","event":"done","step":"cat-2","code":0,"ms":72}
{"ts":"2026-06-24T02:51:30.248Z","lane":"plant2","event":"start","step":"cat-1","bin":"node","args":["/Volumes/EOS_DIGITAL/KiriPedia/botnet/workers/cataloger-editor.mjs","--worker","cataloger-1","--batch","1"]}
{"ts":"2026-06-24T02:51:30.337Z","lane":"plant2","event":"done","step":"cat-1","code":0,"ms":88}
{"ts":"2026-06-24T02:51:30.338Z","lane":"plant2","event":"start","step":"cat-2","bin":"node","args":["/Volumes/EOS_DIGITAL/KiriPedia/botnet/workers/cataloger-editor.mjs","--worker","cataloger-2","--batch","1"]}
{"ts":"2026-06-24T02:51:30.411Z","lane":"plant2","event":"done","step":"cat-2","code":0,"ms":72}
{"ts":"2026-06-24T02:51:40.557Z","lane":"snapshot","event":"start","step":null,"bin":"node","args":["/Volumes/EOS_DIGITAL/KiriPedia/botnet/lib/snapshot-writer.mjs"]}
{"ts":"2026-06-24T02:51:40.652Z","lane":"snapshot","event":"done","step":null,"code":0,"ms":93}
{"ts":"2026-06-24T02:51:47.484Z","lane":"triage","event":"start","step":null,"bin":"node","args":["/Volumes/EOS_DIGITAL/KiriPedia/botnet/workers/npp.mjs"]}
{"ts":"2026-06-24T02:51:47.563Z","lane":"triage","event":"done","step":null,"code":0,"ms":78}
{"ts":"2026-06-24T02:51:48.771Z","lane":"plant2","event":"start","step":"cat-1","bin":"node","args":["/Volumes/EOS_DIGITAL/KiriPedia/botnet/workers/cataloger-editor.mjs","--worker","cataloger-1","--batch","1"]}
{"ts":"2026-06-24T02:51:48.845Z","lane":"plant2","event":"done","step":"cat-1","code":0,"ms":74}
{"ts":"2026-06-24T02:51:48.845Z","lane":"plant2","event":"start","step":"cat-2","bin":"node","args":["/Volumes/EOS_DIGITAL/KiriPedia/botnet/workers/cataloger-editor.mjs","--worker","cataloger-2","--batch","1"]}
{"ts":"2026-06-24T02:51:48.919Z","lane":"plant2","event":"done","step":"cat-2","code":0,"ms":72}
{"ts":"2026-06-24T02:51:52.322Z","lane":"plant","event":"start","step":"scribe-1","bin":"node","args":["/Volumes/EOS_DIGITAL/KiriPedia/botnet/workers/scribe.mjs","--worker","scribe-1","--batch","1"]}
{"ts":"2026-06-24T02:51:52.405Z","lane":"plant","event":"done","step":"scribe-1","code":0,"ms":83}
{"ts":"2026-06-24T02:51:52.406Z","lane":"plant","event":"start","step":"scribe-2","bin":"node","args":["/Volumes/EOS_DIGITAL/KiriPedia/botnet/workers/scribe.mjs","--worker","scribe-2","--batch","1"]}
{"ts":"2026-06-24T02:51:52.489Z","lane":"plant","event":"done","step":"scribe-2","code":0,"ms":81}
{"ts":"2026-06-24T02:51:52.489Z","lane":"plant","event":"start","step":"scribe-3","bin":"node","args":["/Volumes/EOS_DIGITAL/KiriPedia/botnet/workers/scribe.mjs","--worker","scribe-3","--batch","1"]}
{"ts":"2026-06-24T02:51:52.570Z","lane":"plant","event":"done","step":"scribe-3","code":0,"ms":74}
{"ts":"2026-06-24T02:51:57.144Z","lane":"reviewer","event":"start","step":null,"bin":"node","args":["/Volumes/EOS_DIGITAL/KiriPedia/botnet/workers/reviewer.mjs"]}
{"ts":"2026-06-24T02:51:57.221Z","lane":"reviewer","event":"done","step":null,"code":0,"ms":77}
{"ts":"2026-06-24T02:51:59.306Z","lane":"trawler","event":"done","step":null,"code":-1,"ms":1199992,"stderr":"[trawler:youtube] Run 1/4 for 2026-06-24.\n"}
{"ts":"2026-06-24T02:51:59.307Z","lane":"trawler","event":"backoff","ms":30000}
{"ts":"2026-06-24T02:51:59.884Z","lane":"snapshot","event":"start","step":null,"bin":"node","args":["/Volumes/EOS_DIGITAL/KiriPedia/botnet/lib/snapshot-writer.mjs"]}
{"ts":"2026-06-24T02:51:59.968Z","lane":"snapshot","event":"done","step":null,"code":0,"ms":83}
{"ts":"2026-06-24T02:52:11.146Z","lane":"plant","event":"start","step":"scribe-1","bin":"node","args":["/Volumes/EOS_DIGITAL/KiriPedia/botnet/workers/scribe.mjs","--worker","scribe-1","--batch","1"]}
{"ts":"2026-06-24T02:52:11.227Z","lane":"plant","event":"done","step":"scribe-1","code":0,"ms":79}
{"ts":"2026-06-24T02:52:11.227Z","lane":"plant","event":"start","step":"scribe-2","bin":"node","args":["/Volumes/EOS_DIGITAL/KiriPedia/botnet/workers/scribe.mjs","--worker","scribe-2","--batch","1"]}
{"ts":"2026-06-24T02:52:11.301Z","lane":"plant","event":"done","step":"scribe-2","code":0,"ms":73}
{"ts":"2026-06-24T02:52:11.301Z","lane":"plant","event":"start","step":"scribe-3","bin":"node","args":["/Volumes/EOS_DIGITAL/KiriPedia/botnet/workers/scribe.mjs","--worker","scribe-3","--batch","1"]}
{"ts":"2026-06-24T02:52:11.375Z","lane":"plant","event":"done","step":"scribe-3","code":0,"ms":73}
{"ts":"2026-06-24T02:52:14.881Z","event":"boot","pid":323,"lanes":["trawler","catch-import","triage","plant","plant2","reviewer","coord","indexer","mining","weaver2","prospect","sentry","snapshot"],"push":true}
{"ts":"2026-06-24T02:52:14.884Z","lane":"trawler","event":"start","step":null,"bin":"node","args":["/Volumes/EOS_DIGITAL/KiriPedia/fleet/trawlers/youtube.mjs"]}
{"ts":"2026-06-24T02:52:14.888Z","lane":"catch-import","event":"start","step":null,"bin":"node","args":["/Volumes/EOS_DIGITAL/KiriPedia/botnet/workers/catch-importer.mjs","--auto-trust"]}
{"ts":"2026-06-24T02:52:14.890Z","lane":"triage","event":"start","step":null,"bin":"node","args":["/Volumes/EOS_DIGITAL/KiriPedia/botnet/workers/npp.mjs"]}
{"ts":"2026-06-24T02:52:14.891Z","lane":"plant","event":"start","step":"scribe-1","bin":"node","args":["/Volumes/EOS_DIGITAL/KiriPedia/botnet/workers/scribe.mjs","--worker","scribe-1","--batch","1"]}
{"ts":"2026-06-24T02:52:14.894Z","lane":"plant2","event":"start","step":"cat-1","bin":"node","args":["/Volumes/EOS_DIGITAL/KiriPedia/botnet/workers/cataloger-editor.mjs","--worker","cataloger-1","--batch","1"]}
{"ts":"2026-06-24T02:52:14.898Z","lane":"reviewer","event":"start","step":null,"bin":"node","args":["/Volumes/EOS_DIGITAL/KiriPedia/botnet/workers/reviewer.mjs"]}
{"ts":"2026-06-24T02:52:14.900Z","lane":"coord","event":"start","step":null,"bin":"node","args":["/Volumes/EOS_DIGITAL/KiriPedia/botnet/workers/coordinator.mjs","--push"]}
{"ts":"2026-06-24T02:52:14.903Z","lane":"indexer","event":"start","step":null,"bin":"node","args":["/Volumes/EOS_DIGITAL/KiriPedia/botnet/workers/indexer.mjs"]}
{"ts":"2026-06-24T02:52:14.919Z","lane":"mining","event":"start","step":"deepener","bin":"node","args":["/Volumes/EOS_DIGITAL/KiriPedia/botnet/workers/deepener.mjs","--batch","5"]}
{"ts":"2026-06-24T02:52:14.928Z","lane":"weaver2","event":"start","step":null,"bin":"node","args":["/Volumes/EOS_DIGITAL/KiriPedia/botnet/workers/reweaver.mjs","--batch","3"]}
{"ts":"2026-06-24T02:52:14.935Z","lane":"prospect","event":"start","step":null,"bin":"node","args":["/Volumes/EOS_DIGITAL/KiriPedia/botnet/workers/prospector.mjs","--batch","2"]}
{"ts":"2026-06-24T02:52:14.946Z","lane":"sentry","event":"start","step":null,"bin":"node","args":["/Volumes/EOS_DIGITAL/KiriPedia/botnet/workers/mouth-sentry.mjs"]}
{"ts":"2026-06-24T02:52:14.957Z","lane":"snapshot","event":"start","step":null,"bin":"node","args":["/Volumes/EOS_DIGITAL/KiriPedia/botnet/lib/snapshot-writer.mjs"]}
{"ts":"2026-06-24T02:52:15.103Z","lane":"plant2","event":"done","step":"cat-1","code":0,"ms":209}
{"ts":"2026-06-24T02:52:15.104Z","lane":"plant2","event":"start","step":"cat-2","bin":"node","args":["/Volumes/EOS_DIGITAL/KiriPedia/botnet/workers/cataloger-editor.mjs","--worker","cataloger-2","--batch","1"]}
{"ts":"2026-06-24T02:52:15.139Z","lane":"plant","event":"done","step":"scribe-1","code":0,"ms":246}
{"ts":"2026-06-24T02:52:15.139Z","lane":"plant","event":"start","step":"scribe-2","bin":"node","args":["/Volumes/EOS_DIGITAL/KiriPedia/botnet/workers/scribe.mjs","--worker","scribe-2","--batch","1"]}
{"ts":"2026-06-24T02:52:15.158Z","lane":"coord","event":"done","step":null,"code":0,"ms":257}
{"ts":"2026-06-24T02:52:15.162Z","lane":"catch-import","event":"done","step":null,"code":0,"ms":273}
{"ts":"2026-06-24T02:52:15.163Z","lane":"triage","event":"done","step":null,"code":0,"ms":273}
{"ts":"2026-06-24T02:52:15.169Z","lane":"reviewer","event":"done","step":null,"code":0,"ms":271}
{"ts":"2026-06-24T02:52:15.212Z","lane":"snapshot","event":"done","step":null,"code":0,"ms":255}
{"ts":"2026-06-24T02:52:15.252Z","lane":"plant2","event":"done","step":"cat-2","code":0,"ms":144}
{"ts":"2026-06-24T02:52:15.257Z","lane":"plant","event":"done","step":"scribe-2","code":0,"ms":114}
{"ts":"2026-06-24T02:52:15.258Z","lane":"plant","event":"start","step":"scribe-3","bin":"node","args":["/Volumes/EOS_DIGITAL/KiriPedia/botnet/workers/scribe.mjs","--worker","scribe-3","--batch","1"]}
{"ts":"2026-06-24T02:52:15.343Z","lane":"plant","event":"done","step":"scribe-3","code":0,"ms":81}
{"ts":"2026-06-24T02:52:15.433Z","lane":"sentry","event":"done","step":null,"code":0,"ms":487}
{"ts":"2026-06-24T02:52:16.588Z","lane":"weaver2","event":"done","step":null,"code":0,"ms":1660}
{"ts":"2026-06-24T02:52:17.199Z","lane":"plant","event":"start","step":"scribe-1","bin":"node","args":["/Volumes/EOS_DIGITAL/KiriPedia/botnet/workers/scribe.mjs","--worker","scribe-1","--batch","1"]}
{"ts":"2026-06-24T02:52:17.328Z","lane":"plant","event":"done","step":"scribe-1","code":0,"ms":129}
{"ts":"2026-06-24T02:52:17.329Z","lane":"plant","event":"start","step":"scribe-2","bin":"node","args":["/Volumes/EOS_DIGITAL/KiriPedia/botnet/workers/scribe.mjs","--worker","scribe-2","--batch","1"]}
{"ts":"2026-06-24T02:52:17.449Z","lane":"plant","event":"done","step":"scribe-2","code":0,"ms":119}
{"ts":"2026-06-24T02:52:17.449Z","lane":"plant","event":"start","step":"scribe-3","bin":"node","args":["/Volumes/EOS_DIGITAL/KiriPedia/botnet/workers/scribe.mjs","--worker","scribe-3","--batch","1"]}
{"ts":"2026-06-24T02:52:17.560Z","lane":"plant","event":"done","step":"scribe-3","code":0,"ms":109}
{"ts":"2026-06-24T02:52:18.971Z","lane":"indexer","event":"done","step":null,"code":0,"ms":4068}
{"ts":"2026-06-24T02:52:23.534Z","lane":"prospect","event":"done","step":null,"code":0,"ms":8599}
{"ts":"2026-06-24T02:52:28.660Z","lane":"plant","event":"start","step":"scribe-1","bin":"node","args":["/Volumes/EOS_DIGITAL/KiriPedia/botnet/workers/scribe.mjs","--worker","scribe-1","--batch","1"]}
{"ts":"2026-06-24T02:52:28.735Z","lane":"plant","event":"done","step":"scribe-1","code":0,"ms":75}
{"ts":"2026-06-24T02:52:28.735Z","lane":"plant","event":"start","step":"scribe-2","bin":"node","args":["/Volumes/EOS_DIGITAL/KiriPedia/botnet/workers/scribe.mjs","--worker","scribe-2","--batch","1"]}
{"ts":"2026-06-24T02:52:28.812Z","lane":"plant","event":"done","step":"scribe-2","code":0,"ms":75}
{"ts":"2026-06-24T02:52:28.812Z","lane":"plant","event":"start","step":"scribe-3","bin":"node","args":["/Volumes/EOS_DIGITAL/KiriPedia/botnet/workers/scribe.mjs","--worker","scribe-3","--batch","1"]}
{"ts":"2026-06-24T02:52:28.891Z","lane":"plant","event":"done","step":"scribe-3","code":0,"ms":77}
{"ts":"2026-06-24T02:52:29.309Z","lane":"trawler","event":"start","step":null,"bin":"node","args":["/Volumes/EOS_DIGITAL/KiriPedia/fleet/trawlers/youtube.mjs"]}
{"ts":"2026-06-24T02:52:38.894Z","lane":"plant","event":"start","step":"scribe-1","bin":"node","args":["/Volumes/EOS_DIGITAL/KiriPedia/botnet/workers/scribe.mjs","--worker","scribe-1","--batch","1"]}
{"ts":"2026-06-24T02:52:39.005Z","lane":"plant","event":"done","step":"scribe-1","code":0,"ms":109}
{"ts":"2026-06-24T02:52:39.005Z","lane":"plant","event":"start","step":"scribe-2","bin":"node","args":["/Volumes/EOS_DIGITAL/KiriPedia/botnet/workers/scribe.mjs","--worker","scribe-2","--batch","1"]}
{"ts":"2026-06-24T02:52:39.086Z","lane":"plant","event":"done","step":"scribe-2","code":0,"ms":79}
{"ts":"2026-06-24T02:52:39.086Z","lane":"plant","event":"start","step":"scribe-3","bin":"node","args":["/Volumes/EOS_DIGITAL/KiriPedia/botnet/workers/scribe.mjs","--worker","scribe-3","--batch","1"]}
{"ts":"2026-06-24T02:52:39.167Z","lane":"plant","event":"done","step":"scribe-3","code":0,"ms":79}
{"ts":"2026-06-24T02:52:39.623Z","lane":"plant2","event":"start","step":"cat-1","bin":"node","args":["/Volumes/EOS_DIGITAL/KiriPedia/botnet/workers/cataloger-editor.mjs","--worker","cataloger-1","--batch","1"]}
{"ts":"2026-06-24T02:52:39.703Z","lane":"plant2","event":"done","step":"cat-1","code":0,"ms":80}
{"ts":"2026-06-24T02:52:39.704Z","lane":"plant2","event":"start","step":"cat-2","bin":"node","args":["/Volumes/EOS_DIGITAL/KiriPedia/botnet/workers/cataloger-editor.mjs","--worker","cataloger-2","--batch","1"]}
{"ts":"2026-06-24T02:52:39.783Z","lane":"plant2","event":"done","step":"cat-2","code":0,"ms":78}
{"ts":"2026-06-24T02:52:55.965Z","lane":"plant2","event":"start","step":"cat-1","bin":"node","args":["/Volumes/EOS_DIGITAL/KiriPedia/botnet/workers/cataloger-editor.mjs","--worker","cataloger-1","--batch","1"]}
{"ts":"2026-06-24T02:52:56.075Z","lane":"plant2","event":"done","step":"cat-1","code":0,"ms":108}
{"ts":"2026-06-24T02:52:56.075Z","lane":"plant2","event":"start","step":"cat-2","bin":"node","args":["/Volumes/EOS_DIGITAL/KiriPedia/botnet/workers/cataloger-editor.mjs","--worker","cataloger-2","--batch","1"]}
{"ts":"2026-06-24T02:52:56.151Z","lane":"plant2","event":"done","step":"cat-2","code":0,"ms":75}
{"ts":"2026-06-24T02:53:09.707Z","lane":"mining","event":"done","step":"deepener","code":0,"ms":54788}
{"ts":"2026-06-24T02:53:09.708Z","lane":"mining","event":"start","step":"enricher","bin":"node","args":["/Volumes/EOS_DIGITAL/KiriPedia/botnet/workers/enricher.mjs","--batch","5"]}
{"ts":"2026-06-24T02:53:25.709Z","lane":"plant","event":"start","step":"scribe-1","bin":"node","args":["/Volumes/EOS_DIGITAL/KiriPedia/botnet/workers/scribe.mjs","--worker","scribe-1","--batch","1"]}
{"ts":"2026-06-24T02:53:25.790Z","lane":"plant","event":"done","step":"scribe-1","code":0,"ms":80}
{"ts":"2026-06-24T02:53:25.790Z","lane":"plant","event":"start","step":"scribe-2","bin":"node","args":["/Volumes/EOS_DIGITAL/KiriPedia/botnet/workers/scribe.mjs","--worker","scribe-2","--batch","1"]}
{"ts":"2026-06-24T02:53:25.873Z","lane":"plant","event":"done","step":"scribe-2","code":0,"ms":79}
{"ts":"2026-06-24T02:53:25.873Z","lane":"plant","event":"start","step":"scribe-3","bin":"node","args":["/Volumes/EOS_DIGITAL/KiriPedia/botnet/workers/scribe.mjs","--worker","scribe-3","--batch","1"]}
{"ts":"2026-06-24T02:53:25.954Z","lane":"plant","event":"done","step":"scribe-3","code":0,"ms":80}
{"ts":"2026-06-24T02:53:31.509Z","lane":"snapshot","event":"start","step":null,"bin":"node","args":["/Volumes/EOS_DIGITAL/KiriPedia/botnet/lib/snapshot-writer.mjs"]}
{"ts":"2026-06-24T02:53:31.591Z","lane":"snapshot","event":"done","step":null,"code":0,"ms":81}
{"ts":"2026-06-24T02:53:35.384Z","lane":"reviewer","event":"start","step":null,"bin":"node","args":["/Volumes/EOS_DIGITAL/KiriPedia/botnet/workers/reviewer.mjs"]}
{"ts":"2026-06-24T02:53:35.462Z","lane":"reviewer","event":"done","step":null,"code":0,"ms":78}
{"ts":"2026-06-24T02:53:35.560Z","lane":"plant","event":"start","step":"scribe-1","bin":"node","args":["/Volumes/EOS_DIGITAL/KiriPedia/botnet/workers/scribe.mjs","--worker","scribe-1","--batch","1"]}
{"ts":"2026-06-24T02:53:35.639Z","lane":"plant","event":"done","step":"scribe-1","code":0,"ms":79}
{"ts":"2026-06-24T02:53:35.639Z","lane":"plant","event":"start","step":"scribe-2","bin":"node","args":["/Volumes/EOS_DIGITAL/KiriPedia/botnet/workers/scribe.mjs","--worker","scribe-2","--batch","1"]}
{"ts":"2026-06-24T02:53:35.717Z","lane":"plant","event":"done","step":"scribe-2","code":0,"ms":77}
{"ts":"2026-06-24T02:53:35.717Z","lane":"plant","event":"start","step":"scribe-3","bin":"node","args":["/Volumes/EOS_DIGITAL/KiriPedia/botnet/workers/scribe.mjs","--worker","scribe-3","--batch","1"]}
{"ts":"2026-06-24T02:53:35.795Z","lane":"plant","event":"done","step":"scribe-3","code":0,"ms":76}
{"ts":"2026-06-24T02:53:37.586Z","lane":"mining","event":"done","step":"enricher","code":0,"ms":27877}
{"ts":"2026-06-24T02:53:37.586Z","lane":"mining","event":"start","step":"weaver","bin":"node","args":["/Volumes/EOS_DIGITAL/KiriPedia/botnet/workers/weaver.mjs","--batch","5"]}
{"ts":"2026-06-24T02:53:41.237Z","lane":"plant2","event":"start","step":"cat-1","bin":"node","args":["/Volumes/EOS_DIGITAL/KiriPedia/botnet/workers/cataloger-editor.mjs","--worker","cataloger-1","--batch","1"]}
{"ts":"2026-06-24T02:53:41.318Z","lane":"plant2","event":"done","step":"cat-1","code":0,"ms":81}
{"ts":"2026-06-24T02:53:41.318Z","lane":"plant2","event":"start","step":"cat-2","bin":"node","args":["/Volumes/EOS_DIGITAL/KiriPedia/botnet/workers/cataloger-editor.mjs","--worker","cataloger-2","--batch","1"]}
{"ts":"2026-06-24T02:53:41.398Z","lane":"plant2","event":"done","step":"cat-2","code":0,"ms":78}
{"ts":"2026-06-24T02:53:41.743Z","lane":"plant","event":"start","step":"scribe-1","bin":"node","args":["/Volumes/EOS_DIGITAL/KiriPedia/botnet/workers/scribe.mjs","--worker","scribe-1","--batch","1"]}
{"ts":"2026-06-24T02:53:41.822Z","lane":"plant","event":"done","step":"scribe-1","code":0,"ms":79}
{"ts":"2026-06-24T02:53:41.822Z","lane":"plant","event":"start","step":"scribe-2","bin":"node","args":["/Volumes/EOS_DIGITAL/KiriPedia/botnet/workers/scribe.mjs","--worker","scribe-2","--batch","1"]}
{"ts":"2026-06-24T02:53:41.904Z","lane":"plant","event":"done","step":"scribe-2","code":0,"ms":81}
{"ts":"2026-06-24T02:53:41.904Z","lane":"plant","event":"start","step":"scribe-3","bin":"node","args":["/Volumes/EOS_DIGITAL/KiriPedia/botnet/workers/scribe.mjs","--worker","scribe-3","--batch","1"]}
{"ts":"2026-06-24T02:53:41.984Z","lane":"plant","event":"done","step":"scribe-3","code":0,"ms":78}
{"ts":"2026-06-24T02:53:45.079Z","lane":"mining","event":"start","step":"deepener","bin":"node","args":["/Volumes/EOS_DIGITAL/KiriPedia/botnet/workers/deepener.mjs","--batch","5"]}
{"ts":"2026-06-24T02:53:47.911Z","lane":"plant2","event":"start","step":"cat-1","bin":"node","args":["/Volumes/EOS_DIGITAL/KiriPedia/botnet/workers/cataloger-editor.mjs","--worker","cataloger-1","--batch","1"]}
{"ts":"2026-06-24T02:53:47.997Z","lane":"plant2","event":"done","step":"cat-1","code":0,"ms":84}
{"ts":"2026-06-24T02:53:47.997Z","lane":"plant2","event":"start","step":"cat-2","bin":"node","args":["/Volumes/EOS_DIGITAL/KiriPedia/botnet/workers/cataloger-editor.mjs","--worker","cataloger-2","--batch","1"]}
{"ts":"2026-06-24T02:53:48.080Z","lane":"plant2","event":"done","step":"cat-2","code":0,"ms":79}
{"ts":"2026-06-24T02:53:48.101Z","lane":"plant2","event":"start","step":"cat-1","bin":"node","args":["/Volumes/EOS_DIGITAL/KiriPedia/botnet/workers/cataloger-editor.mjs","--worker","cataloger-1","--batch","1"]}
{"ts":"2026-06-24T02:53:48.179Z","lane":"plant2","event":"done","step":"cat-1","code":0,"ms":77}
{"ts":"2026-06-24T02:53:48.179Z","lane":"plant2","event":"start","step":"cat-2","bin":"node","args":["/Volumes/EOS_DIGITAL/KiriPedia/botnet/workers/cataloger-editor.mjs","--worker","cataloger-2","--batch","1"]}
{"ts":"2026-06-24T02:53:48.259Z","lane":"plant2","event":"done","step":"cat-2","code":0,"ms":79}
{"ts":"2026-06-24T02:53:55.923Z","lane":"plant","event":"start","step":"scribe-1","bin":"node","args":["/Volumes/EOS_DIGITAL/KiriPedia/botnet/workers/scribe.mjs","--worker","scribe-1","--batch","1"]}
{"ts":"2026-06-24T02:53:56.005Z","lane":"plant","event":"done","step":"scribe-1","code":0,"ms":82}
{"ts":"2026-06-24T02:53:56.006Z","lane":"plant","event":"start","step":"scribe-2","bin":"node","args":["/Volumes/EOS_DIGITAL/KiriPedia/botnet/workers/scribe.mjs","--worker","scribe-2","--batch","1"]}
{"ts":"2026-06-24T02:53:56.086Z","lane":"plant","event":"done","step":"scribe-2","code":0,"ms":79}
{"ts":"2026-06-24T02:53:56.087Z","lane":"plant","event":"start","step":"scribe-3","bin":"node","args":["/Volumes/EOS_DIGITAL/KiriPedia/botnet/workers/scribe.mjs","--worker","scribe-3","--batch","1"]}
{"ts":"2026-06-24T02:53:56.171Z","lane":"plant","event":"done","step":"scribe-3","code":0,"ms":81}
{"ts":"2026-06-24T02:53:57.314Z","lane":"plant","event":"start","step":"scribe-1","bin":"node","args":["/Volumes/EOS_DIGITAL/KiriPedia/botnet/workers/scribe.mjs","--worker","scribe-1","--batch","1"]}
{"ts":"2026-06-24T02:53:57.394Z","lane":"plant","event":"done","step":"scribe-1","code":0,"ms":80}
{"ts":"2026-06-24T02:53:57.394Z","lane":"plant","event":"start","step":"scribe-2","bin":"node","args":["/Volumes/EOS_DIGITAL/KiriPedia/botnet/workers/scribe.mjs","--worker","scribe-2","--batch","1"]}
{"ts":"2026-06-24T02:53:57.493Z","lane":"plant","event":"done","step":"scribe-2","code":0,"ms":98}
{"ts":"2026-06-24T02:53:57.493Z","lane":"plant","event":"start","step":"scribe-3","bin":"node","args":["/Volumes/EOS_DIGITAL/KiriPedia/botnet/workers/scribe.mjs","--worker","scribe-3","--batch","1"]}
{"ts":"2026-06-24T02:53:57.586Z","lane":"plant","event":"done","step":"scribe-3","code":0,"ms":91}
{"ts":"2026-06-24T02:54:11.922Z","lane":"mining","event":"done","step":"weaver","code":0,"ms":34333}
{"ts":"2026-06-24T02:54:11.959Z","lane":"plant2","event":"start","step":"cat-1","bin":"node","args":["/Volumes/EOS_DIGITAL/KiriPedia/botnet/workers/cataloger-editor.mjs","--worker","cataloger-1","--batch","1"]}
{"ts":"2026-06-24T02:54:12.043Z","lane":"plant2","event":"done","step":"cat-1","code":0,"ms":84}
{"ts":"2026-06-24T02:54:12.044Z","lane":"plant2","event":"start","step":"cat-2","bin":"node","args":["/Volumes/EOS_DIGITAL/KiriPedia/botnet/workers/cataloger-editor.mjs","--worker","cataloger-2","--batch","1"]}
{"ts":"2026-06-24T02:54:12.122Z","lane":"plant2","event":"done","step":"cat-2","code":0,"ms":77}
{"ts":"2026-06-24T02:54:12.449Z","lane":"plant","event":"start","step":"scribe-1","bin":"node","args":["/Volumes/EOS_DIGITAL/KiriPedia/botnet/workers/scribe.mjs","--worker","scribe-1","--batch","1"]}
{"ts":"2026-06-24T02:54:12.529Z","lane":"plant","event":"done","step":"scribe-1","code":0,"ms":79}
{"ts":"2026-06-24T02:54:12.529Z","lane":"plant","event":"start","step":"scribe-2","bin":"node","args":["/Volumes/EOS_DIGITAL/KiriPedia/botnet/workers/scribe.mjs","--worker","scribe-2","--batch","1"]}
{"ts":"2026-06-24T02:54:12.608Z","lane":"plant","event":"done","step":"scribe-2","code":0,"ms":77}
{"ts":"2026-06-24T02:54:12.609Z","lane":"plant","event":"start","step":"scribe-3","bin":"node","args":["/Volumes/EOS_DIGITAL/KiriPedia/botnet/workers/scribe.mjs","--worker","scribe-3","--batch","1"]}
{"ts":"2026-06-24T02:54:12.691Z","lane":"plant","event":"done","step":"scribe-3","code":0,"ms":81}
{"ts":"2026-06-24T02:54:21.512Z","lane":"plant2","event":"start","step":"cat-1","bin":"node","args":["/Volumes/EOS_DIGITAL/KiriPedia/botnet/workers/cataloger-editor.mjs","--worker","cataloger-1","--batch","1"]}
{"ts":"2026-06-24T02:54:21.598Z","lane":"plant2","event":"done","step":"cat-1","code":0,"ms":84}
{"ts":"2026-06-24T02:54:21.598Z","lane":"plant2","event":"start","step":"cat-2","bin":"node","args":["/Volumes/EOS_DIGITAL/KiriPedia/botnet/workers/cataloger-editor.mjs","--worker","cataloger-2","--batch","1"]}
{"ts":"2026-06-24T02:54:21.675Z","lane":"plant2","event":"done","step":"cat-2","code":0,"ms":75}
{"ts":"2026-06-24T02:54:38.843Z","lane":"mining","event":"done","step":"deepener","code":0,"ms":53764}
{"ts":"2026-06-24T02:54:40.609Z","lane":"plant2","event":"start","step":"cat-1","bin":"node","args":["/Volumes/EOS_DIGITAL/KiriPedia/botnet/workers/cataloger-editor.mjs","--worker","cataloger-1","--batch","1"]}
{"ts":"2026-06-24T02:54:40.857Z","lane":"mining","event":"start","step":"enricher","bin":"node","args":["/Volumes/EOS_DIGITAL/KiriPedia/botnet/workers/enricher.mjs","--batch","5"]}
{"ts":"2026-06-24T02:54:40.940Z","lane":"plant2","event":"done","step":"cat-1","code":0,"ms":83}
{"ts":"2026-06-24T02:54:42.133Z","lane":"plant2","event":"start","step":"cat-2","bin":"node","args":["/Volumes/EOS_DIGITAL/KiriPedia/botnet/workers/cataloger-editor.mjs","--worker","cataloger-2","--batch","1"]}
{"ts":"2026-06-24T02:54:42.369Z","lane":"plant2","event":"done","step":"cat-2","code":0,"ms":74}
{"ts":"2026-06-24T02:54:47.916Z","lane":"snapshot","event":"start","step":null,"bin":"node","args":["/Volumes/EOS_DIGITAL/KiriPedia/botnet/lib/snapshot-writer.mjs"]}
{"ts":"2026-06-24T02:54:47.997Z","lane":"snapshot","event":"done","step":null,"code":0,"ms":81}
{"ts":"2026-06-24T02:55:01.082Z","event":"shutdown_begin","signal":"SIGTERM"}
{"ts":"2026-06-24T02:55:01.082Z","event":"shutdown_begin","signal":"SIGTERM"}
{"ts":"2026-06-24T02:55:01.082Z","event":"shutdown_begin","signal":"SIGTERM"}
{"ts":"2026-06-24T02:55:01.085Z","lane":"sentry","event":"lane_exit"}
{"ts":"2026-06-24T02:55:01.085Z","lane":"sentry","event":"lane_exit"}
{"ts":"2026-06-24T02:55:01.085Z","lane":"sentry","event":"lane_exit"}
{"ts":"2026-06-24T02:55:01.093Z","lane":"weaver2","event":"lane_exit"}
{"ts":"2026-06-24T02:55:01.093Z","lane":"indexer","event":"lane_exit"}
{"ts":"2026-06-24T02:55:01.093Z","lane":"mining","event":"lane_exit"}
{"ts":"2026-06-24T02:55:01.093Z","lane":"prospect","event":"lane_exit"}
{"ts":"2026-06-24T02:55:01.093Z","lane":"weaver2","event":"lane_exit"}
{"ts":"2026-06-24T02:55:01.102Z","lane":"mining","event":"lane_exit"}
{"ts":"2026-06-24T02:55:01.102Z","lane":"weaver2","event":"lane_exit"}
{"ts":"2026-06-24T02:55:01.102Z","lane":"prospect","event":"lane_exit"}
{"ts":"2026-06-24T02:55:01.111Z","lane":"office","event":"lane_exit"}
{"ts":"2026-06-24T02:55:01.111Z","lane":"coord","event":"lane_exit"}
{"ts":"2026-06-24T02:55:01.111Z","lane":"prospect","event":"lane_exit"}
{"ts":"2026-06-24T02:55:01.121Z","lane":"indexer","event":"lane_exit"}
{"ts":"2026-06-24T02:55:01.121Z","lane":"catch-import","event":"lane_exit"}
{"ts":"2026-06-24T02:55:01.121Z","lane":"catch-import","event":"lane_exit"}
{"ts":"2026-06-24T02:55:01.130Z","lane":"triage","event":"lane_exit"}
{"ts":"2026-06-24T02:55:01.130Z","lane":"triage","event":"lane_exit"}
{"ts":"2026-06-24T02:55:01.130Z","lane":"catch-import","event":"lane_exit"}
{"ts":"2026-06-24T02:55:01.140Z","lane":"triage","event":"lane_exit"}
{"ts":"2026-06-24T02:55:01.140Z","lane":"indexer","event":"lane_exit"}
{"ts":"2026-06-24T02:55:01.140Z","lane":"coord","event":"lane_exit"}
{"ts":"2026-06-24T02:55:01.150Z","lane":"coord","event":"lane_exit"}
{"ts":"2026-06-24T02:55:01.150Z","lane":"mining","event":"lane_exit"}
{"ts":"2026-06-24T02:55:01.150Z","lane":"snapshot","event":"lane_exit"}
{"ts":"2026-06-24T02:55:01.159Z","lane":"reviewer","event":"lane_exit"}
{"ts":"2026-06-24T02:55:01.159Z","lane":"reviewer","event":"lane_exit"}
{"ts":"2026-06-24T02:55:01.159Z","lane":"snapshot","event":"lane_exit"}
{"ts":"2026-06-24T02:55:01.169Z","lane":"snapshot","event":"lane_exit"}
{"ts":"2026-06-24T02:55:01.169Z","lane":"plant","event":"lane_exit"}
{"ts":"2026-06-24T02:55:01.169Z","lane":"reviewer","event":"lane_exit"}
{"ts":"2026-06-24T02:55:01.176Z","lane":"plant2","event":"lane_exit"}
{"ts":"2026-06-24T02:55:01.176Z","lane":"plant","event":"lane_exit"}
{"ts":"2026-06-24T02:55:01.177Z","lane":"plant","event":"lane_exit"}
{"ts":"2026-06-24T02:55:01.186Z","lane":"plant2","event":"lane_exit"}
{"ts":"2026-06-24T02:55:01.186Z","lane":"plant2","event":"lane_exit"}
{"ts":"2026-06-24T02:55:03.137Z","lane":"plant","event":"start","step":"scribe-1","bin":"node","args":["/Volumes/EOS_DIGITAL/KiriPedia/botnet/workers/scribe.mjs","--worker","scribe-1","--batch","1"]}
{"ts":"2026-06-24T02:55:03.231Z","lane":"plant","event":"done","step":"scribe-1","code":0,"ms":94}
{"ts":"2026-06-24T02:55:03.231Z","lane":"plant","event":"start","step":"scribe-2","bin":"node","args":["/Volumes/EOS_DIGITAL/KiriPedia/botnet/workers/scribe.mjs","--worker","scribe-2","--batch","1"]}
{"ts":"2026-06-24T02:55:03.272Z","lane":"plant","event":"start","step":"scribe-1","bin":"node","args":["/Volumes/EOS_DIGITAL/KiriPedia/botnet/workers/scribe.mjs","--worker","scribe-1","--batch","1"]}
{"ts":"2026-06-24T02:55:03.318Z","lane":"plant","event":"done","step":"scribe-2","code":0,"ms":81}
{"ts":"2026-06-24T02:55:03.318Z","lane":"plant","event":"start","step":"scribe-3","bin":"node","args":["/Volumes/EOS_DIGITAL/KiriPedia/botnet/workers/scribe.mjs","--worker","scribe-3","--batch","1"]}
{"ts":"2026-06-24T02:55:03.354Z","lane":"plant","event":"done","step":"scribe-1","code":0,"ms":81}
{"ts":"2026-06-24T02:55:03.354Z","lane":"plant","event":"start","step":"scribe-2","bin":"node","args":["/Volumes/EOS_DIGITAL/KiriPedia/botnet/workers/scribe.mjs","--worker","scribe-2","--batch","1"]}
{"ts":"2026-06-24T02:55:03.401Z","lane":"plant","event":"done","step":"scribe-3","code":0,"ms":82}
{"ts":"2026-06-24T02:55:03.434Z","lane":"plant","event":"done","step":"scribe-2","code":0,"ms":78}
{"ts":"2026-06-24T02:55:03.435Z","lane":"plant","event":"start","step":"scribe-3","bin":"node","args":["/Volumes/EOS_DIGITAL/KiriPedia/botnet/workers/scribe.mjs","--worker","scribe-3","--batch","1"]}
{"ts":"2026-06-24T02:55:03.515Z","lane":"plant","event":"done","step":"scribe-3","code":0,"ms":77}
{"ts":"2026-06-24T02:55:07.440Z","lane":"mining","event":"done","step":"enricher","code":0,"ms":25307}
{"ts":"2026-06-24T02:55:07.440Z","lane":"mining","event":"start","step":"weaver","bin":"node","args":["/Volumes/EOS_DIGITAL/KiriPedia/botnet/workers/weaver.mjs","--batch","5"]}
{"ts":"2026-06-24T02:56:29.867Z","lane":"plant2","event":"start","step":"cat-1","bin":"node","args":["/Volumes/EOS_DIGITAL/KiriPedia/botnet/workers/cataloger-editor.mjs","--worker","cataloger-1","--batch","1"]}
{"ts":"2026-06-24T02:56:29.976Z","lane":"plant2","event":"done","step":"cat-1","code":0,"ms":105}
{"ts":"2026-06-24T02:56:29.976Z","lane":"plant2","event":"start","step":"cat-2","bin":"node","args":["/Volumes/EOS_DIGITAL/KiriPedia/botnet/workers/cataloger-editor.mjs","--worker","cataloger-2","--batch","1"]}
{"ts":"2026-06-24T02:56:30.051Z","lane":"plant2","event":"done","step":"cat-2","code":0,"ms":73}
{"ts":"2026-06-24T02:56:45.643Z","lane":"reviewer","event":"start","step":null,"bin":"node","args":["/Volumes/EOS_DIGITAL/KiriPedia/botnet/workers/reviewer.mjs"]}
{"ts":"2026-06-24T02:56:45.751Z","lane":"reviewer","event":"done","step":null,"code":0,"ms":107}
{"ts":"2026-06-24T02:56:46.890Z","lane":"plant","event":"start","step":"scribe-1","bin":"node","args":["/Volumes/EOS_DIGITAL/KiriPedia/botnet/workers/scribe.mjs","--worker","scribe-1","--batch","1"]}
{"ts":"2026-06-24T02:56:46.969Z","lane":"plant","event":"done","step":"scribe-1","code":0,"ms":78}
{"ts":"2026-06-24T02:56:46.969Z","lane":"plant","event":"start","step":"scribe-2","bin":"node","args":["/Volumes/EOS_DIGITAL/KiriPedia/botnet/workers/scribe.mjs","--worker","scribe-2","--batch","1"]}
{"ts":"2026-06-24T02:56:47.043Z","lane":"plant","event":"done","step":"scribe-2","code":0,"ms":72}
{"ts":"2026-06-24T02:56:47.043Z","lane":"plant","event":"start","step":"scribe-3","bin":"node","args":["/Volumes/EOS_DIGITAL/KiriPedia/botnet/workers/scribe.mjs","--worker","scribe-3","--batch","1"]}
{"ts":"2026-06-24T02:56:47.116Z","lane":"plant","event":"done","step":"scribe-3","code":0,"ms":71}
{"ts":"2026-06-24T02:57:15.213Z","lane":"snapshot","event":"start","step":null,"bin":"node","args":["/Volumes/EOS_DIGITAL/KiriPedia/botnet/lib/snapshot-writer.mjs"]}
{"ts":"2026-06-24T02:57:15.328Z","lane":"snapshot","event":"done","step":null,"code":0,"ms":112}
{"ts":"2026-06-24T02:58:09.822Z","lane":"plant","event":"start","step":"scribe-1","bin":"node","args":["/Volumes/EOS_DIGITAL/KiriPedia/botnet/workers/scribe.mjs","--worker","scribe-1","--batch","1"]}
{"ts":"2026-06-24T02:58:09.956Z","lane":"plant","event":"done","step":"scribe-1","code":0,"ms":128}
{"ts":"2026-06-24T02:58:09.956Z","lane":"plant","event":"start","step":"scribe-2","bin":"node","args":["/Volumes/EOS_DIGITAL/KiriPedia/botnet/workers/scribe.mjs","--worker","scribe-2","--batch","1"]}
{"ts":"2026-06-24T02:58:10.032Z","lane":"plant","event":"done","step":"scribe-2","code":0,"ms":75}
{"ts":"2026-06-24T02:58:10.032Z","lane":"plant","event":"start","step":"scribe-3","bin":"node","args":["/Volumes/EOS_DIGITAL/KiriPedia/botnet/workers/scribe.mjs","--worker","scribe-3","--batch","1"]}
{"ts":"2026-06-24T02:58:10.107Z","lane":"plant","event":"done","step":"scribe-3","code":0,"ms":74}
{"ts":"2026-06-24T02:58:23.882Z","lane":"plant2","event":"start","step":"cat-1","bin":"node","args":["/Volumes/EOS_DIGITAL/KiriPedia/botnet/workers/cataloger-editor.mjs","--worker","cataloger-1","--batch","1"]}
{"ts":"2026-06-24T02:58:23.977Z","lane":"plant2","event":"done","step":"cat-1","code":0,"ms":93}
{"ts":"2026-06-24T02:58:23.977Z","lane":"plant2","event":"start","step":"cat-2","bin":"node","args":["/Volumes/EOS_DIGITAL/KiriPedia/botnet/workers/cataloger-editor.mjs","--worker","cataloger-2","--batch","1"]}
{"ts":"2026-06-24T02:58:24.051Z","lane":"plant2","event":"done","step":"cat-2","code":0,"ms":72}
{"ts":"2026-06-24T02:59:45.259Z","lane":"plant","event":"start","step":"scribe-1","bin":"node","args":["/Volumes/EOS_DIGITAL/KiriPedia/botnet/workers/scribe.mjs","--worker","scribe-1","--batch","1"]}
{"ts":"2026-06-24T02:59:45.373Z","lane":"plant","event":"done","step":"scribe-1","code":0,"ms":105}
{"ts":"2026-06-24T02:59:45.374Z","lane":"plant","event":"start","step":"scribe-2","bin":"node","args":["/Volumes/EOS_DIGITAL/KiriPedia/botnet/workers/scribe.mjs","--worker","scribe-2","--batch","1"]}
{"ts":"2026-06-24T02:59:45.448Z","lane":"plant","event":"done","step":"scribe-2","code":0,"ms":73}
{"ts":"2026-06-24T02:59:45.448Z","lane":"plant","event":"start","step":"scribe-3","bin":"node","args":["/Volumes/EOS_DIGITAL/KiriPedia/botnet/workers/scribe.mjs","--worker","scribe-3","--batch","1"]}
{"ts":"2026-06-24T02:59:45.523Z","lane":"plant","event":"done","step":"scribe-3","code":0,"ms":73}
{"ts":"2026-06-24T03:00:11.773Z","lane":"plant2","event":"start","step":"cat-1","bin":"node","args":["/Volumes/EOS_DIGITAL/KiriPedia/botnet/workers/cataloger-editor.mjs","--worker","cataloger-1","--batch","1"]}
{"ts":"2026-06-24T03:00:11.855Z","lane":"plant2","event":"done","step":"cat-1","code":0,"ms":81}
{"ts":"2026-06-24T03:00:11.856Z","lane":"plant2","event":"start","step":"cat-2","bin":"node","args":["/Volumes/EOS_DIGITAL/KiriPedia/botnet/workers/cataloger-editor.mjs","--worker","cataloger-2","--batch","1"]}
{"ts":"2026-06-24T03:00:11.938Z","lane":"plant2","event":"done","step":"cat-2","code":0,"ms":79}
{"ts":"2026-06-24T03:01:25.103Z","lane":"plant","event":"start","step":"scribe-1","bin":"node","args":["/Volumes/EOS_DIGITAL/KiriPedia/botnet/workers/scribe.mjs","--worker","scribe-1","--batch","1"]}
{"ts":"2026-06-24T03:01:25.199Z","lane":"plant","event":"done","step":"scribe-1","code":0,"ms":89}
{"ts":"2026-06-24T03:01:25.199Z","lane":"plant","event":"start","step":"scribe-2","bin":"node","args":["/Volumes/EOS_DIGITAL/KiriPedia/botnet/workers/scribe.mjs","--worker","scribe-2","--batch","1"]}
{"ts":"2026-06-24T03:01:25.275Z","lane":"plant","event":"done","step":"scribe-2","code":0,"ms":74}
{"ts":"2026-06-24T03:01:25.275Z","lane":"plant","event":"start","step":"scribe-3","bin":"node","args":["/Volumes/EOS_DIGITAL/KiriPedia/botnet/workers/scribe.mjs","--worker","scribe-3","--batch","1"]}
{"ts":"2026-06-24T03:01:25.351Z","lane":"plant","event":"done","step":"scribe-3","code":0,"ms":75}
{"ts":"2026-06-24T03:01:38.994Z","lane":"triage","event":"start","step":null,"bin":"node","args":["/Volumes/EOS_DIGITAL/KiriPedia/botnet/workers/npp.mjs"]}
{"ts":"2026-06-24T03:01:39.080Z","lane":"triage","event":"done","step":null,"code":0,"ms":85}
{"ts":"2026-06-24T03:01:47.777Z","lane":"reviewer","event":"start","step":null,"bin":"node","args":["/Volumes/EOS_DIGITAL/KiriPedia/botnet/workers/reviewer.mjs"]}
{"ts":"2026-06-24T03:01:47.873Z","lane":"reviewer","event":"done","step":null,"code":0,"ms":95}
{"ts":"2026-06-24T03:01:57.959Z","lane":"plant2","event":"start","step":"cat-1","bin":"node","args":["/Volumes/EOS_DIGITAL/KiriPedia/botnet/workers/cataloger-editor.mjs","--worker","cataloger-1","--batch","1"]}
{"ts":"2026-06-24T03:01:58.068Z","lane":"plant2","event":"done","step":"cat-1","code":0,"ms":107}
{"ts":"2026-06-24T03:01:58.068Z","lane":"plant2","event":"start","step":"cat-2","bin":"node","args":["/Volumes/EOS_DIGITAL/KiriPedia/botnet/workers/cataloger-editor.mjs","--worker","cataloger-2","--batch","1"]}
{"ts":"2026-06-24T03:01:58.149Z","lane":"plant2","event":"done","step":"cat-2","code":0,"ms":73}
{"ts":"2026-06-24T03:02:15.380Z","lane":"snapshot","event":"start","step":null,"bin":"node","args":["/Volumes/EOS_DIGITAL/KiriPedia/botnet/lib/snapshot-writer.mjs"]}
{"ts":"2026-06-24T03:02:15.495Z","lane":"snapshot","event":"done","step":null,"code":0,"ms":113}
{"ts":"2026-06-24T03:02:28.505Z","lane":"catch-import","event":"start","step":null,"bin":"node","args":["/Volumes/EOS_DIGITAL/KiriPedia/botnet/workers/catch-importer.mjs","--auto-trust"]}
{"ts":"2026-06-24T03:02:28.616Z","lane":"catch-import","event":"done","step":null,"code":0,"ms":109}
{"ts":"2026-06-24T03:02:40.708Z","lane":"plant","event":"start","step":"scribe-1","bin":"node","args":["/Volumes/EOS_DIGITAL/KiriPedia/botnet/workers/scribe.mjs","--worker","scribe-1","--batch","1"]}
{"ts":"2026-06-24T03:02:40.813Z","lane":"plant","event":"done","step":"scribe-1","code":0,"ms":103}
{"ts":"2026-06-24T03:02:40.814Z","lane":"plant","event":"start","step":"scribe-2","bin":"node","args":["/Volumes/EOS_DIGITAL/KiriPedia/botnet/workers/scribe.mjs","--worker","scribe-2","--batch","1"]}
{"ts":"2026-06-24T03:02:40.889Z","lane":"plant","event":"done","step":"scribe-2","code":0,"ms":73}
{"ts":"2026-06-24T03:02:40.889Z","lane":"plant","event":"start","step":"scribe-3","bin":"node","args":["/Volumes/EOS_DIGITAL/KiriPedia/botnet/workers/scribe.mjs","--worker","scribe-3","--batch","1"]}
{"ts":"2026-06-24T03:02:40.962Z","lane":"plant","event":"done","step":"scribe-3","code":0,"ms":71}
{"ts":"2026-06-24T03:04:01.703Z","lane":"plant","event":"start","step":"scribe-1","bin":"node","args":["/Volumes/EOS_DIGITAL/KiriPedia/botnet/workers/scribe.mjs","--worker","scribe-1","--batch","1"]}
{"ts":"2026-06-24T03:04:01.815Z","lane":"plant","event":"done","step":"scribe-1","code":0,"ms":109}
{"ts":"2026-06-24T03:04:01.815Z","lane":"plant","event":"start","step":"scribe-2","bin":"node","args":["/Volumes/EOS_DIGITAL/KiriPedia/botnet/workers/scribe.mjs","--worker","scribe-2","--batch","1"]}
{"ts":"2026-06-24T03:04:01.892Z","lane":"plant","event":"done","step":"scribe-2","code":0,"ms":75}
{"ts":"2026-06-24T03:04:01.892Z","lane":"plant","event":"start","step":"scribe-3","bin":"node","args":["/Volumes/EOS_DIGITAL/KiriPedia/botnet/workers/scribe.mjs","--worker","scribe-3","--batch","1"]}
{"ts":"2026-06-24T03:04:01.966Z","lane":"plant","event":"done","step":"scribe-3","code":0,"ms":72}
{"ts":"2026-06-24T03:04:15.081Z","lane":"plant2","event":"start","step":"cat-1","bin":"node","args":["/Volumes/EOS_DIGITAL/KiriPedia/botnet/workers/cataloger-editor.mjs","--worker","cataloger-1","--batch","1"]}
{"ts":"2026-06-24T03:04:15.183Z","lane":"plant2","event":"done","step":"cat-1","code":0,"ms":100}
{"ts":"2026-06-24T03:04:15.183Z","lane":"plant2","event":"start","step":"cat-2","bin":"node","args":["/Volumes/EOS_DIGITAL/KiriPedia/botnet/workers/cataloger-editor.mjs","--worker","cataloger-2","--batch","1"]}
{"ts":"2026-06-24T03:04:15.256Z","lane":"plant2","event":"done","step":"cat-2","code":0,"ms":72}
{"ts":"2026-06-24T03:05:28.378Z","lane":"plant","event":"start","step":"scribe-1","bin":"node","args":["/Volumes/EOS_DIGITAL/KiriPedia/botnet/workers/scribe.mjs","--worker","scribe-1","--batch","1"]}
{"ts":"2026-06-24T03:05:28.489Z","lane":"plant","event":"done","step":"scribe-1","code":0,"ms":105}
{"ts":"2026-06-24T03:05:28.489Z","lane":"plant","event":"start","step":"scribe-2","bin":"node","args":["/Volumes/EOS_DIGITAL/KiriPedia/botnet/workers/scribe.mjs","--worker","scribe-2","--batch","1"]}
{"ts":"2026-06-24T03:05:28.562Z","lane":"plant","event":"done","step":"scribe-2","code":0,"ms":72}
{"ts":"2026-06-24T03:05:28.563Z","lane":"plant","event":"start","step":"scribe-3","bin":"node","args":["/Volumes/EOS_DIGITAL/KiriPedia/botnet/workers/scribe.mjs","--worker","scribe-3","--batch","1"]}
{"ts":"2026-06-24T03:05:28.646Z","lane":"plant","event":"done","step":"scribe-3","code":0,"ms":82}
{"ts":"2026-06-24T03:06:33.089Z","lane":"plant2","event":"start","step":"cat-1","bin":"node","args":["/Volumes/EOS_DIGITAL/KiriPedia/botnet/workers/cataloger-editor.mjs","--worker","cataloger-1","--batch","1"]}
{"ts":"2026-06-24T03:06:33.195Z","lane":"plant2","event":"done","step":"cat-1","code":0,"ms":101}
{"ts":"2026-06-24T03:06:33.195Z","lane":"plant2","event":"start","step":"cat-2","bin":"node","args":["/Volumes/EOS_DIGITAL/KiriPedia/botnet/workers/cataloger-editor.mjs","--worker","cataloger-2","--batch","1"]}
{"ts":"2026-06-24T03:06:33.266Z","lane":"plant2","event":"done","step":"cat-2","code":0,"ms":69}
{"ts":"2026-06-24T03:06:46.749Z","lane":"reviewer","event":"start","step":null,"bin":"node","args":["/Volumes/EOS_DIGITAL/KiriPedia/botnet/workers/reviewer.mjs"]}
{"ts":"2026-06-24T03:06:46.830Z","lane":"reviewer","event":"done","step":null,"code":0,"ms":80}
{"ts":"2026-06-24T03:06:58.011Z","lane":"coord","event":"start","step":null,"bin":"node","args":["/Volumes/EOS_DIGITAL/KiriPedia/botnet/workers/coordinator.mjs","--push"]}
{"ts":"2026-06-24T03:06:58.102Z","lane":"coord","event":"done","step":null,"code":0,"ms":89}
{"ts":"2026-06-24T03:07:01.035Z","lane":"plant","event":"start","step":"scribe-1","bin":"node","args":["/Volumes/EOS_DIGITAL/KiriPedia/botnet/workers/scribe.mjs","--worker","scribe-1","--batch","1"]}
{"ts":"2026-06-24T03:07:01.113Z","lane":"plant","event":"done","step":"scribe-1","code":0,"ms":77}
{"ts":"2026-06-24T03:07:01.113Z","lane":"plant","event":"start","step":"scribe-2","bin":"node","args":["/Volumes/EOS_DIGITAL/KiriPedia/botnet/workers/scribe.mjs","--worker","scribe-2","--batch","1"]}
{"ts":"2026-06-24T03:07:01.186Z","lane":"plant","event":"done","step":"scribe-2","code":0,"ms":71}
{"ts":"2026-06-24T03:07:01.186Z","lane":"plant","event":"start","step":"scribe-3","bin":"node","args":["/Volumes/EOS_DIGITAL/KiriPedia/botnet/workers/scribe.mjs","--worker","scribe-3","--batch","1"]}
{"ts":"2026-06-24T03:07:01.259Z","lane":"plant","event":"done","step":"scribe-3","code":0,"ms":72}
{"ts":"2026-06-24T03:07:15.499Z","lane":"snapshot","event":"start","step":null,"bin":"node","args":["/Volumes/EOS_DIGITAL/KiriPedia/botnet/lib/snapshot-writer.mjs"]}
{"ts":"2026-06-24T03:07:15.589Z","lane":"snapshot","event":"done","step":null,"code":0,"ms":89}
{"ts":"2026-06-24T03:08:25.655Z","lane":"plant","event":"start","step":"scribe-1","bin":"node","args":["/Volumes/EOS_DIGITAL/KiriPedia/botnet/workers/scribe.mjs","--worker","scribe-1","--batch","1"]}
{"ts":"2026-06-24T03:08:25.794Z","lane":"plant","event":"done","step":"scribe-1","code":0,"ms":134}
{"ts":"2026-06-24T03:08:25.794Z","lane":"plant","event":"start","step":"scribe-2","bin":"node","args":["/Volumes/EOS_DIGITAL/KiriPedia/botnet/workers/scribe.mjs","--worker","scribe-2","--batch","1"]}
{"ts":"2026-06-24T03:08:25.869Z","lane":"plant","event":"done","step":"scribe-2","code":0,"ms":73}
{"ts":"2026-06-24T03:08:25.869Z","lane":"plant","event":"start","step":"scribe-3","bin":"node","args":["/Volumes/EOS_DIGITAL/KiriPedia/botnet/workers/scribe.mjs","--worker","scribe-3","--batch","1"]}
{"ts":"2026-06-24T03:08:25.941Z","lane":"plant","event":"done","step":"scribe-3","code":0,"ms":71}
{"ts":"2026-06-24T03:08:27.934Z","lane":"plant2","event":"start","step":"cat-1","bin":"node","args":["/Volumes/EOS_DIGITAL/KiriPedia/botnet/workers/cataloger-editor.mjs","--worker","cataloger-1","--batch","1"]}
{"ts":"2026-06-24T03:08:28.007Z","lane":"plant2","event":"done","step":"cat-1","code":0,"ms":72}
{"ts":"2026-06-24T03:08:28.007Z","lane":"plant2","event":"start","step":"cat-2","bin":"node","args":["/Volumes/EOS_DIGITAL/KiriPedia/botnet/workers/cataloger-editor.mjs","--worker","cataloger-2","--batch","1"]}
{"ts":"2026-06-24T03:08:28.080Z","lane":"plant2","event":"done","step":"cat-2","code":0,"ms":69}
{"ts":"2026-06-24T03:09:51.405Z","lane":"plant","event":"start","step":"scribe-1","bin":"node","args":["/Volumes/EOS_DIGITAL/KiriPedia/botnet/workers/scribe.mjs","--worker","scribe-1","--batch","1"]}
{"ts":"2026-06-24T03:09:51.552Z","lane":"plant","event":"done","step":"scribe-1","code":0,"ms":143}
{"ts":"2026-06-24T03:09:51.552Z","lane":"plant","event":"start","step":"scribe-2","bin":"node","args":["/Volumes/EOS_DIGITAL/KiriPedia/botnet/workers/scribe.mjs","--worker","scribe-2","--batch","1"]}
{"ts":"2026-06-24T03:09:51.692Z","lane":"plant","event":"done","step":"scribe-2","code":0,"ms":131}
{"ts":"2026-06-24T03:09:51.692Z","lane":"plant","event":"start","step":"scribe-3","bin":"node","args":["/Volumes/EOS_DIGITAL/KiriPedia/botnet/workers/scribe.mjs","--worker","scribe-3","--batch","1"]}
{"ts":"2026-06-24T03:09:51.795Z","lane":"plant","event":"done","step":"scribe-3","code":0,"ms":94}
{"ts":"2026-06-24T03:10:41.200Z","lane":"plant2","event":"start","step":"cat-1","bin":"node","args":["/Volumes/EOS_DIGITAL/KiriPedia/botnet/workers/cataloger-editor.mjs","--worker","cataloger-1","--batch","1"]}
{"ts":"2026-06-24T03:10:41.281Z","lane":"plant2","event":"done","step":"cat-1","code":0,"ms":78}
{"ts":"2026-06-24T03:10:41.281Z","lane":"plant2","event":"start","step":"cat-2","bin":"node","args":["/Volumes/EOS_DIGITAL/KiriPedia/botnet/workers/cataloger-editor.mjs","--worker","cataloger-2","--batch","1"]}
{"ts":"2026-06-24T03:10:41.362Z","lane":"plant2","event":"done","step":"cat-2","code":0,"ms":72}
{"ts":"2026-06-24T03:11:10.812Z","event":"shutdown_begin","signal":"SIGTERM"}
{"ts":"2026-06-24T03:11:10.814Z","lane":"sentry","event":"lane_exit"}
{"ts":"2026-06-24T03:11:10.823Z","lane":"weaver2","event":"lane_exit"}
{"ts":"2026-06-24T03:11:10.832Z","lane":"indexer","event":"lane_exit"}
{"ts":"2026-06-24T03:11:10.842Z","lane":"prospect","event":"lane_exit"}
{"ts":"2026-06-24T03:11:10.852Z","lane":"mining","event":"lane_exit"}
{"ts":"2026-06-24T03:11:10.861Z","lane":"triage","event":"lane_exit"}
{"ts":"2026-06-24T03:11:10.870Z","lane":"catch-import","event":"lane_exit"}
{"ts":"2026-06-24T03:11:10.880Z","lane":"reviewer","event":"lane_exit"}
{"ts":"2026-06-24T03:11:10.889Z","lane":"coord","event":"lane_exit"}
{"ts":"2026-06-24T03:11:10.898Z","lane":"snapshot","event":"lane_exit"}
{"ts":"2026-06-24T03:11:10.907Z","lane":"plant","event":"lane_exit"}
{"ts":"2026-06-24T03:11:10.916Z","lane":"plant2","event":"lane_exit"}
{"ts":"2026-06-24T03:11:14.110Z","event":"boot","pid":13851,"lanes":["trawler","catch-import","triage","plant","plant2","reviewer","coord","indexer","mining","weaver2","prospect","calendar","sentry","snapshot"],"push":true}
{"ts":"2026-06-24T03:11:14.117Z","lane":"trawler","event":"start","step":null,"bin":"node","args":["/Volumes/EOS_DIGITAL/KiriPedia/fleet/trawlers/youtube.mjs"]}
{"ts":"2026-06-24T03:11:14.119Z","lane":"catch-import","event":"start","step":null,"bin":"node","args":["/Volumes/EOS_DIGITAL/KiriPedia/botnet/workers/catch-importer.mjs","--auto-trust"]}
{"ts":"2026-06-24T03:11:14.120Z","lane":"triage","event":"start","step":null,"bin":"node","args":["/Volumes/EOS_DIGITAL/KiriPedia/botnet/workers/npp.mjs"]}
{"ts":"2026-06-24T03:11:14.122Z","lane":"plant","event":"start","step":"scribe-1","bin":"node","args":["/Volumes/EOS_DIGITAL/KiriPedia/botnet/workers/scribe.mjs","--worker","scribe-1","--batch","1"]}
{"ts":"2026-06-24T03:11:14.125Z","lane":"plant2","event":"start","step":"cat-1","bin":"node","args":["/Volumes/EOS_DIGITAL/KiriPedia/botnet/workers/cataloger-editor.mjs","--worker","cataloger-1","--batch","1"]}
{"ts":"2026-06-24T03:11:14.127Z","lane":"reviewer","event":"start","step":null,"bin":"node","args":["/Volumes/EOS_DIGITAL/KiriPedia/botnet/workers/reviewer.mjs"]}
{"ts":"2026-06-24T03:11:14.129Z","lane":"coord","event":"start","step":null,"bin":"node","args":["/Volumes/EOS_DIGITAL/KiriPedia/botnet/workers/coordinator.mjs","--push"]}
{"ts":"2026-06-24T03:11:14.133Z","lane":"indexer","event":"start","step":null,"bin":"node","args":["/Volumes/EOS_DIGITAL/KiriPedia/botnet/workers/indexer.mjs"]}
{"ts":"2026-06-24T03:11:14.138Z","lane":"mining","event":"start","step":"deepener","bin":"node","args":["/Volumes/EOS_DIGITAL/KiriPedia/botnet/workers/deepener.mjs","--batch","5"]}
{"ts":"2026-06-24T03:11:14.140Z","lane":"weaver2","event":"start","step":null,"bin":"node","args":["/Volumes/EOS_DIGITAL/KiriPedia/botnet/workers/reweaver.mjs","--batch","3"]}
{"ts":"2026-06-24T03:11:14.151Z","lane":"prospect","event":"start","step":null,"bin":"node","args":["/Volumes/EOS_DIGITAL/KiriPedia/botnet/workers/prospector.mjs","--batch","2"]}
{"ts":"2026-06-24T03:11:14.155Z","lane":"calendar","event":"start","step":null,"bin":"node","args":["/Volumes/EOS_DIGITAL/KiriPedia/botnet/workers/calendar-keeper.mjs"]}
{"ts":"2026-06-24T03:11:14.165Z","lane":"sentry","event":"start","step":null,"bin":"node","args":["/Volumes/EOS_DIGITAL/KiriPedia/botnet/workers/mouth-sentry.mjs"]}
{"ts":"2026-06-24T03:11:14.177Z","lane":"snapshot","event":"start","step":null,"bin":"node","args":["/Volumes/EOS_DIGITAL/KiriPedia/botnet/lib/snapshot-writer.mjs"]}
{"ts":"2026-06-24T03:11:14.315Z","lane":"catch-import","event":"done","step":null,"code":0,"ms":196}
{"ts":"2026-06-24T03:11:14.323Z","lane":"plant","event":"done","step":"scribe-1","code":0,"ms":201}
{"ts":"2026-06-24T03:11:14.323Z","lane":"plant","event":"start","step":"scribe-2","bin":"node","args":["/Volumes/EOS_DIGITAL/KiriPedia/botnet/workers/scribe.mjs","--worker","scribe-2","--batch","1"]}
{"ts":"2026-06-24T03:11:14.346Z","lane":"triage","event":"done","step":null,"code":0,"ms":225}
{"ts":"2026-06-24T03:11:14.375Z","lane":"coord","event":"done","step":null,"code":0,"ms":245}
{"ts":"2026-06-24T03:11:14.396Z","lane":"plant2","event":"done","step":"cat-1","code":0,"ms":270}
{"ts":"2026-06-24T03:11:14.396Z","lane":"plant2","event":"start","step":"cat-2","bin":"node","args":["/Volumes/EOS_DIGITAL/KiriPedia/botnet/workers/cataloger-editor.mjs","--worker","cataloger-2","--batch","1"]}
{"ts":"2026-06-24T03:11:14.443Z","lane":"snapshot","event":"done","step":null,"code":0,"ms":265}
{"ts":"2026-06-24T03:11:14.480Z","lane":"plant","event":"done","step":"scribe-2","code":0,"ms":148}
{"ts":"2026-06-24T03:11:14.480Z","lane":"plant","event":"start","step":"scribe-3","bin":"node","args":["/Volumes/EOS_DIGITAL/KiriPedia/botnet/workers/scribe.mjs","--worker","scribe-3","--batch","1"]}
{"ts":"2026-06-24T03:11:14.510Z","lane":"plant2","event":"done","step":"cat-2","code":0,"ms":108}
{"ts":"2026-06-24T03:11:14.562Z","lane":"plant","event":"done","step":"scribe-3","code":0,"ms":78}
{"ts":"2026-06-24T03:11:14.598Z","lane":"sentry","event":"done","step":null,"code":0,"ms":432}
{"ts":"2026-06-24T03:11:14.966Z","lane":"reviewer","event":"done","step":null,"code":0,"ms":839}
{"ts":"2026-06-24T03:11:15.634Z","lane":"calendar","event":"done","step":null,"code":0,"ms":1477}
{"ts":"2026-06-24T03:11:17.803Z","lane":"indexer","event":"done","step":null,"code":0,"ms":3668}
{"ts":"2026-06-24T03:11:20.257Z","lane":"prospect","event":"done","step":null,"code":0,"ms":6104}
{"ts":"2026-06-24T03:11:28.811Z","lane":"weaver2","event":"done","step":null,"code":0,"ms":14670}
{"ts":"2026-06-24T03:12:00.017Z","event":"boot","pid":15776,"lanes":["trawler","catch-import","office","triage","plant","plant2","reviewer","coord","indexer","mining","weaver2","prospect","calendar","sentry","snapshot"],"push":true}
{"ts":"2026-06-24T03:12:00.022Z","lane":"trawler","event":"start","step":null,"bin":"node","args":["/Volumes/EOS_DIGITAL/KiriPedia/fleet/trawlers/youtube.mjs"]}
{"ts":"2026-06-24T03:12:00.025Z","lane":"catch-import","event":"start","step":null,"bin":"node","args":["/Volumes/EOS_DIGITAL/KiriPedia/botnet/workers/catch-importer.mjs","--auto-trust"]}
{"ts":"2026-06-24T03:12:00.026Z","lane":"office","event":"start","step":null,"bin":"node","args":["/Volumes/EOS_DIGITAL/KiriPedia/botnet/workers/office-manager.mjs"]}
{"ts":"2026-06-24T03:12:00.030Z","lane":"triage","event":"start","step":null,"bin":"node","args":["/Volumes/EOS_DIGITAL/KiriPedia/botnet/workers/npp.mjs"]}
{"ts":"2026-06-24T03:12:00.032Z","lane":"plant","event":"start","step":"scribe-1","bin":"node","args":["/Volumes/EOS_DIGITAL/KiriPedia/botnet/workers/scribe.mjs","--worker","scribe-1","--batch","1"]}
{"ts":"2026-06-24T03:12:00.035Z","lane":"plant2","event":"start","step":"cat-1","bin":"node","args":["/Volumes/EOS_DIGITAL/KiriPedia/botnet/workers/cataloger-editor.mjs","--worker","cataloger-1","--batch","1"]}
{"ts":"2026-06-24T03:12:00.038Z","lane":"reviewer","event":"start","step":null,"bin":"node","args":["/Volumes/EOS_DIGITAL/KiriPedia/botnet/workers/reviewer.mjs"]}
{"ts":"2026-06-24T03:12:00.046Z","lane":"coord","event":"start","step":null,"bin":"node","args":["/Volumes/EOS_DIGITAL/KiriPedia/botnet/workers/coordinator.mjs","--push"]}
{"ts":"2026-06-24T03:12:00.061Z","lane":"indexer","event":"start","step":null,"bin":"node","args":["/Volumes/EOS_DIGITAL/KiriPedia/botnet/workers/indexer.mjs"]}
{"ts":"2026-06-24T03:12:00.083Z","lane":"mining","event":"start","step":"deepener","bin":"node","args":["/Volumes/EOS_DIGITAL/KiriPedia/botnet/workers/deepener.mjs","--batch","5"]}
{"ts":"2026-06-24T03:12:00.102Z","lane":"weaver2","event":"start","step":null,"bin":"node","args":["/Volumes/EOS_DIGITAL/KiriPedia/botnet/workers/reweaver.mjs","--batch","3"]}
{"ts":"2026-06-24T03:12:00.126Z","lane":"prospect","event":"start","step":null,"bin":"node","args":["/Volumes/EOS_DIGITAL/KiriPedia/botnet/workers/prospector.mjs","--batch","2"]}
{"ts":"2026-06-24T03:12:00.136Z","lane":"calendar","event":"start","step":null,"bin":"node","args":["/Volumes/EOS_DIGITAL/KiriPedia/botnet/workers/calendar-keeper.mjs"]}
{"ts":"2026-06-24T03:12:00.151Z","lane":"sentry","event":"start","step":null,"bin":"node","args":["/Volumes/EOS_DIGITAL/KiriPedia/botnet/workers/mouth-sentry.mjs"]}
{"ts":"2026-06-24T03:12:00.164Z","lane":"snapshot","event":"start","step":null,"bin":"node","args":["/Volumes/EOS_DIGITAL/KiriPedia/botnet/lib/snapshot-writer.mjs"]}
{"ts":"2026-06-24T03:12:00.260Z","lane":"catch-import","event":"done","step":null,"code":0,"ms":235}
{"ts":"2026-06-24T03:12:00.276Z","lane":"reviewer","event":"done","step":null,"code":0,"ms":237}
{"ts":"2026-06-24T03:12:00.277Z","lane":"triage","event":"done","step":null,"code":0,"ms":247}
{"ts":"2026-06-24T03:12:00.305Z","lane":"plant","event":"done","step":"scribe-1","code":0,"ms":272}
{"ts":"2026-06-24T03:12:00.305Z","lane":"plant","event":"start","step":"scribe-2","bin":"node","args":["/Volumes/EOS_DIGITAL/KiriPedia/botnet/workers/scribe.mjs","--worker","scribe-2","--batch","1"]}
{"ts":"2026-06-24T03:12:00.311Z","lane":"plant2","event":"done","step":"cat-1","code":0,"ms":276}
{"ts":"2026-06-24T03:12:00.311Z","lane":"plant2","event":"start","step":"cat-2","bin":"node","args":["/Volumes/EOS_DIGITAL/KiriPedia/botnet/workers/cataloger-editor.mjs","--worker","cataloger-2","--batch","1"]}
{"ts":"2026-06-24T03:12:00.445Z","lane":"snapshot","event":"done","step":null,"code":0,"ms":281}
{"ts":"2026-06-24T03:12:00.483Z","lane":"plant2","event":"done","step":"cat-2","code":0,"ms":168}
{"ts":"2026-06-24T03:12:00.484Z","lane":"plant","event":"done","step":"scribe-2","code":0,"ms":177}
{"ts":"2026-06-24T03:12:00.492Z","lane":"plant","event":"start","step":"scribe-3","bin":"node","args":["/Volumes/EOS_DIGITAL/KiriPedia/botnet/workers/scribe.mjs","--worker","scribe-3","--batch","1"]}
{"ts":"2026-06-24T03:12:00.592Z","lane":"sentry","event":"done","step":null,"code":0,"ms":441}
{"ts":"2026-06-24T03:12:00.637Z","lane":"plant","event":"done","step":"scribe-3","code":0,"ms":144}
{"ts":"2026-06-24T03:12:01.520Z","lane":"calendar","event":"done","step":null,"code":0,"ms":1384}
{"ts":"2026-06-26T03:10:27.223Z","lane":"plant","event":"done","step":"scribe-3","code":0,"ms":79}
{"ts":"2026-06-26T03:30:19.075Z","lane":"plant2","event":"start","step":"cat-1","bin":"node","args":["/Volumes/EOS_DIGITAL/KiriPedia/botnet/workers/cataloger-editor.mjs","--worker","cataloger-1","--batch","1"]}
{"ts":"2026-06-26T03:30:19.236Z","lane":"plant2","event":"done","step":"cat-1","code":0,"ms":159}
{"ts":"2026-06-26T03:30:19.236Z","lane":"plant2","event":"start","step":"cat-2","bin":"node","args":["/Volumes/EOS_DIGITAL/KiriPedia/botnet/workers/cataloger-editor.mjs","--worker","cataloger-2","--batch","1"]}
{"ts":"2026-06-26T03:30:19.441Z","lane":"plant2","event":"done","step":"cat-2","code":0,"ms":73}
{"ts":"2026-06-26T03:30:24.443Z","lane":"plant","event":"start","step":"scribe-1","bin":"node","args":["/Volumes/EOS_DIGITAL/KiriPedia/botnet/workers/scribe.mjs","--worker","scribe-1","--batch","1"]}
{"ts":"2026-06-26T03:30:24.722Z","lane":"plant","event":"done","step":"scribe-1","code":0,"ms":279}
{"ts":"2026-06-26T03:30:24.722Z","lane":"plant","event":"start","step":"scribe-2","bin":"node","args":["/Volumes/EOS_DIGITAL/KiriPedia/botnet/workers/scribe.mjs","--worker","scribe-2","--batch","1"]}
{"ts":"2026-06-26T03:30:25.052Z","lane":"plant","event":"done","step":"scribe-2","code":0,"ms":79}
{"ts":"2026-06-26T03:30:25.107Z","lane":"plant","event":"start","step":"scribe-3","bin":"node","args":["/Volumes/EOS_DIGITAL/KiriPedia/botnet/workers/scribe.mjs","--worker","scribe-3","--batch","1"]}
{"ts":"2026-06-26T03:30:25.443Z","lane":"plant","event":"done","step":"scribe-3","code":0,"ms":76}
{"ts":"2026-06-26T03:30:31.303Z","lane":"plant","event":"start","step":"scribe-1","bin":"node","args":["/Volumes/EOS_DIGITAL/KiriPedia/botnet/workers/scribe.mjs","--worker","scribe-1","--batch","1"]}
{"ts":"2026-06-26T03:30:31.395Z","lane":"plant","event":"done","step":"scribe-1","code":0,"ms":90}
{"ts":"2026-06-26T03:30:31.395Z","lane":"plant","event":"start","step":"scribe-2","bin":"node","args":["/Volumes/EOS_DIGITAL/KiriPedia/botnet/workers/scribe.mjs","--worker","scribe-2","--batch","1"]}
{"ts":"2026-06-26T03:30:31.483Z","lane":"plant","event":"done","step":"scribe-2","code":0,"ms":78}
{"ts":"2026-06-26T03:30:31.483Z","lane":"plant","event":"start","step":"scribe-3","bin":"node","args":["/Volumes/EOS_DIGITAL/KiriPedia/botnet/workers/scribe.mjs","--worker","scribe-3","--batch","1"]}
{"ts":"2026-06-26T03:30:31.572Z","lane":"plant","event":"done","step":"scribe-3","code":0,"ms":77}
{"ts":"2026-06-26T03:30:34.402Z","lane":"plant2","event":"start","step":"cat-1","bin":"node","args":["/Volumes/EOS_DIGITAL/KiriPedia/botnet/workers/cataloger-editor.mjs","--worker","cataloger-1","--batch","1"]}
{"ts":"2026-06-26T03:30:34.483Z","lane":"plant2","event":"done","step":"cat-1","code":0,"ms":81}
{"ts":"2026-06-26T03:30:34.483Z","lane":"plant2","event":"start","step":"cat-2","bin":"node","args":["/Volumes/EOS_DIGITAL/KiriPedia/botnet/workers/cataloger-editor.mjs","--worker","cataloger-2","--batch","1"]}
{"ts":"2026-06-26T03:30:34.560Z","lane":"plant2","event":"done","step":"cat-2","code":0,"ms":75}
{"ts":"2026-06-26T03:31:53.103Z","lane":"plant","event":"start","step":"scribe-1","bin":"node","args":["/Volumes/EOS_DIGITAL/KiriPedia/botnet/workers/scribe.mjs","--worker","scribe-1","--batch","1"]}
{"ts":"2026-06-26T03:31:53.217Z","lane":"plant","event":"done","step":"scribe-1","code":0,"ms":109}
{"ts":"2026-06-26T03:31:53.217Z","lane":"plant","event":"start","step":"scribe-2","bin":"node","args":["/Volumes/EOS_DIGITAL/KiriPedia/botnet/workers/scribe.mjs","--worker","scribe-2","--batch","1"]}
{"ts":"2026-06-26T03:31:53.295Z","lane":"plant","event":"done","step":"scribe-2","code":0,"ms":75}
{"ts":"2026-06-26T03:31:53.295Z","lane":"plant","event":"start","step":"scribe-3","bin":"node","args":["/Volumes/EOS_DIGITAL/KiriPedia/botnet/workers/scribe.mjs","--worker","scribe-3","--batch","1"]}
{"ts":"2026-06-26T03:31:53.367Z","lane":"plant","event":"done","step":"scribe-3","code":0,"ms":70}
{"ts":"2026-06-26T03:32:03.128Z","lane":"plant","event":"start","step":"scribe-1","bin":"node","args":["/Volumes/EOS_DIGITAL/KiriPedia/botnet/workers/scribe.mjs","--worker","scribe-1","--batch","1"]}
{"ts":"2026-06-26T03:32:03.237Z","lane":"plant","event":"done","step":"scribe-1","code":0,"ms":106}
{"ts":"2026-06-26T03:32:03.237Z","lane":"plant","event":"start","step":"scribe-2","bin":"node","args":["/Volumes/EOS_DIGITAL/KiriPedia/botnet/workers/scribe.mjs","--worker","scribe-2","--batch","1"]}
{"ts":"2026-06-26T03:32:03.310Z","lane":"plant","event":"done","step":"scribe-2","code":0,"ms":71}
{"ts":"2026-06-26T03:32:03.310Z","lane":"plant","event":"start","step":"scribe-3","bin":"node","args":["/Volumes/EOS_DIGITAL/KiriPedia/botnet/workers/scribe.mjs","--worker","scribe-3","--batch","1"]}
{"ts":"2026-06-26T03:32:03.388Z","lane":"plant","event":"done","step":"scribe-3","code":0,"ms":72}
{"ts":"2026-06-26T03:32:14.593Z","lane":"plant2","event":"start","step":"cat-1","bin":"node","args":["/Volumes/EOS_DIGITAL/KiriPedia/botnet/workers/cataloger-editor.mjs","--worker","cataloger-1","--batch","1"]}
{"ts":"2026-06-26T03:32:14.700Z","lane":"plant2","event":"done","step":"cat-1","code":0,"ms":107}
{"ts":"2026-06-26T03:32:14.701Z","lane":"plant2","event":"start","step":"cat-2","bin":"node","args":["/Volumes/EOS_DIGITAL/KiriPedia/botnet/workers/cataloger-editor.mjs","--worker","cataloger-2","--batch","1"]}
{"ts":"2026-06-26T03:32:14.776Z","lane":"plant2","event":"done","step":"cat-2","code":0,"ms":73}
{"ts":"2026-06-26T03:32:28.075Z","lane":"plant2","event":"start","step":"cat-1","bin":"node","args":["/Volumes/EOS_DIGITAL/KiriPedia/botnet/workers/cataloger-editor.mjs","--worker","cataloger-1","--batch","1"]}
{"ts":"2026-06-26T03:32:28.185Z","lane":"plant2","event":"done","step":"cat-1","code":0,"ms":107}
{"ts":"2026-06-26T03:32:28.185Z","lane":"plant2","event":"start","step":"cat-2","bin":"node","args":["/Volumes/EOS_DIGITAL/KiriPedia/botnet/workers/cataloger-editor.mjs","--worker","cataloger-2","--batch","1"]}
{"ts":"2026-06-26T03:32:28.261Z","lane":"plant2","event":"done","step":"cat-2","code":0,"ms":71}
{"ts":"2026-06-26T03:32:35.964Z","lane":"snapshot","event":"start","step":null,"bin":"node","args":["/Volumes/EOS_DIGITAL/KiriPedia/botnet/lib/snapshot-writer.mjs"]}
{"ts":"2026-06-26T03:32:36.050Z","lane":"snapshot","event":"done","step":null,"code":0,"ms":85}
{"ts":"2026-06-26T03:32:44.304Z","lane":"reviewer","event":"start","step":null,"bin":"node","args":["/Volumes/EOS_DIGITAL/KiriPedia/botnet/workers/reviewer.mjs"]}
{"ts":"2026-06-26T03:32:44.392Z","lane":"reviewer","event":"done","step":null,"code":0,"ms":88}
{"ts":"2026-06-26T03:33:24.943Z","lane":"snapshot","event":"start","step":null,"bin":"node","args":["/Volumes/EOS_DIGITAL/KiriPedia/botnet/lib/snapshot-writer.mjs"]}
{"ts":"2026-06-26T03:33:25.079Z","lane":"snapshot","event":"done","step":null,"code":0,"ms":132}
{"ts":"2026-06-26T03:33:25.858Z","lane":"plant","event":"start","step":"scribe-1","bin":"node","args":["/Volumes/EOS_DIGITAL/KiriPedia/botnet/workers/scribe.mjs","--worker","scribe-1","--batch","1"]}
{"ts":"2026-06-26T03:33:25.942Z","lane":"plant","event":"done","step":"scribe-1","code":0,"ms":84}
{"ts":"2026-06-26T03:33:25.942Z","lane":"plant","event":"start","step":"scribe-2","bin":"node","args":["/Volumes/EOS_DIGITAL/KiriPedia/botnet/workers/scribe.mjs","--worker","scribe-2","--batch","1"]}
{"ts":"2026-06-26T03:33:26.017Z","lane":"plant","event":"done","step":"scribe-2","code":0,"ms":73}
{"ts":"2026-06-26T03:33:26.017Z","lane":"plant","event":"start","step":"scribe-3","bin":"node","args":["/Volumes/EOS_DIGITAL/KiriPedia/botnet/workers/scribe.mjs","--worker","scribe-3","--batch","1"]}
{"ts":"2026-06-26T03:33:26.095Z","lane":"plant","event":"done","step":"scribe-3","code":0,"ms":77}
{"ts":"2026-06-26T03:33:34.290Z","lane":"weaver2","event":"start","step":null,"bin":"node","args":["/Volumes/EOS_DIGITAL/KiriPedia/botnet/workers/reweaver.mjs","--batch","3"]}
{"ts":"2026-06-26T03:33:38.504Z","lane":"weaver2","event":"done","step":null,"code":0,"ms":4212}
{"ts":"2026-06-26T03:33:42.712Z","lane":"plant","event":"start","step":"scribe-1","bin":"node","args":["/Volumes/EOS_DIGITAL/KiriPedia/botnet/workers/scribe.mjs","--worker","scribe-1","--batch","1"]}
{"ts":"2026-06-26T03:33:42.800Z","lane":"plant","event":"done","step":"scribe-1","code":0,"ms":85}
{"ts":"2026-06-26T03:33:42.800Z","lane":"plant","event":"start","step":"scribe-2","bin":"node","args":["/Volumes/EOS_DIGITAL/KiriPedia/botnet/workers/scribe.mjs","--worker","scribe-2","--batch","1"]}
{"ts":"2026-06-26T03:33:42.876Z","lane":"plant","event":"done","step":"scribe-2","code":0,"ms":71}
{"ts":"2026-06-26T03:33:42.877Z","lane":"plant","event":"start","step":"scribe-3","bin":"node","args":["/Volumes/EOS_DIGITAL/KiriPedia/botnet/workers/scribe.mjs","--worker","scribe-3","--batch","1"]}
{"ts":"2026-06-26T03:33:42.949Z","lane":"plant","event":"done","step":"scribe-3","code":0,"ms":71}
{"ts":"2026-06-26T03:33:59.415Z","lane":"calendar","event":"start","step":null,"bin":"node","args":["/Volumes/EOS_DIGITAL/KiriPedia/botnet/workers/calendar-keeper.mjs"]}
{"ts":"2026-06-26T03:34:00.481Z","lane":"calendar","event":"done","step":null,"code":0,"ms":1065}
{"ts":"2026-06-26T03:34:11.620Z","lane":"plant2","event":"start","step":"cat-1","bin":"node","args":["/Volumes/EOS_DIGITAL/KiriPedia/botnet/workers/cataloger-editor.mjs","--worker","cataloger-1","--batch","1"]}
{"ts":"2026-06-26T03:34:11.729Z","lane":"plant2","event":"done","step":"cat-1","code":0,"ms":106}
{"ts":"2026-06-26T03:34:11.730Z","lane":"plant2","event":"start","step":"cat-2","bin":"node","args":["/Volumes/EOS_DIGITAL/KiriPedia/botnet/workers/cataloger-editor.mjs","--worker","cataloger-2","--batch","1"]}
{"ts":"2026-06-26T03:34:11.802Z","lane":"plant2","event":"done","step":"cat-2","code":0,"ms":71}
{"ts":"2026-06-26T03:34:19.613Z","lane":"plant2","event":"start","step":"cat-1","bin":"node","args":["/Volumes/EOS_DIGITAL/KiriPedia/botnet/workers/cataloger-editor.mjs","--worker","cataloger-1","--batch","1"]}
{"ts":"2026-06-26T03:34:19.693Z","lane":"plant2","event":"done","step":"cat-1","code":0,"ms":78}
{"ts":"2026-06-26T03:34:19.693Z","lane":"plant2","event":"start","step":"cat-2","bin":"node","args":["/Volumes/EOS_DIGITAL/KiriPedia/botnet/workers/cataloger-editor.mjs","--worker","cataloger-2","--batch","1"]}
{"ts":"2026-06-26T03:34:19.768Z","lane":"plant2","event":"done","step":"cat-2","code":0,"ms":71}
{"ts":"2026-06-26T03:34:26.507Z","lane":"catch-import","event":"start","step":null,"bin":"node","args":["/Volumes/EOS_DIGITAL/KiriPedia/botnet/workers/catch-importer.mjs","--auto-trust"]}
{"ts":"2026-06-26T03:34:26.598Z","lane":"catch-import","event":"done","step":null,"code":0,"ms":89}
{"ts":"2026-06-26T03:34:27.445Z","lane":"reviewer","event":"start","step":null,"bin":"node","args":["/Volumes/EOS_DIGITAL/KiriPedia/botnet/workers/reviewer.mjs"]}
{"ts":"2026-06-26T03:34:27.530Z","lane":"reviewer","event":"done","step":null,"code":0,"ms":84}
{"ts":"2026-06-26T03:34:59.723Z","lane":"indexer","event":"start","step":null,"bin":"node","args":["/Volumes/EOS_DIGITAL/KiriPedia/botnet/workers/indexer.mjs"]}
{"ts":"2026-06-26T03:35:03.099Z","lane":"indexer","event":"done","step":null,"code":0,"ms":3374}
{"ts":"2026-06-26T03:35:04.904Z","lane":"plant","event":"start","step":"scribe-1","bin":"node","args":["/Volumes/EOS_DIGITAL/KiriPedia/botnet/workers/scribe.mjs","--worker","scribe-1","--batch","1"]}
{"ts":"2026-06-26T03:35:04.989Z","lane":"plant","event":"done","step":"scribe-1","code":0,"ms":84}
{"ts":"2026-06-26T03:35:04.989Z","lane":"plant","event":"start","step":"scribe-2","bin":"node","args":["/Volumes/EOS_DIGITAL/KiriPedia/botnet/workers/scribe.mjs","--worker","scribe-2","--batch","1"]}
{"ts":"2026-06-26T03:35:05.064Z","lane":"plant","event":"done","step":"scribe-2","code":0,"ms":74}
{"ts":"2026-06-26T03:35:05.065Z","lane":"plant","event":"start","step":"scribe-3","bin":"node","args":["/Volumes/EOS_DIGITAL/KiriPedia/botnet/workers/scribe.mjs","--worker","scribe-3","--batch","1"]}
{"ts":"2026-06-26T03:35:05.140Z","lane":"plant","event":"done","step":"scribe-3","code":0,"ms":74}
{"ts":"2026-06-26T03:35:10.304Z","lane":"plant","event":"start","step":"scribe-1","bin":"node","args":["/Volumes/EOS_DIGITAL/KiriPedia/botnet/workers/scribe.mjs","--worker","scribe-1","--batch","1"]}
{"ts":"2026-06-26T03:35:10.386Z","lane":"plant","event":"done","step":"scribe-1","code":0,"ms":79}
{"ts":"2026-06-26T03:35:10.439Z","lane":"plant","event":"start","step":"scribe-2","bin":"node","args":["/Volumes/EOS_DIGITAL/KiriPedia/botnet/workers/scribe.mjs","--worker","scribe-2","--batch","1"]}
{"ts":"2026-06-26T03:35:10.647Z","lane":"plant","event":"done","step":"scribe-2","code":0,"ms":75}
{"ts":"2026-06-26T03:35:10.716Z","lane":"plant","event":"start","step":"scribe-3","bin":"node","args":["/Volumes/EOS_DIGITAL/KiriPedia/botnet/workers/scribe.mjs","--worker","scribe-3","--batch","1"]}
{"ts":"2026-06-26T03:35:10.925Z","lane":"plant","event":"done","step":"scribe-3","code":0,"ms":76}
{"ts":"2026-06-26T03:35:56.432Z","lane":"plant2","event":"start","step":"cat-1","bin":"node","args":["/Volumes/EOS_DIGITAL/KiriPedia/botnet/workers/cataloger-editor.mjs","--worker","cataloger-1","--batch","1"]}
{"ts":"2026-06-26T03:35:56.591Z","lane":"plant2","event":"done","step":"cat-1","code":0,"ms":158}
{"ts":"2026-06-26T03:35:56.592Z","lane":"plant2","event":"start","step":"cat-2","bin":"node","args":["/Volumes/EOS_DIGITAL/KiriPedia/botnet/workers/cataloger-editor.mjs","--worker","cataloger-2","--batch","1"]}
{"ts":"2026-06-26T03:35:56.801Z","lane":"plant2","event":"done","step":"cat-2","code":0,"ms":75}
{"ts":"2026-06-26T03:36:01.653Z","lane":"plant2","event":"start","step":"cat-1","bin":"node","args":["/Volumes/EOS_DIGITAL/KiriPedia/botnet/workers/cataloger-editor.mjs","--worker","cataloger-1","--batch","1"]}
{"ts":"2026-06-26T03:36:01.732Z","lane":"plant2","event":"done","step":"cat-1","code":0,"ms":77}
{"ts":"2026-06-26T03:36:01.785Z","lane":"plant2","event":"start","step":"cat-2","bin":"node","args":["/Volumes/EOS_DIGITAL/KiriPedia/botnet/workers/cataloger-editor.mjs","--worker","cataloger-2","--batch","1"]}
{"ts":"2026-06-26T03:36:01.989Z","lane":"plant2","event":"done","step":"cat-2","code":0,"ms":74}
{"ts":"2026-06-26T03:36:28.705Z","lane":"plant","event":"start","step":"scribe-1","bin":"node","args":["/Volumes/EOS_DIGITAL/KiriPedia/botnet/workers/scribe.mjs","--worker","scribe-1","--batch","1"]}
{"ts":"2026-06-26T03:36:28.815Z","lane":"plant","event":"done","step":"scribe-1","code":0,"ms":108}
{"ts":"2026-06-26T03:36:28.815Z","lane":"plant","event":"start","step":"scribe-2","bin":"node","args":["/Volumes/EOS_DIGITAL/KiriPedia/botnet/workers/scribe.mjs","--worker","scribe-2","--batch","1"]}
{"ts":"2026-06-26T03:36:28.895Z","lane":"plant","event":"done","step":"scribe-2","code":0,"ms":71}
{"ts":"2026-06-26T03:36:28.895Z","lane":"plant","event":"start","step":"scribe-3","bin":"node","args":["/Volumes/EOS_DIGITAL/KiriPedia/botnet/workers/scribe.mjs","--worker","scribe-3","--batch","1"]}
{"ts":"2026-06-26T03:36:28.976Z","lane":"plant","event":"done","step":"scribe-3","code":0,"ms":72}
{"ts":"2026-06-26T03:36:29.856Z","lane":"plant","event":"start","step":"scribe-1","bin":"node","args":["/Volumes/EOS_DIGITAL/KiriPedia/botnet/workers/scribe.mjs","--worker","scribe-1","--batch","1"]}
{"ts":"2026-06-26T03:36:29.928Z","lane":"plant","event":"done","step":"scribe-1","code":0,"ms":71}
{"ts":"2026-06-26T03:36:29.928Z","lane":"plant","event":"start","step":"scribe-2","bin":"node","args":["/Volumes/EOS_DIGITAL/KiriPedia/botnet/workers/scribe.mjs","--worker","scribe-2","--batch","1"]}
{"ts":"2026-06-26T03:36:30.010Z","lane":"plant","event":"done","step":"scribe-2","code":0,"ms":71}
{"ts":"2026-06-26T03:36:30.011Z","lane":"plant","event":"start","step":"scribe-3","bin":"node","args":["/Volumes/EOS_DIGITAL/KiriPedia/botnet/workers/scribe.mjs","--worker","scribe-3","--batch","1"]}
{"ts":"2026-06-26T03:36:30.091Z","lane":"plant","event":"done","step":"scribe-3","code":0,"ms":71}
{"ts":"2026-06-26T03:37:26.405Z","lane":"reviewer","event":"start","step":null,"bin":"node","args":["/Volumes/EOS_DIGITAL/KiriPedia/botnet/workers/reviewer.mjs"]}
{"ts":"2026-06-26T03:37:26.548Z","lane":"reviewer","event":"done","step":null,"code":0,"ms":139}
{"ts":"2026-06-26T03:37:36.061Z","lane":"snapshot","event":"start","step":null,"bin":"node","args":["/Volumes/EOS_DIGITAL/KiriPedia/botnet/lib/snapshot-writer.mjs"]}
{"ts":"2026-06-26T03:37:36.168Z","lane":"snapshot","event":"done","step":null,"code":0,"ms":105}
{"ts":"2026-06-26T03:37:40.375Z","lane":"triage","event":"start","step":null,"bin":"node","args":["/Volumes/EOS_DIGITAL/KiriPedia/botnet/workers/npp.mjs"]}
{"ts":"2026-06-26T03:37:40.453Z","lane":"triage","event":"done","step":null,"code":0,"ms":76}
{"ts":"2026-06-26T03:37:46.495Z","lane":"triage","event":"start","step":null,"bin":"node","args":["/Volumes/EOS_DIGITAL/KiriPedia/botnet/workers/npp.mjs"]}
{"ts":"2026-06-26T03:37:46.573Z","lane":"triage","event":"done","step":null,"code":0,"ms":78}
{"ts":"2026-06-26T03:37:53.599Z","lane":"plant2","event":"start","step":"cat-1","bin":"node","args":["/Volumes/EOS_DIGITAL/KiriPedia/botnet/workers/cataloger-editor.mjs","--worker","cataloger-1","--batch","1"]}
{"ts":"2026-06-26T03:37:53.689Z","lane":"plant2","event":"done","step":"cat-1","code":0,"ms":89}
{"ts":"2026-06-26T03:37:53.690Z","lane":"plant2","event":"start","step":"cat-2","bin":"node","args":["/Volumes/EOS_DIGITAL/KiriPedia/botnet/workers/cataloger-editor.mjs","--worker","cataloger-2","--batch","1"]}
{"ts":"2026-06-26T03:37:53.761Z","lane":"plant2","event":"done","step":"cat-2","code":0,"ms":69}
{"ts":"2026-06-26T03:37:57.811Z","lane":"catch-import","event":"start","step":null,"bin":"node","args":["/Volumes/EOS_DIGITAL/KiriPedia/botnet/workers/catch-importer.mjs","--auto-trust"]}
{"ts":"2026-06-26T03:37:57.894Z","lane":"catch-import","event":"done","step":null,"code":0,"ms":83}
{"ts":"2026-06-26T03:38:00.773Z","lane":"plant","event":"start","step":"scribe-1","bin":"node","args":["/Volumes/EOS_DIGITAL/KiriPedia/botnet/workers/scribe.mjs","--worker","scribe-1","--batch","1"]}
{"ts":"2026-06-26T03:38:00.852Z","lane":"plant","event":"done","step":"scribe-1","code":0,"ms":78}
{"ts":"2026-06-26T03:38:00.852Z","lane":"plant","event":"start","step":"scribe-2","bin":"node","args":["/Volumes/EOS_DIGITAL/KiriPedia/botnet/workers/scribe.mjs","--worker","scribe-2","--batch","1"]}
{"ts":"2026-06-26T03:38:00.925Z","lane":"plant","event":"done","step":"scribe-2","code":0,"ms":72}
{"ts":"2026-06-26T03:38:00.925Z","lane":"plant","event":"start","step":"scribe-3","bin":"node","args":["/Volumes/EOS_DIGITAL/KiriPedia/botnet/workers/scribe.mjs","--worker","scribe-3","--batch","1"]}
{"ts":"2026-06-26T03:38:00.998Z","lane":"plant","event":"done","step":"scribe-3","code":0,"ms":69}
{"ts":"2026-06-26T03:38:05.238Z","lane":"plant2","event":"start","step":"cat-1","bin":"node","args":["/Volumes/EOS_DIGITAL/KiriPedia/botnet/workers/cataloger-editor.mjs","--worker","cataloger-1","--batch","1"]}
{"ts":"2026-06-26T03:38:05.317Z","lane":"plant2","event":"done","step":"cat-1","code":0,"ms":78}
{"ts":"2026-06-26T03:38:05.318Z","lane":"plant2","event":"start","step":"cat-2","bin":"node","args":["/Volumes/EOS_DIGITAL/KiriPedia/botnet/workers/cataloger-editor.mjs","--worker","cataloger-2","--batch","1"]}
{"ts":"2026-06-26T03:38:05.396Z","lane":"plant2","event":"done","step":"cat-2","code":0,"ms":77}
{"ts":"2026-06-26T03:38:11.534Z","lane":"plant","event":"start","step":"scribe-1","bin":"node","args":["/Volumes/EOS_DIGITAL/KiriPedia/botnet/workers/scribe.mjs","--worker","scribe-1","--batch","1"]}
{"ts":"2026-06-26T03:38:11.619Z","lane":"plant","event":"done","step":"scribe-1","code":0,"ms":83}
{"ts":"2026-06-26T03:38:11.620Z","lane":"plant","event":"start","step":"scribe-2","bin":"node","args":["/Volumes/EOS_DIGITAL/KiriPedia/botnet/workers/scribe.mjs","--worker","scribe-2","--batch","1"]}
{"ts":"2026-06-26T03:38:11.698Z","lane":"plant","event":"done","step":"scribe-2","code":0,"ms":77}
{"ts":"2026-06-26T03:38:11.698Z","lane":"plant","event":"start","step":"scribe-3","bin":"node","args":["/Volumes/EOS_DIGITAL/KiriPedia/botnet/workers/scribe.mjs","--worker","scribe-3","--batch","1"]}
{"ts":"2026-06-26T03:38:11.771Z","lane":"plant","event":"done","step":"scribe-3","code":0,"ms":71}
{"ts":"2026-06-26T03:38:12.626Z","lane":"mining","event":"start","step":"deepener","bin":"node","args":["/Volumes/EOS_DIGITAL/KiriPedia/botnet/workers/deepener.mjs","--batch","5"]}
{"ts":"2026-06-26T03:38:25.089Z","lane":"snapshot","event":"start","step":null,"bin":"node","args":["/Volumes/EOS_DIGITAL/KiriPedia/botnet/lib/snapshot-writer.mjs"]}
{"ts":"2026-06-26T03:38:25.176Z","lane":"snapshot","event":"done","step":null,"code":0,"ms":86}
{"ts":"2026-06-26T03:38:33.468Z","lane":"weaver2","event":"start","step":null,"bin":"node","args":["/Volumes/EOS_DIGITAL/KiriPedia/botnet/workers/reweaver.mjs","--batch","3"]}
{"ts":"2026-06-26T03:38:50.326Z","lane":"weaver2","event":"done","step":null,"code":0,"ms":16858}
{"ts":"2026-06-26T03:39:04.734Z","lane":"mining","event":"done","step":"deepener","code":0,"ms":52106}
{"ts":"2026-06-26T03:39:04.735Z","lane":"mining","event":"start","step":"enricher","bin":"node","args":["/Volumes/EOS_DIGITAL/KiriPedia/botnet/workers/enricher.mjs","--batch","5"]}
{"ts":"2026-06-26T03:39:30.885Z","lane":"mining","event":"done","step":"enricher","code":0,"ms":26149}
{"ts":"2026-06-26T03:39:30.886Z","lane":"mining","event":"start","step":"weaver","bin":"node","args":["/Volumes/EOS_DIGITAL/KiriPedia/botnet/workers/weaver.mjs","--batch","5"]}
{"ts":"2026-06-26T03:39:32.183Z","lane":"plant","event":"start","step":"scribe-1","bin":"node","args":["/Volumes/EOS_DIGITAL/KiriPedia/botnet/workers/scribe.mjs","--worker","scribe-1","--batch","1"]}
{"ts":"2026-06-26T03:39:32.258Z","lane":"plant","event":"done","step":"scribe-1","code":0,"ms":74}
{"ts":"2026-06-26T03:39:32.258Z","lane":"plant","event":"start","step":"scribe-2","bin":"node","args":["/Volumes/EOS_DIGITAL/KiriPedia/botnet/workers/scribe.mjs","--worker","scribe-2","--batch","1"]}
{"ts":"2026-06-26T03:39:32.334Z","lane":"plant","event":"done","step":"scribe-2","code":0,"ms":74}
{"ts":"2026-06-26T03:39:32.334Z","lane":"plant","event":"start","step":"scribe-3","bin":"node","args":["/Volumes/EOS_DIGITAL/KiriPedia/botnet/workers/scribe.mjs","--worker","scribe-3","--batch","1"]}
{"ts":"2026-06-26T03:39:32.410Z","lane":"plant","event":"done","step":"scribe-3","code":0,"ms":73}
{"ts":"2026-06-26T03:39:41.510Z","lane":"plant","event":"start","step":"scribe-1","bin":"node","args":["/Volumes/EOS_DIGITAL/KiriPedia/botnet/workers/scribe.mjs","--worker","scribe-1","--batch","1"]}
{"ts":"2026-06-26T03:39:41.584Z","lane":"plant","event":"done","step":"scribe-1","code":0,"ms":73}
{"ts":"2026-06-26T03:39:41.584Z","lane":"plant","event":"start","step":"scribe-2","bin":"node","args":["/Volumes/EOS_DIGITAL/KiriPedia/botnet/workers/scribe.mjs","--worker","scribe-2","--batch","1"]}
{"ts":"2026-06-26T03:39:41.660Z","lane":"plant","event":"done","step":"scribe-2","code":0,"ms":75}
{"ts":"2026-06-26T03:39:41.660Z","lane":"plant","event":"start","step":"scribe-3","bin":"node","args":["/Volumes/EOS_DIGITAL/KiriPedia/botnet/workers/scribe.mjs","--worker","scribe-3","--batch","1"]}
{"ts":"2026-06-26T03:39:41.735Z","lane":"plant","event":"done","step":"scribe-3","code":0,"ms":74}
{"ts":"2026-06-26T03:39:45.680Z","lane":"reviewer","event":"start","step":null,"bin":"node","args":["/Volumes/EOS_DIGITAL/KiriPedia/botnet/workers/reviewer.mjs"]}
{"ts":"2026-06-26T03:39:45.763Z","lane":"reviewer","event":"done","step":null,"code":0,"ms":82}
{"ts":"2026-06-26T03:39:49.283Z","lane":"plant2","event":"start","step":"cat-1","bin":"node","args":["/Volumes/EOS_DIGITAL/KiriPedia/botnet/workers/cataloger-editor.mjs","--worker","cataloger-1","--batch","1"]}
{"ts":"2026-06-26T03:39:49.367Z","lane":"plant2","event":"done","step":"cat-1","code":0,"ms":83}
{"ts":"2026-06-26T03:39:49.367Z","lane":"plant2","event":"start","step":"cat-2","bin":"node","args":["/Volumes/EOS_DIGITAL/KiriPedia/botnet/workers/cataloger-editor.mjs","--worker","cataloger-2","--batch","1"]}
{"ts":"2026-06-26T03:39:49.443Z","lane":"plant2","event":"done","step":"cat-2","code":0,"ms":73}
{"ts":"2026-06-26T03:39:52.457Z","lane":"office","event":"start","step":null,"bin":"node","args":["/Volumes/EOS_DIGITAL/KiriPedia/botnet/workers/office-manager.mjs"]}
{"ts":"2026-06-26T03:40:00.241Z","lane":"office","event":"done","step":null,"code":0,"ms":7782}
{"ts":"2026-06-26T03:40:02.853Z","lane":"plant2","event":"start","step":"cat-1","bin":"node","args":["/Volumes/EOS_DIGITAL/KiriPedia/botnet/workers/cataloger-editor.mjs","--worker","cataloger-1","--batch","1"]}
{"ts":"2026-06-26T03:40:02.934Z","lane":"plant2","event":"done","step":"cat-1","code":0,"ms":80}
{"ts":"2026-06-26T03:40:02.987Z","lane":"plant2","event":"start","step":"cat-2","bin":"node","args":["/Volumes/EOS_DIGITAL/KiriPedia/botnet/workers/cataloger-editor.mjs","--worker","cataloger-2","--batch","1"]}
{"ts":"2026-06-26T03:40:03.195Z","lane":"plant2","event":"done","step":"cat-2","code":0,"ms":75}
{"ts":"2026-06-26T03:40:03.836Z","lane":"mining","event":"done","step":"weaver","code":0,"ms":32949}
{"ts":"2026-06-26T03:40:04.586Z","lane":"coord","event":"start","step":null,"bin":"node","args":["/Volumes/EOS_DIGITAL/KiriPedia/botnet/workers/coordinator.mjs","--push"]}
{"ts":"2026-06-26T03:40:04.669Z","lane":"coord","event":"done","step":null,"code":0,"ms":83}
{"ts":"2026-06-26T03:40:47.839Z","lane":"plant","event":"start","step":"scribe-1","bin":"node","args":["/Volumes/EOS_DIGITAL/KiriPedia/botnet/workers/scribe.mjs","--worker","scribe-1","--batch","1"]}
{"ts":"2026-06-26T03:40:47.963Z","lane":"plant","event":"done","step":"scribe-1","code":0,"ms":110}
{"ts":"2026-06-26T03:40:47.963Z","lane":"plant","event":"start","step":"scribe-2","bin":"node","args":["/Volumes/EOS_DIGITAL/KiriPedia/botnet/workers/scribe.mjs","--worker","scribe-2","--batch","1"]}
{"ts":"2026-06-26T03:40:48.055Z","lane":"plant","event":"done","step":"scribe-2","code":0,"ms":74}
{"ts":"2026-06-26T03:40:48.056Z","lane":"plant","event":"start","step":"scribe-3","bin":"node","args":["/Volumes/EOS_DIGITAL/KiriPedia/botnet/workers/scribe.mjs","--worker","scribe-3","--batch","1"]}
{"ts":"2026-06-26T03:40:48.134Z","lane":"plant","event":"done","step":"scribe-3","code":0,"ms":70}
{"ts":"2026-06-26T03:41:12.378Z","lane":"plant","event":"start","step":"scribe-1","bin":"node","args":["/Volumes/EOS_DIGITAL/KiriPedia/botnet/workers/scribe.mjs","--worker","scribe-1","--batch","1"]}
{"ts":"2026-06-26T03:41:12.482Z","lane":"plant","event":"done","step":"scribe-1","code":0,"ms":103}
{"ts":"2026-06-26T03:41:12.482Z","lane":"plant","event":"start","step":"scribe-2","bin":"node","args":["/Volumes/EOS_DIGITAL/KiriPedia/botnet/workers/scribe.mjs","--worker","scribe-2","--batch","1"]}
{"ts":"2026-06-26T03:41:12.564Z","lane":"plant","event":"done","step":"scribe-2","code":0,"ms":73}
{"ts":"2026-06-26T03:41:12.564Z","lane":"plant","event":"start","step":"scribe-3","bin":"node","args":["/Volumes/EOS_DIGITAL/KiriPedia/botnet/workers/scribe.mjs","--worker","scribe-3","--batch","1"]}
{"ts":"2026-06-26T03:41:12.646Z","lane":"plant","event":"done","step":"scribe-3","code":0,"ms":73}
{"ts":"2026-06-26T03:41:43.419Z","lane":"plant2","event":"start","step":"cat-1","bin":"node","args":["/Volumes/EOS_DIGITAL/KiriPedia/botnet/workers/cataloger-editor.mjs","--worker","cataloger-1","--batch","1"]}
{"ts":"2026-06-26T03:41:43.521Z","lane":"plant2","event":"done","step":"cat-1","code":0,"ms":100}
{"ts":"2026-06-26T03:41:43.521Z","lane":"plant2","event":"start","step":"cat-2","bin":"node","args":["/Volumes/EOS_DIGITAL/KiriPedia/botnet/workers/cataloger-editor.mjs","--worker","cataloger-2","--batch","1"]}
{"ts":"2026-06-26T03:41:43.603Z","lane":"plant2","event":"done","step":"cat-2","code":0,"ms":72}
{"ts":"2026-06-26T03:41:43.928Z","lane":"plant2","event":"start","step":"cat-1","bin":"node","args":["/Volumes/EOS_DIGITAL/KiriPedia/botnet/workers/cataloger-editor.mjs","--worker","cataloger-1","--batch","1"]}
{"ts":"2026-06-26T03:41:44.006Z","lane":"plant2","event":"done","step":"cat-1","code":0,"ms":77}
{"ts":"2026-06-26T03:41:44.006Z","lane":"plant2","event":"start","step":"cat-2","bin":"node","args":["/Volumes/EOS_DIGITAL/KiriPedia/botnet/workers/cataloger-editor.mjs","--worker","cataloger-2","--batch","1"]}
{"ts":"2026-06-26T03:41:44.091Z","lane":"plant2","event":"done","step":"cat-2","code":0,"ms":75}
{"ts":"2026-06-26T03:42:20.388Z","lane":"plant","event":"start","step":"scribe-1","bin":"node","args":["/Volumes/EOS_DIGITAL/KiriPedia/botnet/workers/scribe.mjs","--worker","scribe-1","--batch","1"]}
{"ts":"2026-06-26T03:42:20.498Z","lane":"plant","event":"done","step":"scribe-1","code":0,"ms":108}
{"ts":"2026-06-26T03:42:20.498Z","lane":"plant","event":"start","step":"scribe-2","bin":"node","args":["/Volumes/EOS_DIGITAL/KiriPedia/botnet/workers/scribe.mjs","--worker","scribe-2","--batch","1"]}
{"ts":"2026-06-26T03:42:20.578Z","lane":"plant","event":"done","step":"scribe-2","code":0,"ms":75}
{"ts":"2026-06-26T03:42:20.578Z","lane":"plant","event":"start","step":"scribe-3","bin":"node","args":["/Volumes/EOS_DIGITAL/KiriPedia/botnet/workers/scribe.mjs","--worker","scribe-3","--batch","1"]}
{"ts":"2026-06-26T03:42:20.656Z","lane":"plant","event":"done","step":"scribe-3","code":0,"ms":76}
{"ts":"2026-06-26T03:42:34.153Z","lane":"reviewer","event":"start","step":null,"bin":"node","args":["/Volumes/EOS_DIGITAL/KiriPedia/botnet/workers/reviewer.mjs"]}
{"ts":"2026-06-26T03:42:34.245Z","lane":"reviewer","event":"done","step":null,"code":0,"ms":88}
{"ts":"2026-06-26T03:42:36.177Z","lane":"snapshot","event":"start","step":null,"bin":"node","args":["/Volumes/EOS_DIGITAL/KiriPedia/botnet/lib/snapshot-writer.mjs"]}
{"ts":"2026-06-26T03:42:36.259Z","lane":"snapshot","event":"done","step":null,"code":0,"ms":82}
{"ts":"2026-06-26T03:42:40.260Z","lane":"plant","event":"start","step":"scribe-1","bin":"node","args":["/Volumes/EOS_DIGITAL/KiriPedia/botnet/workers/scribe.mjs","--worker","scribe-1","--batch","1"]}
{"ts":"2026-06-26T03:42:40.350Z","lane":"plant","event":"done","step":"scribe-1","code":0,"ms":90}
{"ts":"2026-06-26T03:42:40.351Z","lane":"plant","event":"start","step":"scribe-2","bin":"node","args":["/Volumes/EOS_DIGITAL/KiriPedia/botnet/workers/scribe.mjs","--worker","scribe-2","--batch","1"]}
{"ts":"2026-06-26T03:42:40.428Z","lane":"plant","event":"done","step":"scribe-2","code":0,"ms":76}
{"ts":"2026-06-26T03:42:40.428Z","lane":"plant","event":"start","step":"scribe-3","bin":"node","args":["/Volumes/EOS_DIGITAL/KiriPedia/botnet/workers/scribe.mjs","--worker","scribe-3","--batch","1"]}
{"ts":"2026-06-26T03:42:40.505Z","lane":"plant","event":"done","step":"scribe-3","code":0,"ms":75}
{"ts":"2026-06-26T03:43:25.187Z","lane":"snapshot","event":"start","step":null,"bin":"node","args":["/Volumes/EOS_DIGITAL/KiriPedia/botnet/lib/snapshot-writer.mjs"]}
{"ts":"2026-06-26T03:43:25.324Z","lane":"snapshot","event":"done","step":null,"code":0,"ms":129}
{"ts":"2026-06-26T03:43:37.630Z","lane":"plant2","event":"start","step":"cat-1","bin":"node","args":["/Volumes/EOS_DIGITAL/KiriPedia/botnet/workers/cataloger-editor.mjs","--worker","cataloger-1","--batch","1"]}
{"ts":"2026-06-26T03:43:37.734Z","lane":"plant2","event":"done","step":"cat-1","code":0,"ms":103}
{"ts":"2026-06-26T03:43:37.735Z","lane":"plant2","event":"start","step":"cat-2","bin":"node","args":["/Volumes/EOS_DIGITAL/KiriPedia/botnet/workers/cataloger-editor.mjs","--worker","cataloger-2","--batch","1"]}
{"ts":"2026-06-26T03:43:37.807Z","lane":"plant2","event":"done","step":"cat-2","code":0,"ms":71}
{"ts":"2026-06-26T03:43:41.131Z","lane":"plant2","event":"start","step":"cat-1","bin":"node","args":["/Volumes/EOS_DIGITAL/KiriPedia/botnet/workers/cataloger-editor.mjs","--worker","cataloger-1","--batch","1"]}
{"ts":"2026-06-26T03:43:41.202Z","lane":"plant2","event":"done","step":"cat-1","code":0,"ms":70}
{"ts":"2026-06-26T03:43:41.202Z","lane":"plant2","event":"start","step":"cat-2","bin":"node","args":["/Volumes/EOS_DIGITAL/KiriPedia/botnet/workers/cataloger-editor.mjs","--worker","cataloger-2","--batch","1"]}
{"ts":"2026-06-26T03:43:41.275Z","lane":"plant2","event":"done","step":"cat-2","code":0,"ms":71}
{"ts":"2026-06-26T03:43:46.708Z","lane":"plant","event":"start","step":"scribe-1","bin":"node","args":["/Volumes/EOS_DIGITAL/KiriPedia/botnet/workers/scribe.mjs","--worker","scribe-1","--batch","1"]}
{"ts":"2026-06-26T03:43:46.782Z","lane":"plant","event":"done","step":"scribe-1","code":0,"ms":74}
{"ts":"2026-06-26T03:43:46.783Z","lane":"plant","event":"start","step":"scribe-2","bin":"node","args":["/Volumes/EOS_DIGITAL/KiriPedia/botnet/workers/scribe.mjs","--worker","scribe-2","--batch","1"]}
{"ts":"2026-06-26T03:43:46.855Z","lane":"plant","event":"done","step":"scribe-2","code":0,"ms":71}
{"ts":"2026-06-26T03:43:46.855Z","lane":"plant","event":"start","step":"scribe-3","bin":"node","args":["/Volumes/EOS_DIGITAL/KiriPedia/botnet/workers/scribe.mjs","--worker","scribe-3","--batch","1"]}
{"ts":"2026-06-26T03:43:46.929Z","lane":"plant","event":"done","step":"scribe-3","code":0,"ms":72}
{"ts":"2026-06-26T03:44:17.854Z","lane":"plant","event":"start","step":"scribe-1","bin":"node","args":["/Volumes/EOS_DIGITAL/KiriPedia/botnet/workers/scribe.mjs","--worker","scribe-1","--batch","1"]}
{"ts":"2026-06-26T03:44:17.942Z","lane":"plant","event":"done","step":"scribe-1","code":0,"ms":86}
{"ts":"2026-06-26T03:44:17.942Z","lane":"plant","event":"start","step":"scribe-2","bin":"node","args":["/Volumes/EOS_DIGITAL/KiriPedia/botnet/workers/scribe.mjs","--worker","scribe-2","--batch","1"]}
{"ts":"2026-06-26T03:44:18.014Z","lane":"plant","event":"done","step":"scribe-2","code":0,"ms":70}
{"ts":"2026-06-26T03:44:18.015Z","lane":"plant","event":"start","step":"scribe-3","bin":"node","args":["/Volumes/EOS_DIGITAL/KiriPedia/botnet/workers/scribe.mjs","--worker","scribe-3","--batch","1"]}
{"ts":"2026-06-26T03:44:18.088Z","lane":"plant","event":"done","step":"scribe-3","code":0,"ms":72}
{"ts":"2026-06-26T03:44:35.373Z","lane":"coord","event":"start","step":null,"bin":"node","args":["/Volumes/EOS_DIGITAL/KiriPedia/botnet/workers/coordinator.mjs","--push"]}
{"ts":"2026-06-26T03:44:35.488Z","lane":"coord","event":"done","step":null,"code":0,"ms":115}
{"ts":"2026-06-26T03:44:38.995Z","lane":"reviewer","event":"start","step":null,"bin":"node","args":["/Volumes/EOS_DIGITAL/KiriPedia/botnet/workers/reviewer.mjs"]}
{"ts":"2026-06-26T03:44:39.083Z","lane":"reviewer","event":"done","step":null,"code":0,"ms":88}
{"ts":"2026-06-26T03:44:39.311Z","lane":"catch-import","event":"start","step":null,"bin":"node","args":["/Volumes/EOS_DIGITAL/KiriPedia/botnet/workers/catch-importer.mjs","--auto-trust"]}
{"ts":"2026-06-26T03:44:39.389Z","lane":"catch-import","event":"done","step":null,"code":0,"ms":77}
{"ts":"2026-06-26T03:45:19.048Z","lane":"prospect","event":"start","step":null,"bin":"node","args":["/Volumes/EOS_DIGITAL/KiriPedia/botnet/workers/prospector.mjs","--batch","2"]}
{"ts":"2026-06-26T03:45:28.031Z","lane":"plant","event":"start","step":"scribe-1","bin":"node","args":["/Volumes/EOS_DIGITAL/KiriPedia/botnet/workers/scribe.mjs","--worker","scribe-1","--batch","1"]}
{"ts":"2026-06-26T03:45:28.182Z","lane":"plant","event":"done","step":"scribe-1","code":0,"ms":150}
{"ts":"2026-06-26T03:45:28.183Z","lane":"plant","event":"start","step":"scribe-2","bin":"node","args":["/Volumes/EOS_DIGITAL/KiriPedia/botnet/workers/scribe.mjs","--worker","scribe-2","--batch","1"]}
{"ts":"2026-06-26T03:45:28.259Z","lane":"plant","event":"done","step":"scribe-2","code":0,"ms":75}
{"ts":"2026-06-26T03:45:28.259Z","lane":"plant","event":"start","step":"scribe-3","bin":"node","args":["/Volumes/EOS_DIGITAL/KiriPedia/botnet/workers/scribe.mjs","--worker","scribe-3","--batch","1"]}
{"ts":"2026-06-26T03:45:28.335Z","lane":"plant","event":"done","step":"scribe-3","code":0,"ms":74}
{"ts":"2026-06-26T03:45:28.623Z","lane":"prospect","event":"done","step":null,"code":0,"ms":9452}
{"ts":"2026-06-26T03:45:39.376Z","lane":"plant","event":"start","step":"scribe-1","bin":"node","args":["/Volumes/EOS_DIGITAL/KiriPedia/botnet/workers/scribe.mjs","--worker","scribe-1","--batch","1"]}
{"ts":"2026-06-26T03:45:39.458Z","lane":"plant","event":"done","step":"scribe-1","code":0,"ms":82}
{"ts":"2026-06-26T03:45:39.458Z","lane":"plant","event":"start","step":"scribe-2","bin":"node","args":["/Volumes/EOS_DIGITAL/KiriPedia/botnet/workers/scribe.mjs","--worker","scribe-2","--batch","1"]}
{"ts":"2026-06-26T03:45:39.543Z","lane":"plant","event":"done","step":"scribe-2","code":0,"ms":83}
{"ts":"2026-06-26T03:45:39.544Z","lane":"plant","event":"start","step":"scribe-3","bin":"node","args":["/Volumes/EOS_DIGITAL/KiriPedia/botnet/workers/scribe.mjs","--worker","scribe-3","--batch","1"]}
{"ts":"2026-06-26T03:45:39.622Z","lane":"plant","event":"done","step":"scribe-3","code":0,"ms":77}
{"ts":"2026-06-26T03:45:46.792Z","lane":"plant2","event":"start","step":"cat-1","bin":"node","args":["/Volumes/EOS_DIGITAL/KiriPedia/botnet/workers/cataloger-editor.mjs","--worker","cataloger-1","--batch","1"]}
{"ts":"2026-06-26T03:45:46.884Z","lane":"plant2","event":"done","step":"cat-1","code":0,"ms":91}
{"ts":"2026-06-26T03:45:46.884Z","lane":"plant2","event":"start","step":"cat-2","bin":"node","args":["/Volumes/EOS_DIGITAL/KiriPedia/botnet/workers/cataloger-editor.mjs","--worker","cataloger-2","--batch","1"]}
{"ts":"2026-06-26T03:45:46.957Z","lane":"plant2","event":"done","step":"cat-2","code":0,"ms":72}
{"ts":"2026-06-26T03:45:50.559Z","lane":"plant2","event":"start","step":"cat-1","bin":"node","args":["/Volumes/EOS_DIGITAL/KiriPedia/botnet/workers/cataloger-editor.mjs","--worker","cataloger-1","--batch","1"]}
{"ts":"2026-06-26T03:45:50.641Z","lane":"plant2","event":"done","step":"cat-1","code":0,"ms":82}
{"ts":"2026-06-26T03:45:50.642Z","lane":"plant2","event":"start","step":"cat-2","bin":"node","args":["/Volumes/EOS_DIGITAL/KiriPedia/botnet/workers/cataloger-editor.mjs","--worker","cataloger-2","--batch","1"]}
{"ts":"2026-06-26T03:45:50.727Z","lane":"plant2","event":"done","step":"cat-2","code":0,"ms":84}
{"ts":"2026-06-26T03:46:45.849Z","lane":"plant","event":"start","step":"scribe-1","bin":"node","args":["/Volumes/EOS_DIGITAL/KiriPedia/botnet/workers/scribe.mjs","--worker","scribe-1","--batch","1"]}
{"ts":"2026-06-26T03:46:45.975Z","lane":"plant","event":"done","step":"scribe-1","code":0,"ms":121}
{"ts":"2026-06-26T03:46:45.975Z","lane":"plant","event":"start","step":"scribe-2","bin":"node","args":["/Volumes/EOS_DIGITAL/KiriPedia/botnet/workers/scribe.mjs","--worker","scribe-2","--batch","1"]}
{"ts":"2026-06-26T03:46:46.054Z","lane":"plant","event":"done","step":"scribe-2","code":0,"ms":78}
{"ts":"2026-06-26T03:46:46.054Z","lane":"plant","event":"start","step":"scribe-3","bin":"node","args":["/Volumes/EOS_DIGITAL/KiriPedia/botnet/workers/scribe.mjs","--worker","scribe-3","--batch","1"]}
{"ts":"2026-06-26T03:46:46.135Z","lane":"plant","event":"done","step":"scribe-3","code":0,"ms":79}
{"ts":"2026-06-26T03:46:51.064Z","lane":"triage","event":"start","step":null,"bin":"node","args":["/Volumes/EOS_DIGITAL/KiriPedia/botnet/workers/npp.mjs"]}
{"ts":"2026-06-26T03:46:51.148Z","lane":"triage","event":"done","step":null,"code":0,"ms":84}
{"ts":"2026-06-26T03:47:18.026Z","lane":"plant","event":"start","step":"scribe-1","bin":"node","args":["/Volumes/EOS_DIGITAL/KiriPedia/botnet/workers/scribe.mjs","--worker","scribe-1","--batch","1"]}
{"ts":"2026-06-26T03:47:18.143Z","lane":"plant","event":"done","step":"scribe-1","code":0,"ms":116}
{"ts":"2026-06-26T03:47:18.143Z","lane":"plant","event":"start","step":"scribe-2","bin":"node","args":["/Volumes/EOS_DIGITAL/KiriPedia/botnet/workers/scribe.mjs","--worker","scribe-2","--batch","1"]}
{"ts":"2026-06-26T03:47:18.225Z","lane":"plant","event":"done","step":"scribe-2","code":0,"ms":80}
{"ts":"2026-06-26T03:47:18.225Z","lane":"plant","event":"start","step":"scribe-3","bin":"node","args":["/Volumes/EOS_DIGITAL/KiriPedia/botnet/workers/scribe.mjs","--worker","scribe-3","--batch","1"]}
{"ts":"2026-06-26T03:47:18.307Z","lane":"plant","event":"done","step":"scribe-3","code":0,"ms":81}
{"ts":"2026-06-26T03:47:36.270Z","lane":"snapshot","event":"start","step":null,"bin":"node","args":["/Volumes/EOS_DIGITAL/KiriPedia/botnet/lib/snapshot-writer.mjs"]}
{"ts":"2026-06-26T03:47:36.333Z","lane":"plant2","event":"start","step":"cat-1","bin":"node","args":["/Volumes/EOS_DIGITAL/KiriPedia/botnet/workers/cataloger-editor.mjs","--worker","cataloger-1","--batch","1"]}
{"ts":"2026-06-26T03:47:36.386Z","lane":"snapshot","event":"done","step":null,"code":0,"ms":115}
{"ts":"2026-06-26T03:47:36.416Z","lane":"plant2","event":"done","step":"cat-1","code":0,"ms":82}
{"ts":"2026-06-26T03:47:36.417Z","lane":"plant2","event":"start","step":"cat-2","bin":"node","args":["/Volumes/EOS_DIGITAL/KiriPedia/botnet/workers/cataloger-editor.mjs","--worker","cataloger-2","--batch","1"]}
{"ts":"2026-06-26T03:47:36.497Z","lane":"plant2","event":"done","step":"cat-2","code":0,"ms":79}
{"ts":"2026-06-26T03:47:37.538Z","lane":"reviewer","event":"start","step":null,"bin":"node","args":["/Volumes/EOS_DIGITAL/KiriPedia/botnet/workers/reviewer.mjs"]}
{"ts":"2026-06-26T03:47:37.618Z","lane":"reviewer","event":"done","step":null,"code":0,"ms":80}
{"ts":"2026-06-26T03:47:53.091Z","lane":"catch-import","event":"start","step":null,"bin":"node","args":["/Volumes/EOS_DIGITAL/KiriPedia/botnet/workers/catch-importer.mjs","--auto-trust"]}
{"ts":"2026-06-26T03:47:53.209Z","lane":"catch-import","event":"done","step":null,"code":0,"ms":116}
{"ts":"2026-06-26T03:47:55.381Z","lane":"triage","event":"start","step":null,"bin":"node","args":["/Volumes/EOS_DIGITAL/KiriPedia/botnet/workers/npp.mjs"]}
{"ts":"2026-06-26T03:47:55.513Z","lane":"triage","event":"done","step":null,"code":0,"ms":131}
{"ts":"2026-06-26T03:47:56.282Z","lane":"plant2","event":"start","step":"cat-1","bin":"node","args":["/Volumes/EOS_DIGITAL/KiriPedia/botnet/workers/cataloger-editor.mjs","--worker","cataloger-1","--batch","1"]}
{"ts":"2026-06-26T03:47:56.362Z","lane":"plant2","event":"done","step":"cat-1","code":0,"ms":79}
{"ts":"2026-06-26T03:47:56.362Z","lane":"plant2","event":"start","step":"cat-2","bin":"node","args":["/Volumes/EOS_DIGITAL/KiriPedia/botnet/workers/cataloger-editor.mjs","--worker","cataloger-2","--batch","1"]}
{"ts":"2026-06-26T03:47:56.442Z","lane":"plant2","event":"done","step":"cat-2","code":0,"ms":79}
{"ts":"2026-06-26T03:48:25.335Z","lane":"snapshot","event":"start","step":null,"bin":"node","args":["/Volumes/EOS_DIGITAL/KiriPedia/botnet/lib/snapshot-writer.mjs"]}
{"ts":"2026-06-26T03:48:25.455Z","lane":"snapshot","event":"done","step":null,"code":0,"ms":118}
{"ts":"2026-06-26T03:48:29.265Z","lane":"plant","event":"start","step":"scribe-1","bin":"node","args":["/Volumes/EOS_DIGITAL/KiriPedia/botnet/workers/scribe.mjs","--worker","scribe-1","--batch","1"]}
{"ts":"2026-06-26T03:48:29.346Z","lane":"plant","event":"done","step":"scribe-1","code":0,"ms":81}
{"ts":"2026-06-26T03:48:29.347Z","lane":"plant","event":"start","step":"scribe-2","bin":"node","args":["/Volumes/EOS_DIGITAL/KiriPedia/botnet/workers/scribe.mjs","--worker","scribe-2","--batch","1"]}
{"ts":"2026-06-26T03:48:29.428Z","lane":"plant","event":"done","step":"scribe-2","code":0,"ms":80}
{"ts":"2026-06-26T03:48:29.428Z","lane":"plant","event":"start","step":"scribe-3","bin":"node","args":["/Volumes/EOS_DIGITAL/KiriPedia/botnet/workers/scribe.mjs","--worker","scribe-3","--batch","1"]}
{"ts":"2026-06-26T03:48:29.509Z","lane":"plant","event":"done","step":"scribe-3","code":0,"ms":79}
{"ts":"2026-06-26T03:48:57.533Z","lane":"plant","event":"start","step":"scribe-1","bin":"node","args":["/Volumes/EOS_DIGITAL/KiriPedia/botnet/workers/scribe.mjs","--worker","scribe-1","--batch","1"]}
{"ts":"2026-06-26T03:48:57.645Z","lane":"plant","event":"done","step":"scribe-1","code":0,"ms":111}
{"ts":"2026-06-26T03:48:57.646Z","lane":"plant","event":"start","step":"scribe-2","bin":"node","args":["/Volumes/EOS_DIGITAL/KiriPedia/botnet/workers/scribe.mjs","--worker","scribe-2","--batch","1"]}
{"ts":"2026-06-26T03:48:57.725Z","lane":"plant","event":"done","step":"scribe-2","code":0,"ms":78}
{"ts":"2026-06-26T03:48:57.725Z","lane":"plant","event":"start","step":"scribe-3","bin":"node","args":["/Volumes/EOS_DIGITAL/KiriPedia/botnet/workers/scribe.mjs","--worker","scribe-3","--batch","1"]}
{"ts":"2026-06-26T03:48:57.808Z","lane":"plant","event":"done","step":"scribe-3","code":0,"ms":81}
{"ts":"2026-06-26T03:49:15.664Z","lane":"reviewer","event":"start","step":null,"bin":"node","args":["/Volumes/EOS_DIGITAL/KiriPedia/botnet/workers/reviewer.mjs"]}
{"ts":"2026-06-26T03:49:15.746Z","lane":"reviewer","event":"done","step":null,"code":0,"ms":82}
{"ts":"2026-06-26T03:49:38.340Z","lane":"plant2","event":"start","step":"cat-1","bin":"node","args":["/Volumes/EOS_DIGITAL/KiriPedia/botnet/workers/cataloger-editor.mjs","--worker","cataloger-1","--batch","1"]}
{"ts":"2026-06-26T03:49:38.456Z","lane":"plant2","event":"done","step":"cat-1","code":0,"ms":115}
{"ts":"2026-06-26T03:49:38.456Z","lane":"plant2","event":"start","step":"cat-2","bin":"node","args":["/Volumes/EOS_DIGITAL/KiriPedia/botnet/workers/cataloger-editor.mjs","--worker","cataloger-2","--batch","1"]}
{"ts":"2026-06-26T03:49:38.536Z","lane":"plant2","event":"done","step":"cat-2","code":0,"ms":78}
{"ts":"2026-06-26T03:49:50.052Z","lane":"plant","event":"start","step":"scribe-1","bin":"node","args":["/Volumes/EOS_DIGITAL/KiriPedia/botnet/workers/scribe.mjs","--worker","scribe-1","--batch","1"]}
{"ts":"2026-06-26T03:49:50.226Z","lane":"plant","event":"done","step":"scribe-1","code":0,"ms":173}
{"ts":"2026-06-26T03:49:50.227Z","lane":"plant","event":"start","step":"scribe-2","bin":"node","args":["/Volumes/EOS_DIGITAL/KiriPedia/botnet/workers/scribe.mjs","--worker","scribe-2","--batch","1"]}
{"ts":"2026-06-26T03:49:50.438Z","lane":"plant","event":"done","step":"scribe-2","code":0,"ms":78}
{"ts":"2026-06-26T03:49:50.493Z","lane":"plant","event":"start","step":"scribe-3","bin":"node","args":["/Volumes/EOS_DIGITAL/KiriPedia/botnet/workers/scribe.mjs","--worker","scribe-3","--batch","1"]}
{"ts":"2026-06-26T03:49:50.702Z","lane":"plant","event":"done","step":"scribe-3","code":0,"ms":79}
{"ts":"2026-06-26T03:49:54.070Z","lane":"plant2","event":"start","step":"cat-1","bin":"node","args":["/Volumes/EOS_DIGITAL/KiriPedia/botnet/workers/cataloger-editor.mjs","--worker","cataloger-1","--batch","1"]}
{"ts":"2026-06-26T03:49:54.227Z","lane":"plant2","event":"done","step":"cat-1","code":0,"ms":157}
{"ts":"2026-06-26T03:49:54.227Z","lane":"plant2","event":"start","step":"cat-2","bin":"node","args":["/Volumes/EOS_DIGITAL/KiriPedia/botnet/workers/cataloger-editor.mjs","--worker","cataloger-2","--batch","1"]}
{"ts":"2026-06-26T03:49:54.437Z","lane":"plant2","event":"done","step":"cat-2","code":0,"ms":78}
{"ts":"2026-06-26T03:50:17.174Z","lane":"plant","event":"start","step":"scribe-1","bin":"node","args":["/Volumes/EOS_DIGITAL/KiriPedia/botnet/workers/scribe.mjs","--worker","scribe-1","--batch","1"]}
{"ts":"2026-06-26T03:50:17.288Z","lane":"plant","event":"done","step":"scribe-1","code":0,"ms":112}
{"ts":"2026-06-26T03:50:17.288Z","lane":"plant","event":"start","step":"scribe-2","bin":"node","args":["/Volumes/EOS_DIGITAL/KiriPedia/botnet/workers/scribe.mjs","--worker","scribe-2","--batch","1"]}
{"ts":"2026-06-26T03:50:17.376Z","lane":"plant","event":"done","step":"scribe-2","code":0,"ms":79}
{"ts":"2026-06-26T03:50:17.376Z","lane":"plant","event":"start","step":"scribe-3","bin":"node","args":["/Volumes/EOS_DIGITAL/KiriPedia/botnet/workers/scribe.mjs","--worker","scribe-3","--batch","1"]}
{"ts":"2026-06-26T03:50:17.518Z","lane":"plant","event":"done","step":"scribe-3","code":0,"ms":81}
{"ts":"2026-06-26T03:50:28.609Z","lane":"office","event":"start","step":null,"bin":"node","args":["/Volumes/EOS_DIGITAL/KiriPedia/botnet/workers/office-manager.mjs"]}
{"ts":"2026-06-26T03:50:38.058Z","lane":"office","event":"done","step":null,"code":0,"ms":9448}
{"ts":"2026-06-26T03:51:23.657Z","lane":"plant","event":"start","step":"scribe-1","bin":"node","args":["/Volumes/EOS_DIGITAL/KiriPedia/botnet/workers/scribe.mjs","--worker","scribe-1","--batch","1"]}
{"ts":"2026-06-26T03:51:23.810Z","lane":"plant","event":"done","step":"scribe-1","code":0,"ms":150}
{"ts":"2026-06-26T03:51:23.810Z","lane":"plant","event":"start","step":"scribe-2","bin":"node","args":["/Volumes/EOS_DIGITAL/KiriPedia/botnet/workers/scribe.mjs","--worker","scribe-2","--batch","1"]}
{"ts":"2026-06-26T03:51:23.887Z","lane":"plant","event":"done","step":"scribe-2","code":0,"ms":76}
{"ts":"2026-06-26T03:51:23.887Z","lane":"plant","event":"start","step":"scribe-3","bin":"node","args":["/Volumes/EOS_DIGITAL/KiriPedia/botnet/workers/scribe.mjs","--worker","scribe-3","--batch","1"]}
{"ts":"2026-06-26T03:51:23.966Z","lane":"plant","event":"done","step":"scribe-3","code":0,"ms":76}
{"ts":"2026-06-26T03:51:48.383Z","lane":"plant2","event":"start","step":"cat-1","bin":"node","args":["/Volumes/EOS_DIGITAL/KiriPedia/botnet/workers/cataloger-editor.mjs","--worker","cataloger-1","--batch","1"]}
{"ts":"2026-06-26T03:51:48.493Z","lane":"plant2","event":"done","step":"cat-1","code":0,"ms":108}
{"ts":"2026-06-26T03:51:48.493Z","lane":"plant2","event":"start","step":"cat-2","bin":"node","args":["/Volumes/EOS_DIGITAL/KiriPedia/botnet/workers/cataloger-editor.mjs","--worker","cataloger-2","--batch","1"]}
{"ts":"2026-06-26T03:51:48.570Z","lane":"plant2","event":"done","step":"cat-2","code":0,"ms":74}
{"ts":"2026-06-26T03:51:53.151Z","lane":"plant","event":"start","step":"scribe-1","bin":"node","args":["/Volumes/EOS_DIGITAL/KiriPedia/botnet/workers/scribe.mjs","--worker","scribe-1","--batch","1"]}
{"ts":"2026-06-26T03:51:53.230Z","lane":"plant","event":"done","step":"scribe-1","code":0,"ms":79}
{"ts":"2026-06-26T03:51:53.230Z","lane":"plant","event":"start","step":"scribe-2","bin":"node","args":["/Volumes/EOS_DIGITAL/KiriPedia/botnet/workers/scribe.mjs","--worker","scribe-2","--batch","1"]}
{"ts":"2026-06-26T03:51:53.317Z","lane":"plant","event":"done","step":"scribe-2","code":0,"ms":82}
{"ts":"2026-06-26T03:51:53.317Z","lane":"plant","event":"start","step":"scribe-3","bin":"node","args":["/Volumes/EOS_DIGITAL/KiriPedia/botnet/workers/scribe.mjs","--worker","scribe-3","--batch","1"]}
{"ts":"2026-06-26T03:51:53.395Z","lane":"plant","event":"done","step":"scribe-3","code":0,"ms":75}
{"ts":"2026-06-26T03:51:55.555Z","lane":"plant2","event":"start","step":"cat-1","bin":"node","args":["/Volumes/EOS_DIGITAL/KiriPedia/botnet/workers/cataloger-editor.mjs","--worker","cataloger-1","--batch","1"]}
{"ts":"2026-06-26T03:51:55.635Z","lane":"plant2","event":"done","step":"cat-1","code":0,"ms":79}
{"ts":"2026-06-26T03:51:55.636Z","lane":"plant2","event":"start","step":"cat-2","bin":"node","args":["/Volumes/EOS_DIGITAL/KiriPedia/botnet/workers/cataloger-editor.mjs","--worker","cataloger-2","--batch","1"]}
{"ts":"2026-06-26T03:51:55.713Z","lane":"plant2","event":"done","step":"cat-2","code":0,"ms":74}
{"ts":"2026-06-26T03:52:20.493Z","lane":"mining","event":"start","step":"deepener","bin":"node","args":["/Volumes/EOS_DIGITAL/KiriPedia/botnet/workers/deepener.mjs","--batch","5"]}
{"ts":"2026-06-26T03:52:32.055Z","lane":"reviewer","event":"start","step":null,"bin":"node","args":["/Volumes/EOS_DIGITAL/KiriPedia/botnet/workers/reviewer.mjs"]}
{"ts":"2026-06-26T03:52:32.172Z","lane":"reviewer","event":"done","step":null,"code":0,"ms":115}
{"ts":"2026-06-26T03:52:36.406Z","lane":"snapshot","event":"start","step":null,"bin":"node","args":["/Volumes/EOS_DIGITAL/KiriPedia/botnet/lib/snapshot-writer.mjs"]}
{"ts":"2026-06-26T03:52:36.486Z","lane":"snapshot","event":"done","step":null,"code":0,"ms":79}
{"ts":"2026-06-26T03:53:02.995Z","lane":"plant","event":"start","step":"scribe-1","bin":"node","args":["/Volumes/EOS_DIGITAL/KiriPedia/botnet/workers/scribe.mjs","--worker","scribe-1","--batch","1"]}
{"ts":"2026-06-26T03:53:03.107Z","lane":"plant","event":"done","step":"scribe-1","code":0,"ms":110}
{"ts":"2026-06-26T03:53:03.107Z","lane":"plant","event":"start","step":"scribe-2","bin":"node","args":["/Volumes/EOS_DIGITAL/KiriPedia/botnet/workers/scribe.mjs","--worker","scribe-2","--batch","1"]}
{"ts":"2026-06-26T03:53:03.187Z","lane":"plant","event":"done","step":"scribe-2","code":0,"ms":77}
{"ts":"2026-06-26T03:53:03.188Z","lane":"plant","event":"start","step":"scribe-3","bin":"node","args":["/Volumes/EOS_DIGITAL/KiriPedia/botnet/workers/scribe.mjs","--worker","scribe-3","--batch","1"]}
{"ts":"2026-06-26T03:53:03.268Z","lane":"plant","event":"done","step":"scribe-3","code":0,"ms":78}
{"ts":"2026-06-26T03:53:14.839Z","lane":"mining","event":"done","step":"deepener","code":0,"ms":54346}
{"ts":"2026-06-26T03:53:14.840Z","lane":"mining","event":"start","step":"enricher","bin":"node","args":["/Volumes/EOS_DIGITAL/KiriPedia/botnet/workers/enricher.mjs","--batch","5"]}
{"ts":"2026-06-26T03:53:16.940Z","lane":"plant","event":"start","step":"scribe-1","bin":"node","args":["/Volumes/EOS_DIGITAL/KiriPedia/botnet/workers/scribe.mjs","--worker","scribe-1","--batch","1"]}
{"ts":"2026-06-26T03:53:17.037Z","lane":"plant","event":"done","step":"scribe-1","code":0,"ms":96}
{"ts":"2026-06-26T03:53:17.038Z","lane":"plant","event":"start","step":"scribe-2","bin":"node","args":["/Volumes/EOS_DIGITAL/KiriPedia/botnet/workers/scribe.mjs","--worker","scribe-2","--batch","1"]}
{"ts":"2026-06-26T03:53:17.141Z","lane":"plant","event":"done","step":"scribe-2","code":0,"ms":99}
{"ts":"2026-06-26T03:53:17.142Z","lane":"plant","event":"start","step":"scribe-3","bin":"node","args":["/Volumes/EOS_DIGITAL/KiriPedia/botnet/workers/scribe.mjs","--worker","scribe-3","--batch","1"]}
{"ts":"2026-06-26T03:53:17.237Z","lane":"plant","event":"done","step":"scribe-3","code":0,"ms":91}
{"ts":"2026-06-26T03:53:25.475Z","lane":"snapshot","event":"start","step":null,"bin":"node","args":["/Volumes/EOS_DIGITAL/KiriPedia/botnet/lib/snapshot-writer.mjs"]}
{"ts":"2026-06-26T03:53:25.566Z","lane":"snapshot","event":"done","step":null,"code":0,"ms":89}
{"ts":"2026-06-26T03:53:29.316Z","lane":"plant2","event":"start","step":"cat-1","bin":"node","args":["/Volumes/EOS_DIGITAL/KiriPedia/botnet/workers/cataloger-editor.mjs","--worker","cataloger-1","--batch","1"]}
{"ts":"2026-06-26T03:53:29.400Z","lane":"plant2","event":"done","step":"cat-1","code":0,"ms":84}
{"ts":"2026-06-26T03:53:29.400Z","lane":"plant2","event":"start","step":"cat-2","bin":"node","args":["/Volumes/EOS_DIGITAL/KiriPedia/botnet/workers/cataloger-editor.mjs","--worker","cataloger-2","--batch","1"]}
{"ts":"2026-06-26T03:53:29.482Z","lane":"plant2","event":"done","step":"cat-2","code":0,"ms":78}
{"ts":"2026-06-26T03:53:43.146Z","lane":"mining","event":"done","step":"enricher","code":0,"ms":28303}
{"ts":"2026-06-26T03:53:43.149Z","lane":"mining","event":"start","step":"weaver","bin":"node","args":["/Volumes/EOS_DIGITAL/KiriPedia/botnet/workers/weaver.mjs","--batch","5"]}
{"ts":"2026-06-26T03:53:51.302Z","lane":"plant2","event":"start","step":"cat-1","bin":"node","args":["/Volumes/EOS_DIGITAL/KiriPedia/botnet/workers/cataloger-editor.mjs","--worker","cataloger-1","--batch","1"]}
{"ts":"2026-06-26T03:53:51.409Z","lane":"plant2","event":"done","step":"cat-1","code":0,"ms":104}
{"ts":"2026-06-26T03:53:51.409Z","lane":"plant2","event":"start","step":"cat-2","bin":"node","args":["/Volumes/EOS_DIGITAL/KiriPedia/botnet/workers/cataloger-editor.mjs","--worker","cataloger-2","--batch","1"]}
{"ts":"2026-06-26T03:53:51.489Z","lane":"plant2","event":"done","step":"cat-2","code":0,"ms":76}
{"ts":"2026-06-26T03:54:06.918Z","lane":"calendar","event":"start","step":null,"bin":"node","args":["/Volumes/EOS_DIGITAL/KiriPedia/botnet/workers/calendar-keeper.mjs"]}
{"ts":"2026-06-26T03:54:07.749Z","lane":"calendar","event":"done","step":null,"code":0,"ms":830}
{"ts":"2026-06-26T03:54:16.106Z","lane":"reviewer","event":"start","step":null,"bin":"node","args":["/Volumes/EOS_DIGITAL/KiriPedia/botnet/workers/reviewer.mjs"]}
{"ts":"2026-06-26T03:54:16.184Z","lane":"reviewer","event":"done","step":null,"code":0,"ms":78}
{"ts":"2026-06-26T03:54:17.375Z","lane":"mining","event":"done","step":"weaver","code":0,"ms":34222}
{"ts":"2026-06-26T03:54:18.587Z","lane":"plant","event":"start","step":"scribe-1","bin":"node","args":["/Volumes/EOS_DIGITAL/KiriPedia/botnet/workers/scribe.mjs","--worker","scribe-1","--batch","1"]}
{"ts":"2026-06-26T03:54:18.664Z","lane":"plant","event":"done","step":"scribe-1","code":0,"ms":76}
{"ts":"2026-06-26T03:54:18.666Z","lane":"plant","event":"start","step":"scribe-2","bin":"node","args":["/Volumes/EOS_DIGITAL/KiriPedia/botnet/workers/scribe.mjs","--worker","scribe-2","--batch","1"]}
{"ts":"2026-06-26T03:54:18.744Z","lane":"plant","event":"done","step":"scribe-2","code":0,"ms":74}
{"ts":"2026-06-26T03:54:18.744Z","lane":"plant","event":"start","step":"scribe-3","bin":"node","args":["/Volumes/EOS_DIGITAL/KiriPedia/botnet/workers/scribe.mjs","--worker","scribe-3","--batch","1"]}
{"ts":"2026-06-26T03:54:18.828Z","lane":"plant","event":"done","step":"scribe-3","code":0,"ms":76}
{"ts":"2026-06-26T03:54:36.827Z","lane":"coord","event":"start","step":null,"bin":"node","args":["/Volumes/EOS_DIGITAL/KiriPedia/botnet/workers/coordinator.mjs","--push"]}
{"ts":"2026-06-26T03:54:36.943Z","lane":"coord","event":"done","step":null,"code":0,"ms":114}
{"ts":"2026-06-26T03:54:49.987Z","lane":"plant","event":"start","step":"scribe-1","bin":"node","args":["/Volumes/EOS_DIGITAL/KiriPedia/botnet/workers/scribe.mjs","--worker","scribe-1","--batch","1"]}
{"ts":"2026-06-26T03:54:50.064Z","lane":"plant","event":"done","step":"scribe-1","code":0,"ms":76}
{"ts":"2026-06-26T03:54:50.064Z","lane":"plant","event":"start","step":"scribe-2","bin":"node","args":["/Volumes/EOS_DIGITAL/KiriPedia/botnet/workers/scribe.mjs","--worker","scribe-2","--batch","1"]}
{"ts":"2026-06-26T03:54:50.142Z","lane":"plant","event":"done","step":"scribe-2","code":0,"ms":76}
{"ts":"2026-06-26T03:54:50.142Z","lane":"plant","event":"start","step":"scribe-3","bin":"node","args":["/Volumes/EOS_DIGITAL/KiriPedia/botnet/workers/scribe.mjs","--worker","scribe-3","--batch","1"]}
{"ts":"2026-06-26T03:54:50.220Z","lane":"plant","event":"done","step":"scribe-3","code":0,"ms":74}
{"ts":"2026-06-26T03:55:01.399Z","lane":"catch-import","event":"start","step":null,"bin":"node","args":["/Volumes/EOS_DIGITAL/KiriPedia/botnet/workers/catch-importer.mjs","--auto-trust"]}
{"ts":"2026-06-26T03:55:01.502Z","lane":"catch-import","event":"done","step":null,"code":0,"ms":102}
{"ts":"2026-06-26T03:55:35.985Z","lane":"plant2","event":"start","step":"cat-1","bin":"node","args":["/Volumes/EOS_DIGITAL/KiriPedia/botnet/workers/cataloger-editor.mjs","--worker","cataloger-1","--batch","1"]}
{"ts":"2026-06-26T03:55:36.121Z","lane":"plant2","event":"done","step":"cat-1","code":0,"ms":130}
{"ts":"2026-06-26T03:55:36.121Z","lane":"plant2","event":"start","step":"cat-2","bin":"node","args":["/Volumes/EOS_DIGITAL/KiriPedia/botnet/workers/cataloger-editor.mjs","--worker","cataloger-2","--batch","1"]}
{"ts":"2026-06-26T03:55:36.199Z","lane":"plant2","event":"done","step":"cat-2","code":0,"ms":77}
{"ts":"2026-06-26T03:55:38.212Z","lane":"plant2","event":"start","step":"cat-1","bin":"node","args":["/Volumes/EOS_DIGITAL/KiriPedia/botnet/workers/cataloger-editor.mjs","--worker","cataloger-1","--batch","1"]}
{"ts":"2026-06-26T03:55:38.287Z","lane":"plant2","event":"done","step":"cat-1","code":0,"ms":75}
{"ts":"2026-06-26T03:55:40.371Z","lane":"plant2","event":"start","step":"cat-2","bin":"node","args":["/Volumes/EOS_DIGITAL/KiriPedia/botnet/workers/cataloger-editor.mjs","--worker","cataloger-2","--batch","1"]}
{"ts":"2026-06-26T03:55:41.388Z","lane":"plant2","event":"done","step":"cat-2","code":0,"ms":82}
{"ts":"2026-06-26T03:55:58.220Z","lane":"plant","event":"start","step":"scribe-1","bin":"node","args":["/Volumes/EOS_DIGITAL/KiriPedia/botnet/workers/scribe.mjs","--worker","scribe-1","--batch","1"]}
{"ts":"2026-06-26T03:55:58.393Z","lane":"plant","event":"done","step":"scribe-1","code":0,"ms":172}
{"ts":"2026-06-26T03:55:58.393Z","lane":"plant","event":"start","step":"scribe-2","bin":"node","args":["/Volumes/EOS_DIGITAL/KiriPedia/botnet/workers/scribe.mjs","--worker","scribe-2","--batch","1"]}
{"ts":"2026-06-26T03:55:58.603Z","lane":"plant","event":"done","step":"scribe-2","code":0,"ms":80}
{"ts":"2026-06-26T03:55:58.654Z","lane":"plant","event":"start","step":"scribe-3","bin":"node","args":["/Volumes/EOS_DIGITAL/KiriPedia/botnet/workers/scribe.mjs","--worker","scribe-3","--batch","1"]}
{"ts":"2026-06-26T03:55:58.860Z","lane":"plant","event":"done","step":"scribe-3","code":0,"ms":75}
{"ts":"2026-06-26T03:56:11.913Z","lane":"indexer","event":"start","step":null,"bin":"node","args":["/Volumes/EOS_DIGITAL/KiriPedia/botnet/workers/indexer.mjs"]}
{"ts":"2026-06-26T03:56:15.532Z","lane":"indexer","event":"done","step":null,"code":0,"ms":3617}
{"ts":"2026-06-26T03:56:27.788Z","lane":"plant","event":"start","step":"scribe-1","bin":"node","args":["/Volumes/EOS_DIGITAL/KiriPedia/botnet/workers/scribe.mjs","--worker","scribe-1","--batch","1"]}
{"ts":"2026-06-26T03:56:27.865Z","lane":"plant","event":"done","step":"scribe-1","code":0,"ms":77}
{"ts":"2026-06-26T03:56:27.865Z","lane":"plant","event":"start","step":"scribe-2","bin":"node","args":["/Volumes/EOS_DIGITAL/KiriPedia/botnet/workers/scribe.mjs","--worker","scribe-2","--batch","1"]}
{"ts":"2026-06-26T03:56:27.958Z","lane":"plant","event":"done","step":"scribe-2","code":0,"ms":75}
{"ts":"2026-06-26T03:56:27.958Z","lane":"plant","event":"start","step":"scribe-3","bin":"node","args":["/Volumes/EOS_DIGITAL/KiriPedia/botnet/workers/scribe.mjs","--worker","scribe-3","--batch","1"]}
{"ts":"2026-06-26T03:56:28.053Z","lane":"plant","event":"done","step":"scribe-3","code":0,"ms":74}
{"ts":"2026-06-26T03:56:58.948Z","lane":"triage","event":"start","step":null,"bin":"node","args":["/Volumes/EOS_DIGITAL/KiriPedia/botnet/workers/npp.mjs"]}
{"ts":"2026-06-26T03:56:59.042Z","lane":"triage","event":"done","step":null,"code":0,"ms":93}
{"ts":"2026-06-26T03:57:18.701Z","lane":"prospect","event":"start","step":null,"bin":"node","args":["/Volumes/EOS_DIGITAL/KiriPedia/botnet/workers/prospector.mjs","--batch","2"]}
{"ts":"2026-06-26T03:57:19.954Z","lane":"plant2","event":"start","step":"cat-1","bin":"node","args":["/Volumes/EOS_DIGITAL/KiriPedia/botnet/workers/cataloger-editor.mjs","--worker","cataloger-1","--batch","1"]}
{"ts":"2026-06-26T03:57:20.033Z","lane":"plant2","event":"done","step":"cat-1","code":0,"ms":78}
{"ts":"2026-06-26T03:57:20.033Z","lane":"plant2","event":"start","step":"cat-2","bin":"node","args":["/Volumes/EOS_DIGITAL/KiriPedia/botnet/workers/cataloger-editor.mjs","--worker","cataloger-2","--batch","1"]}
{"ts":"2026-06-26T03:57:20.128Z","lane":"plant2","event":"done","step":"cat-2","code":0,"ms":75}
{"ts":"2026-06-26T03:57:26.510Z","lane":"prospect","event":"done","step":null,"code":0,"ms":7807}
{"ts":"2026-06-26T03:57:27.656Z","lane":"triage","event":"start","step":null,"bin":"node","args":["/Volumes/EOS_DIGITAL/KiriPedia/botnet/workers/npp.mjs"]}
{"ts":"2026-06-26T03:57:27.738Z","lane":"triage","event":"done","step":null,"code":0,"ms":82}
{"ts":"2026-06-26T03:57:28.775Z","lane":"plant2","event":"start","step":"cat-1","bin":"node","args":["/Volumes/EOS_DIGITAL/KiriPedia/botnet/workers/cataloger-editor.mjs","--worker","cataloger-1","--batch","1"]}
{"ts":"2026-06-26T03:57:28.850Z","lane":"plant2","event":"done","step":"cat-1","code":0,"ms":74}
{"ts":"2026-06-26T03:57:28.850Z","lane":"plant2","event":"start","step":"cat-2","bin":"node","args":["/Volumes/EOS_DIGITAL/KiriPedia/botnet/workers/cataloger-editor.mjs","--worker","cataloger-2","--batch","1"]}
{"ts":"2026-06-26T03:57:28.926Z","lane":"plant2","event":"done","step":"cat-2","code":0,"ms":73}
{"ts":"2026-06-26T03:57:32.452Z","lane":"plant","event":"start","step":"scribe-1","bin":"node","args":["/Volumes/EOS_DIGITAL/KiriPedia/botnet/workers/scribe.mjs","--worker","scribe-1","--batch","1"]}
{"ts":"2026-06-26T03:57:32.527Z","lane":"plant","event":"done","step":"scribe-1","code":0,"ms":75}
{"ts":"2026-06-26T03:57:32.527Z","lane":"plant","event":"start","step":"scribe-2","bin":"node","args":["/Volumes/EOS_DIGITAL/KiriPedia/botnet/workers/scribe.mjs","--worker","scribe-2","--batch","1"]}
{"ts":"2026-06-26T03:57:32.606Z","lane":"plant","event":"done","step":"scribe-2","code":0,"ms":76}
{"ts":"2026-06-26T03:57:32.606Z","lane":"plant","event":"start","step":"scribe-3","bin":"node","args":["/Volumes/EOS_DIGITAL/KiriPedia/botnet/workers/scribe.mjs","--worker","scribe-3","--batch","1"]}
{"ts":"2026-06-26T03:57:32.685Z","lane":"plant","event":"done","step":"scribe-3","code":0,"ms":74}
{"ts":"2026-06-26T03:57:36.497Z","lane":"snapshot","event":"start","step":null,"bin":"node","args":["/Volumes/EOS_DIGITAL/KiriPedia/botnet/lib/snapshot-writer.mjs"]}
{"ts":"2026-06-26T03:57:36.575Z","lane":"snapshot","event":"done","step":null,"code":0,"ms":77}
{"ts":"2026-06-26T03:57:38.768Z","lane":"reviewer","event":"start","step":null,"bin":"node","args":["/Volumes/EOS_DIGITAL/KiriPedia/botnet/workers/reviewer.mjs"]}
{"ts":"2026-06-26T03:57:38.845Z","lane":"reviewer","event":"done","step":null,"code":0,"ms":77}
{"ts":"2026-06-26T03:58:08.521Z","lane":"plant","event":"start","step":"scribe-1","bin":"node","args":["/Volumes/EOS_DIGITAL/KiriPedia/botnet/workers/scribe.mjs","--worker","scribe-1","--batch","1"]}
{"ts":"2026-06-26T03:58:08.610Z","lane":"plant","event":"done","step":"scribe-1","code":0,"ms":87}
{"ts":"2026-06-26T03:58:08.610Z","lane":"plant","event":"start","step":"scribe-2","bin":"node","args":["/Volumes/EOS_DIGITAL/KiriPedia/botnet/workers/scribe.mjs","--worker","scribe-2","--batch","1"]}
{"ts":"2026-06-26T03:58:08.689Z","lane":"plant","event":"done","step":"scribe-2","code":0,"ms":74}
{"ts":"2026-06-26T03:58:08.689Z","lane":"plant","event":"start","step":"scribe-3","bin":"node","args":["/Volumes/EOS_DIGITAL/KiriPedia/botnet/workers/scribe.mjs","--worker","scribe-3","--batch","1"]}
{"ts":"2026-06-26T03:58:08.767Z","lane":"plant","event":"done","step":"scribe-3","code":0,"ms":75}
{"ts":"2026-06-26T03:58:09.545Z","lane":"mining","event":"start","step":"deepener","bin":"node","args":["/Volumes/EOS_DIGITAL/KiriPedia/botnet/workers/deepener.mjs","--batch","5"]}
{"ts":"2026-06-26T03:58:14.018Z","lane":"trawler","event":"start","step":null,"bin":"node","args":["/Volumes/EOS_DIGITAL/KiriPedia/fleet/trawlers/youtube.mjs"]}
{"ts":"2026-06-26T03:58:14.514Z","lane":"catch-import","event":"start","step":null,"bin":"node","args":["/Volumes/EOS_DIGITAL/KiriPedia/botnet/workers/catch-importer.mjs","--auto-trust"]}
{"ts":"2026-06-26T03:58:14.612Z","lane":"catch-import","event":"done","step":null,"code":0,"ms":96}
{"ts":"2026-06-26T03:58:25.576Z","lane":"snapshot","event":"start","step":null,"bin":"node","args":["/Volumes/EOS_DIGITAL/KiriPedia/botnet/lib/snapshot-writer.mjs"]}
{"ts":"2026-06-26T03:58:25.671Z","lane":"snapshot","event":"done","step":null,"code":0,"ms":92}
{"ts":"2026-06-26T03:58:51.222Z","lane":"calendar","event":"start","step":null,"bin":"node","args":["/Volumes/EOS_DIGITAL/KiriPedia/botnet/workers/calendar-keeper.mjs"]}
{"ts":"2026-06-26T03:58:52.013Z","lane":"calendar","event":"done","step":null,"code":0,"ms":789}
{"ts":"2026-06-26T03:59:03.583Z","lane":"mining","event":"done","step":"deepener","code":0,"ms":54038}
{"ts":"2026-06-26T03:59:03.585Z","lane":"mining","event":"start","step":"enricher","bin":"node","args":["/Volumes/EOS_DIGITAL/KiriPedia/botnet/workers/enricher.mjs","--batch","5"]}
{"ts":"2026-06-26T03:59:07.627Z","lane":"plant2","event":"start","step":"cat-1","bin":"node","args":["/Volumes/EOS_DIGITAL/KiriPedia/botnet/workers/cataloger-editor.mjs","--worker","cataloger-1","--batch","1"]}
{"ts":"2026-06-26T03:59:07.719Z","lane":"plant2","event":"done","step":"cat-1","code":0,"ms":91}
{"ts":"2026-06-26T03:59:07.719Z","lane":"plant2","event":"start","step":"cat-2","bin":"node","args":["/Volumes/EOS_DIGITAL/KiriPedia/botnet/workers/cataloger-editor.mjs","--worker","cataloger-2","--batch","1"]}
{"ts":"2026-06-26T03:59:07.799Z","lane":"plant2","event":"done","step":"cat-2","code":0,"ms":76}
{"ts":"2026-06-26T03:59:09.616Z","lane":"reviewer","event":"start","step":null,"bin":"node","args":["/Volumes/EOS_DIGITAL/KiriPedia/botnet/workers/reviewer.mjs"]}
{"ts":"2026-06-26T03:59:09.698Z","lane":"reviewer","event":"done","step":null,"code":0,"ms":82}
{"ts":"2026-06-26T03:59:15.284Z","lane":"plant","event":"start","step":"scribe-1","bin":"node","args":["/Volumes/EOS_DIGITAL/KiriPedia/botnet/workers/scribe.mjs","--worker","scribe-1","--batch","1"]}
{"ts":"2026-06-26T03:59:15.370Z","lane":"plant","event":"done","step":"scribe-1","code":0,"ms":86}
{"ts":"2026-06-26T03:59:15.372Z","lane":"plant","event":"start","step":"scribe-2","bin":"node","args":["/Volumes/EOS_DIGITAL/KiriPedia/botnet/workers/scribe.mjs","--worker","scribe-2","--batch","1"]}
{"ts":"2026-06-26T03:59:15.453Z","lane":"plant","event":"done","step":"scribe-2","code":0,"ms":78}
{"ts":"2026-06-26T03:59:15.454Z","lane":"plant","event":"start","step":"scribe-3","bin":"node","args":["/Volumes/EOS_DIGITAL/KiriPedia/botnet/workers/scribe.mjs","--worker","scribe-3","--batch","1"]}
{"ts":"2026-06-26T03:59:15.533Z","lane":"plant","event":"done","step":"scribe-3","code":0,"ms":77}
{"ts":"2026-06-26T03:59:17.972Z","lane":"plant2","event":"start","step":"cat-1","bin":"node","args":["/Volumes/EOS_DIGITAL/KiriPedia/botnet/workers/cataloger-editor.mjs","--worker","cataloger-1","--batch","1"]}
{"ts":"2026-06-26T03:59:18.051Z","lane":"plant2","event":"done","step":"cat-1","code":0,"ms":78}
{"ts":"2026-06-26T03:59:18.051Z","lane":"plant2","event":"start","step":"cat-2","bin":"node","args":["/Volumes/EOS_DIGITAL/KiriPedia/botnet/workers/cataloger-editor.mjs","--worker","cataloger-2","--batch","1"]}
{"ts":"2026-06-26T03:59:18.134Z","lane":"plant2","event":"done","step":"cat-2","code":0,"ms":78}
{"ts":"2026-06-26T03:59:30.121Z","lane":"mining","event":"done","step":"enricher","code":0,"ms":26528}
{"ts":"2026-06-26T03:59:30.121Z","lane":"mining","event":"start","step":"weaver","bin":"node","args":["/Volumes/EOS_DIGITAL/KiriPedia/botnet/workers/weaver.mjs","--batch","5"]}
{"ts":"2026-06-26T03:59:35.692Z","lane":"coord","event":"start","step":null,"bin":"node","args":["/Volumes/EOS_DIGITAL/KiriPedia/botnet/workers/coordinator.mjs","--push"]}
{"ts":"2026-06-26T03:59:35.791Z","lane":"coord","event":"done","step":null,"code":0,"ms":95}
{"ts":"2026-06-26T03:59:47.922Z","lane":"plant","event":"start","step":"scribe-1","bin":"node","args":["/Volumes/EOS_DIGITAL/KiriPedia/botnet/workers/scribe.mjs","--worker","scribe-1","--batch","1"]}
{"ts":"2026-06-26T03:59:48.005Z","lane":"plant","event":"done","step":"scribe-1","code":0,"ms":83}
{"ts":"2026-06-26T03:59:48.007Z","lane":"plant","event":"start","step":"scribe-2","bin":"node","args":["/Volumes/EOS_DIGITAL/KiriPedia/botnet/workers/scribe.mjs","--worker","scribe-2","--batch","1"]}
{"ts":"2026-06-26T03:59:48.092Z","lane":"plant","event":"done","step":"scribe-2","code":0,"ms":81}
{"ts":"2026-06-26T03:59:48.092Z","lane":"plant","event":"start","step":"scribe-3","bin":"node","args":["/Volumes/EOS_DIGITAL/KiriPedia/botnet/workers/scribe.mjs","--worker","scribe-3","--batch","1"]}
{"ts":"2026-06-26T03:59:48.174Z","lane":"plant","event":"done","step":"scribe-3","code":0,"ms":76}
{"ts":"2026-06-26T03:59:53.848Z","lane":"trawler","event":"start","step":null,"bin":"node","args":["/Volumes/EOS_DIGITAL/KiriPedia/fleet/trawlers/youtube.mjs"]}
{"ts":"2026-06-26T03:59:54.694Z","lane":"office","event":"start","step":null,"bin":"node","args":["/Volumes/EOS_DIGITAL/KiriPedia/botnet/workers/office-manager.mjs"]}
{"ts":"2026-06-26T04:00:00.671Z","lane":"office","event":"done","step":null,"code":0,"ms":5974}
{"ts":"2026-06-26T04:00:04.253Z","lane":"mining","event":"done","step":"weaver","code":0,"ms":34127}
{"ts":"2026-06-26T04:00:45.050Z","lane":"plant","event":"start","step":"scribe-1","bin":"node","args":["/Volumes/EOS_DIGITAL/KiriPedia/botnet/workers/scribe.mjs","--worker","scribe-1","--batch","1"]}
{"ts":"2026-06-26T04:00:45.163Z","lane":"plant","event":"done","step":"scribe-1","code":0,"ms":106}
{"ts":"2026-06-26T04:00:45.164Z","lane":"plant","event":"start","step":"scribe-2","bin":"node","args":["/Volumes/EOS_DIGITAL/KiriPedia/botnet/workers/scribe.mjs","--worker","scribe-2","--batch","1"]}
{"ts":"2026-06-26T04:00:45.254Z","lane":"plant","event":"done","step":"scribe-2","code":0,"ms":76}
{"ts":"2026-06-26T04:00:45.254Z","lane":"plant","event":"start","step":"scribe-3","bin":"node","args":["/Volumes/EOS_DIGITAL/KiriPedia/botnet/workers/scribe.mjs","--worker","scribe-3","--batch","1"]}
{"ts":"2026-06-26T04:00:45.335Z","lane":"plant","event":"done","step":"scribe-3","code":0,"ms":75}
{"ts":"2026-06-26T04:01:05.248Z","lane":"plant2","event":"start","step":"cat-1","bin":"node","args":["/Volumes/EOS_DIGITAL/KiriPedia/botnet/workers/cataloger-editor.mjs","--worker","cataloger-1","--batch","1"]}
{"ts":"2026-06-26T04:01:05.354Z","lane":"plant2","event":"done","step":"cat-1","code":0,"ms":103}
{"ts":"2026-06-26T04:01:05.354Z","lane":"plant2","event":"start","step":"cat-2","bin":"node","args":["/Volumes/EOS_DIGITAL/KiriPedia/botnet/workers/cataloger-editor.mjs","--worker","cataloger-2","--batch","1"]}
{"ts":"2026-06-26T04:01:05.437Z","lane":"plant2","event":"done","step":"cat-2","code":0,"ms":75}
{"ts":"2026-06-26T04:01:14.307Z","lane":"plant","event":"start","step":"scribe-1","bin":"node","args":["/Volumes/EOS_DIGITAL/KiriPedia/botnet/workers/scribe.mjs","--worker","scribe-1","--batch","1"]}
{"ts":"2026-06-26T04:01:14.383Z","lane":"plant","event":"done","step":"scribe-1","code":0,"ms":76}
{"ts":"2026-06-26T04:01:14.383Z","lane":"plant","event":"start","step":"scribe-2","bin":"node","args":["/Volumes/EOS_DIGITAL/KiriPedia/botnet/workers/scribe.mjs","--worker","scribe-2","--batch","1"]}
{"ts":"2026-06-26T04:01:14.459Z","lane":"plant","event":"done","step":"scribe-2","code":0,"ms":74}
{"ts":"2026-06-26T04:01:14.460Z","lane":"plant","event":"start","step":"scribe-3","bin":"node","args":["/Volumes/EOS_DIGITAL/KiriPedia/botnet/workers/scribe.mjs","--worker","scribe-3","--batch","1"]}
{"ts":"2026-06-26T04:01:14.538Z","lane":"plant","event":"done","step":"scribe-3","code":0,"ms":75}
{"ts":"2026-06-26T04:01:20.136Z","lane":"plant2","event":"start","step":"cat-1","bin":"node","args":["/Volumes/EOS_DIGITAL/KiriPedia/botnet/workers/cataloger-editor.mjs","--worker","cataloger-1","--batch","1"]}
{"ts":"2026-06-26T04:01:20.215Z","lane":"plant2","event":"done","step":"cat-1","code":0,"ms":77}
{"ts":"2026-06-26T04:01:20.215Z","lane":"plant2","event":"start","step":"cat-2","bin":"node","args":["/Volumes/EOS_DIGITAL/KiriPedia/botnet/workers/cataloger-editor.mjs","--worker","cataloger-2","--batch","1"]}
{"ts":"2026-06-26T04:01:20.290Z","lane":"plant2","event":"done","step":"cat-2","code":0,"ms":74}
{"ts":"2026-06-26T04:02:18.155Z","lane":"plant","event":"start","step":"scribe-1","bin":"node","args":["/Volumes/EOS_DIGITAL/KiriPedia/botnet/workers/scribe.mjs","--worker","scribe-1","--batch","1"]}
{"ts":"2026-06-26T04:02:18.289Z","lane":"plant","event":"done","step":"scribe-1","code":0,"ms":127}
{"ts":"2026-06-26T04:02:18.289Z","lane":"plant","event":"start","step":"scribe-2","bin":"node","args":["/Volumes/EOS_DIGITAL/KiriPedia/botnet/workers/scribe.mjs","--worker","scribe-2","--batch","1"]}
{"ts":"2026-06-26T04:02:18.367Z","lane":"plant","event":"done","step":"scribe-2","code":0,"ms":76}
{"ts":"2026-06-26T04:02:18.367Z","lane":"plant","event":"start","step":"scribe-3","bin":"node","args":["/Volumes/EOS_DIGITAL/KiriPedia/botnet/workers/scribe.mjs","--worker","scribe-3","--batch","1"]}
{"ts":"2026-06-26T04:02:18.444Z","lane":"plant","event":"done","step":"scribe-3","code":0,"ms":75}
{"ts":"2026-06-26T04:02:27.020Z","lane":"reviewer","event":"start","step":null,"bin":"node","args":["/Volumes/EOS_DIGITAL/KiriPedia/botnet/workers/reviewer.mjs"]}
{"ts":"2026-06-26T04:02:27.115Z","lane":"reviewer","event":"done","step":null,"code":0,"ms":93}
{"ts":"2026-06-26T04:02:36.585Z","lane":"snapshot","event":"start","step":null,"bin":"node","args":["/Volumes/EOS_DIGITAL/KiriPedia/botnet/lib/snapshot-writer.mjs"]}
{"ts":"2026-06-26T04:02:36.683Z","lane":"snapshot","event":"done","step":null,"code":0,"ms":98}
{"ts":"2026-06-26T04:02:40.368Z","lane":"plant","event":"start","step":"scribe-1","bin":"node","args":["/Volumes/EOS_DIGITAL/KiriPedia/botnet/workers/scribe.mjs","--worker","scribe-1","--batch","1"]}
{"ts":"2026-06-26T04:02:40.458Z","lane":"plant","event":"done","step":"scribe-1","code":0,"ms":89}
{"ts":"2026-06-26T04:02:40.458Z","lane":"plant","event":"start","step":"scribe-2","bin":"node","args":["/Volumes/EOS_DIGITAL/KiriPedia/botnet/workers/scribe.mjs","--worker","scribe-2","--batch","1"]}
{"ts":"2026-06-26T04:02:40.536Z","lane":"plant","event":"done","step":"scribe-2","code":0,"ms":76}
{"ts":"2026-06-26T04:02:40.536Z","lane":"plant","event":"start","step":"scribe-3","bin":"node","args":["/Volumes/EOS_DIGITAL/KiriPedia/botnet/workers/scribe.mjs","--worker","scribe-3","--batch","1"]}
{"ts":"2026-06-26T04:02:40.613Z","lane":"plant","event":"done","step":"scribe-3","code":0,"ms":75}
{"ts":"2026-06-26T04:03:03.912Z","lane":"plant2","event":"start","step":"cat-1","bin":"node","args":["/Volumes/EOS_DIGITAL/KiriPedia/botnet/workers/cataloger-editor.mjs","--worker","cataloger-1","--batch","1"]}
{"ts":"2026-06-26T04:03:04.014Z","lane":"plant2","event":"done","step":"cat-1","code":0,"ms":101}
{"ts":"2026-06-26T04:03:04.014Z","lane":"plant2","event":"start","step":"cat-2","bin":"node","args":["/Volumes/EOS_DIGITAL/KiriPedia/botnet/workers/cataloger-editor.mjs","--worker","cataloger-2","--batch","1"]}
{"ts":"2026-06-26T04:03:04.089Z","lane":"plant2","event":"done","step":"cat-2","code":0,"ms":73}
{"ts":"2026-06-26T04:03:25.682Z","lane":"snapshot","event":"start","step":null,"bin":"node","args":["/Volumes/EOS_DIGITAL/KiriPedia/botnet/lib/snapshot-writer.mjs"]}
{"ts":"2026-06-26T04:03:25.771Z","lane":"snapshot","event":"done","step":null,"code":0,"ms":89}
{"ts":"2026-06-26T04:03:35.756Z","lane":"plant","event":"start","step":"scribe-1","bin":"node","args":["/Volumes/EOS_DIGITAL/KiriPedia/botnet/workers/scribe.mjs","--worker","scribe-1","--batch","1"]}
{"ts":"2026-06-26T04:03:35.864Z","lane":"plant","event":"done","step":"scribe-1","code":0,"ms":107}
{"ts":"2026-06-26T04:03:35.864Z","lane":"plant","event":"start","step":"scribe-2","bin":"node","args":["/Volumes/EOS_DIGITAL/KiriPedia/botnet/workers/scribe.mjs","--worker","scribe-2","--batch","1"]}
{"ts":"2026-06-26T04:03:35.944Z","lane":"plant","event":"done","step":"scribe-2","code":0,"ms":78}
{"ts":"2026-06-26T04:03:35.944Z","lane":"plant","event":"start","step":"scribe-3","bin":"node","args":["/Volumes/EOS_DIGITAL/KiriPedia/botnet/workers/scribe.mjs","--worker","scribe-3","--batch","1"]}
{"ts":"2026-06-26T04:03:36.021Z","lane":"plant","event":"done","step":"scribe-3","code":0,"ms":75}
{"ts":"2026-06-26T04:03:37.526Z","lane":"plant2","event":"start","step":"cat-1","bin":"node","args":["/Volumes/EOS_DIGITAL/KiriPedia/botnet/workers/cataloger-editor.mjs","--worker","cataloger-1","--batch","1"]}
{"ts":"2026-06-26T04:03:37.619Z","lane":"plant2","event":"done","step":"cat-1","code":0,"ms":93}
{"ts":"2026-06-26T04:03:37.619Z","lane":"plant2","event":"start","step":"cat-2","bin":"node","args":["/Volumes/EOS_DIGITAL/KiriPedia/botnet/workers/cataloger-editor.mjs","--worker","cataloger-2","--batch","1"]}
{"ts":"2026-06-26T04:03:37.696Z","lane":"plant2","event":"done","step":"cat-2","code":0,"ms":74}
{"ts":"2026-06-26T04:04:03.798Z","lane":"plant","event":"start","step":"scribe-1","bin":"node","args":["/Volumes/EOS_DIGITAL/KiriPedia/botnet/workers/scribe.mjs","--worker","scribe-1","--batch","1"]}
{"ts":"2026-06-26T04:04:03.905Z","lane":"plant","event":"done","step":"scribe-1","code":0,"ms":105}
{"ts":"2026-06-26T04:04:03.905Z","lane":"plant","event":"start","step":"scribe-2","bin":"node","args":["/Volumes/EOS_DIGITAL/KiriPedia/botnet/workers/scribe.mjs","--worker","scribe-2","--batch","1"]}
{"ts":"2026-06-26T04:04:03.981Z","lane":"plant","event":"done","step":"scribe-2","code":0,"ms":74}
{"ts":"2026-06-26T04:04:03.981Z","lane":"plant","event":"start","step":"scribe-3","bin":"node","args":["/Volumes/EOS_DIGITAL/KiriPedia/botnet/workers/scribe.mjs","--worker","scribe-3","--batch","1"]}
{"ts":"2026-06-26T04:04:04.061Z","lane":"plant","event":"done","step":"scribe-3","code":0,"ms":77}
{"ts":"2026-06-26T04:04:21.046Z","lane":"reviewer","event":"start","step":null,"bin":"node","args":["/Volumes/EOS_DIGITAL/KiriPedia/botnet/workers/reviewer.mjs"]}
{"ts":"2026-06-26T04:04:21.157Z","lane":"reviewer","event":"done","step":null,"code":0,"ms":110}
{"ts":"2026-06-26T04:04:53.426Z","lane":"plant","event":"start","step":"scribe-1","bin":"node","args":["/Volumes/EOS_DIGITAL/KiriPedia/botnet/workers/scribe.mjs","--worker","scribe-1","--batch","1"]}
{"ts":"2026-06-26T04:04:53.533Z","lane":"plant","event":"done","step":"scribe-1","code":0,"ms":105}
{"ts":"2026-06-26T04:04:53.533Z","lane":"plant","event":"start","step":"scribe-2","bin":"node","args":["/Volumes/EOS_DIGITAL/KiriPedia/botnet/workers/scribe.mjs","--worker","scribe-2","--batch","1"]}
{"ts":"2026-06-26T04:04:53.611Z","lane":"plant","event":"done","step":"scribe-2","code":0,"ms":76}
{"ts":"2026-06-26T04:04:53.611Z","lane":"plant","event":"start","step":"scribe-3","bin":"node","args":["/Volumes/EOS_DIGITAL/KiriPedia/botnet/workers/scribe.mjs","--worker","scribe-3","--batch","1"]}
{"ts":"2026-06-26T04:04:53.689Z","lane":"plant","event":"done","step":"scribe-3","code":0,"ms":75}
{"ts":"2026-06-26T04:05:10.127Z","lane":"catch-import","event":"start","step":null,"bin":"node","args":["/Volumes/EOS_DIGITAL/KiriPedia/botnet/workers/catch-importer.mjs","--auto-trust"]}
{"ts":"2026-06-26T04:05:10.237Z","lane":"catch-import","event":"done","step":null,"code":0,"ms":109}
{"ts":"2026-06-26T04:05:19.022Z","lane":"plant2","event":"start","step":"cat-1","bin":"node","args":["/Volumes/EOS_DIGITAL/KiriPedia/botnet/workers/cataloger-editor.mjs","--worker","cataloger-1","--batch","1"]}
{"ts":"2026-06-26T04:05:19.124Z","lane":"plant2","event":"done","step":"cat-1","code":0,"ms":101}
{"ts":"2026-06-26T04:05:19.125Z","lane":"plant2","event":"start","step":"cat-2","bin":"node","args":["/Volumes/EOS_DIGITAL/KiriPedia/botnet/workers/cataloger-editor.mjs","--worker","cataloger-2","--batch","1"]}
{"ts":"2026-06-26T04:05:19.200Z","lane":"plant2","event":"done","step":"cat-2","code":0,"ms":74}
{"ts":"2026-06-26T04:05:29.195Z","lane":"indexer","event":"start","step":null,"bin":"node","args":["/Volumes/EOS_DIGITAL/KiriPedia/botnet/workers/indexer.mjs"]}
{"ts":"2026-06-26T04:05:33.061Z","lane":"plant","event":"start","step":"scribe-1","bin":"node","args":["/Volumes/EOS_DIGITAL/KiriPedia/botnet/workers/scribe.mjs","--worker","scribe-1","--batch","1"]}
{"ts":"2026-06-26T04:05:33.224Z","lane":"plant","event":"done","step":"scribe-1","code":0,"ms":162}
{"ts":"2026-06-26T04:05:33.224Z","lane":"plant","event":"start","step":"scribe-2","bin":"node","args":["/Volumes/EOS_DIGITAL/KiriPedia/botnet/workers/scribe.mjs","--worker","scribe-2","--batch","1"]}
{"ts":"2026-06-26T04:05:33.436Z","lane":"plant","event":"done","step":"scribe-2","code":0,"ms":81}
{"ts":"2026-06-26T04:05:33.485Z","lane":"plant","event":"start","step":"scribe-3","bin":"node","args":["/Volumes/EOS_DIGITAL/KiriPedia/botnet/workers/scribe.mjs","--worker","scribe-3","--batch","1"]}
{"ts":"2026-06-26T04:05:33.704Z","lane":"plant","event":"done","step":"scribe-3","code":0,"ms":89}
{"ts":"2026-06-26T04:05:35.132Z","lane":"indexer","event":"done","step":null,"code":0,"ms":5935}
{"ts":"2026-06-26T04:05:53.889Z","lane":"plant2","event":"start","step":"cat-1","bin":"node","args":["/Volumes/EOS_DIGITAL/KiriPedia/botnet/workers/cataloger-editor.mjs","--worker","cataloger-1","--batch","1"]}
{"ts":"2026-06-26T04:05:54.046Z","lane":"plant2","event":"done","step":"cat-1","code":0,"ms":157}
{"ts":"2026-06-26T04:05:54.046Z","lane":"plant2","event":"start","step":"cat-2","bin":"node","args":["/Volumes/EOS_DIGITAL/KiriPedia/botnet/workers/cataloger-editor.mjs","--worker","cataloger-2","--batch","1"]}
{"ts":"2026-06-26T04:05:54.251Z","lane":"plant2","event":"done","step":"cat-2","code":0,"ms":73}
{"ts":"2026-06-26T04:06:35.923Z","lane":"plant","event":"start","step":"scribe-1","bin":"node","args":["/Volumes/EOS_DIGITAL/KiriPedia/botnet/workers/scribe.mjs","--worker","scribe-1","--batch","1"]}
{"ts":"2026-06-26T04:06:36.068Z","lane":"plant","event":"done","step":"scribe-1","code":0,"ms":133}
{"ts":"2026-06-26T04:06:36.068Z","lane":"plant","event":"start","step":"scribe-2","bin":"node","args":["/Volumes/EOS_DIGITAL/KiriPedia/botnet/workers/scribe.mjs","--worker","scribe-2","--batch","1"]}
{"ts":"2026-06-26T04:06:36.161Z","lane":"plant","event":"done","step":"scribe-2","code":0,"ms":75}
{"ts":"2026-06-26T04:06:36.161Z","lane":"plant","event":"start","step":"scribe-3","bin":"node","args":["/Volumes/EOS_DIGITAL/KiriPedia/botnet/workers/scribe.mjs","--worker","scribe-3","--batch","1"]}
{"ts":"2026-06-26T04:06:36.246Z","lane":"plant","event":"done","step":"scribe-3","code":0,"ms":74}
{"ts":"2026-06-26T04:07:10.716Z","lane":"reviewer","event":"start","step":null,"bin":"node","args":["/Volumes/EOS_DIGITAL/KiriPedia/botnet/workers/reviewer.mjs"]}
{"ts":"2026-06-26T04:07:10.890Z","lane":"reviewer","event":"done","step":null,"code":0,"ms":162}
{"ts":"2026-06-26T04:07:15.326Z","lane":"plant","event":"start","step":"scribe-1","bin":"node","args":["/Volumes/EOS_DIGITAL/KiriPedia/botnet/workers/scribe.mjs","--worker","scribe-1","--batch","1"]}
{"ts":"2026-06-26T04:07:15.404Z","lane":"plant","event":"done","step":"scribe-1","code":0,"ms":76}
{"ts":"2026-06-26T04:07:15.404Z","lane":"plant","event":"start","step":"scribe-2","bin":"node","args":["/Volumes/EOS_DIGITAL/KiriPedia/botnet/workers/scribe.mjs","--worker","scribe-2","--batch","1"]}
{"ts":"2026-06-26T04:07:15.491Z","lane":"plant","event":"done","step":"scribe-2","code":0,"ms":75}
{"ts":"2026-06-26T04:07:15.491Z","lane":"plant","event":"start","step":"scribe-3","bin":"node","args":["/Volumes/EOS_DIGITAL/KiriPedia/botnet/workers/scribe.mjs","--worker","scribe-3","--batch","1"]}
{"ts":"2026-06-26T04:07:15.575Z","lane":"plant","event":"done","step":"scribe-3","code":0,"ms":74}
{"ts":"2026-06-26T04:07:25.685Z","lane":"plant2","event":"start","step":"cat-1","bin":"node","args":["/Volumes/EOS_DIGITAL/KiriPedia/botnet/workers/cataloger-editor.mjs","--worker","cataloger-1","--batch","1"]}
{"ts":"2026-06-26T04:07:25.763Z","lane":"plant2","event":"done","step":"cat-1","code":0,"ms":78}
{"ts":"2026-06-26T04:07:25.763Z","lane":"plant2","event":"start","step":"cat-2","bin":"node","args":["/Volumes/EOS_DIGITAL/KiriPedia/botnet/workers/cataloger-editor.mjs","--worker","cataloger-2","--batch","1"]}
{"ts":"2026-06-26T04:07:25.846Z","lane":"plant2","event":"done","step":"cat-2","code":0,"ms":78}
{"ts":"2026-06-26T04:07:36.710Z","lane":"snapshot","event":"start","step":null,"bin":"node","args":["/Volumes/EOS_DIGITAL/KiriPedia/botnet/lib/snapshot-writer.mjs"]}
{"ts":"2026-06-26T04:07:36.796Z","lane":"snapshot","event":"done","step":null,"code":0,"ms":86}
{"ts":"2026-06-26T04:07:44.649Z","lane":"triage","event":"start","step":null,"bin":"node","args":["/Volumes/EOS_DIGITAL/KiriPedia/botnet/workers/npp.mjs"]}
{"ts":"2026-06-26T04:07:44.729Z","lane":"triage","event":"done","step":null,"code":0,"ms":79}
{"ts":"2026-06-26T04:07:47.666Z","lane":"plant2","event":"start","step":"cat-1","bin":"node","args":["/Volumes/EOS_DIGITAL/KiriPedia/botnet/workers/cataloger-editor.mjs","--worker","cataloger-1","--batch","1"]}
{"ts":"2026-06-26T04:07:47.765Z","lane":"plant2","event":"done","step":"cat-1","code":0,"ms":98}
{"ts":"2026-06-26T04:07:47.765Z","lane":"plant2","event":"start","step":"cat-2","bin":"node","args":["/Volumes/EOS_DIGITAL/KiriPedia/botnet/workers/cataloger-editor.mjs","--worker","cataloger-2","--batch","1"]}
{"ts":"2026-06-26T04:07:47.840Z","lane":"plant2","event":"done","step":"cat-2","code":0,"ms":74}
{"ts":"2026-06-26T04:07:48.716Z","lane":"catch-import","event":"start","step":null,"bin":"node","args":["/Volumes/EOS_DIGITAL/KiriPedia/botnet/workers/catch-importer.mjs","--auto-trust"]}
{"ts":"2026-06-26T04:07:48.794Z","lane":"catch-import","event":"done","step":null,"code":0,"ms":78}
{"ts":"2026-06-26T04:07:57.722Z","lane":"triage","event":"start","step":null,"bin":"node","args":["/Volumes/EOS_DIGITAL/KiriPedia/botnet/workers/npp.mjs"]}
{"ts":"2026-06-26T04:07:57.807Z","lane":"triage","event":"done","step":null,"code":0,"ms":83}
{"ts":"2026-06-26T04:08:12.393Z","lane":"plant","event":"start","step":"scribe-1","bin":"node","args":["/Volumes/EOS_DIGITAL/KiriPedia/botnet/workers/scribe.mjs","--worker","scribe-1","--batch","1"]}
{"ts":"2026-06-26T04:08:12.504Z","lane":"plant","event":"done","step":"scribe-1","code":0,"ms":110}
{"ts":"2026-06-26T04:08:12.505Z","lane":"plant","event":"start","step":"scribe-2","bin":"node","args":["/Volumes/EOS_DIGITAL/KiriPedia/botnet/workers/scribe.mjs","--worker","scribe-2","--batch","1"]}
{"ts":"2026-06-26T04:08:12.585Z","lane":"plant","event":"done","step":"scribe-2","code":0,"ms":77}
{"ts":"2026-06-26T04:08:12.586Z","lane":"plant","event":"start","step":"scribe-3","bin":"node","args":["/Volumes/EOS_DIGITAL/KiriPedia/botnet/workers/scribe.mjs","--worker","scribe-3","--batch","1"]}
{"ts":"2026-06-26T04:08:12.665Z","lane":"plant","event":"done","step":"scribe-3","code":0,"ms":74}
{"ts":"2026-06-26T04:08:25.800Z","lane":"snapshot","event":"start","step":null,"bin":"node","args":["/Volumes/EOS_DIGITAL/KiriPedia/botnet/lib/snapshot-writer.mjs"]}
{"ts":"2026-06-26T04:08:25.923Z","lane":"snapshot","event":"done","step":null,"code":0,"ms":121}
{"ts":"2026-06-26T04:08:42.067Z","lane":"plant","event":"start","step":"scribe-1","bin":"node","args":["/Volumes/EOS_DIGITAL/KiriPedia/botnet/workers/scribe.mjs","--worker","scribe-1","--batch","1"]}
{"ts":"2026-06-26T04:08:42.181Z","lane":"plant","event":"done","step":"scribe-1","code":0,"ms":112}
{"ts":"2026-06-26T04:08:42.182Z","lane":"plant","event":"start","step":"scribe-2","bin":"node","args":["/Volumes/EOS_DIGITAL/KiriPedia/botnet/workers/scribe.mjs","--worker","scribe-2","--batch","1"]}
{"ts":"2026-06-26T04:08:42.264Z","lane":"plant","event":"done","step":"scribe-2","code":0,"ms":81}
{"ts":"2026-06-26T04:08:42.264Z","lane":"plant","event":"start","step":"scribe-3","bin":"node","args":["/Volumes/EOS_DIGITAL/KiriPedia/botnet/workers/scribe.mjs","--worker","scribe-3","--batch","1"]}
{"ts":"2026-06-26T04:08:42.344Z","lane":"plant","event":"done","step":"scribe-3","code":0,"ms":79}
{"ts":"2026-06-26T04:08:59.539Z","lane":"reviewer","event":"start","step":null,"bin":"node","args":["/Volumes/EOS_DIGITAL/KiriPedia/botnet/workers/reviewer.mjs"]}
{"ts":"2026-06-26T04:08:59.657Z","lane":"reviewer","event":"done","step":null,"code":0,"ms":116}
{"ts":"2026-06-26T04:09:09.662Z","lane":"plant2","event":"start","step":"cat-1","bin":"node","args":["/Volumes/EOS_DIGITAL/KiriPedia/botnet/workers/cataloger-editor.mjs","--worker","cataloger-1","--batch","1"]}
{"ts":"2026-06-26T04:09:09.774Z","lane":"plant2","event":"done","step":"cat-1","code":0,"ms":111}
{"ts":"2026-06-26T04:09:09.774Z","lane":"plant2","event":"start","step":"cat-2","bin":"node","args":["/Volumes/EOS_DIGITAL/KiriPedia/botnet/workers/cataloger-editor.mjs","--worker","cataloger-2","--batch","1"]}
{"ts":"2026-06-26T04:09:09.853Z","lane":"plant2","event":"done","step":"cat-2","code":0,"ms":77}
{"ts":"2026-06-26T04:09:28.088Z","lane":"plant","event":"start","step":"scribe-1","bin":"node","args":["/Volumes/EOS_DIGITAL/KiriPedia/botnet/workers/scribe.mjs","--worker","scribe-1","--batch","1"]}
{"ts":"2026-06-26T04:09:28.198Z","lane":"plant","event":"done","step":"scribe-1","code":0,"ms":109}
{"ts":"2026-06-26T04:09:28.199Z","lane":"plant","event":"start","step":"scribe-2","bin":"node","args":["/Volumes/EOS_DIGITAL/KiriPedia/botnet/workers/scribe.mjs","--worker","scribe-2","--batch","1"]}
{"ts":"2026-06-26T04:09:28.282Z","lane":"plant","event":"done","step":"scribe-2","code":0,"ms":80}
{"ts":"2026-06-26T04:09:28.282Z","lane":"plant","event":"start","step":"scribe-3","bin":"node","args":["/Volumes/EOS_DIGITAL/KiriPedia/botnet/workers/scribe.mjs","--worker","scribe-3","--batch","1"]}
{"ts":"2026-06-26T04:09:28.409Z","lane":"plant","event":"done","step":"scribe-3","code":0,"ms":126}
{"ts":"2026-06-26T04:09:43.549Z","lane":"coord","event":"start","step":null,"bin":"node","args":["/Volumes/EOS_DIGITAL/KiriPedia/botnet/workers/coordinator.mjs","--push"]}
{"ts":"2026-06-26T04:09:43.671Z","lane":"coord","event":"done","step":null,"code":0,"ms":121}
{"ts":"2026-06-26T04:10:00.596Z","lane":"plant2","event":"start","step":"cat-1","bin":"node","args":["/Volumes/EOS_DIGITAL/KiriPedia/botnet/workers/cataloger-editor.mjs","--worker","cataloger-1","--batch","1"]}
{"ts":"2026-06-26T04:10:00.714Z","lane":"plant2","event":"done","step":"cat-1","code":0,"ms":116}
{"ts":"2026-06-26T04:10:00.714Z","lane":"plant2","event":"start","step":"cat-2","bin":"node","args":["/Volumes/EOS_DIGITAL/KiriPedia/botnet/workers/cataloger-editor.mjs","--worker","cataloger-2","--batch","1"]}
{"ts":"2026-06-26T04:10:00.802Z","lane":"plant2","event":"done","step":"cat-2","code":0,"ms":86}
{"ts":"2026-06-26T04:10:01.331Z","lane":"plant","event":"start","step":"scribe-1","bin":"node","args":["/Volumes/EOS_DIGITAL/KiriPedia/botnet/workers/scribe.mjs","--worker","scribe-1","--batch","1"]}
{"ts":"2026-06-26T04:10:01.413Z","lane":"plant","event":"done","step":"scribe-1","code":0,"ms":81}
{"ts":"2026-06-26T04:10:01.414Z","lane":"plant","event":"start","step":"scribe-2","bin":"node","args":["/Volumes/EOS_DIGITAL/KiriPedia/botnet/workers/scribe.mjs","--worker","scribe-2","--batch","1"]}
{"ts":"2026-06-26T04:10:01.496Z","lane":"plant","event":"done","step":"scribe-2","code":0,"ms":80}
{"ts":"2026-06-26T04:10:01.497Z","lane":"plant","event":"start","step":"scribe-3","bin":"node","args":["/Volumes/EOS_DIGITAL/KiriPedia/botnet/workers/scribe.mjs","--worker","scribe-3","--batch","1"]}
{"ts":"2026-06-26T04:10:01.579Z","lane":"plant","event":"done","step":"scribe-3","code":0,"ms":81}
{"ts":"2026-06-26T04:10:39.062Z","lane":"office","event":"start","step":null,"bin":"node","args":["/Volumes/EOS_DIGITAL/KiriPedia/botnet/workers/office-manager.mjs"]}
{"ts":"2026-06-26T04:10:44.646Z","lane":"office","event":"done","step":null,"code":0,"ms":5582}
{"ts":"2026-06-26T04:11:12.031Z","lane":"plant","event":"start","step":"scribe-1","bin":"node","args":["/Volumes/EOS_DIGITAL/KiriPedia/botnet/workers/scribe.mjs","--worker","scribe-1","--batch","1"]}
{"ts":"2026-06-26T04:11:12.173Z","lane":"plant","event":"done","step":"scribe-1","code":0,"ms":141}
{"ts":"2026-06-26T04:11:12.173Z","lane":"plant","event":"start","step":"scribe-2","bin":"node","args":["/Volumes/EOS_DIGITAL/KiriPedia/botnet/workers/scribe.mjs","--worker","scribe-2","--batch","1"]}
{"ts":"2026-06-26T04:11:12.253Z","lane":"plant","event":"done","step":"scribe-2","code":0,"ms":79}
{"ts":"2026-06-26T04:11:12.253Z","lane":"plant","event":"start","step":"scribe-3","bin":"node","args":["/Volumes/EOS_DIGITAL/KiriPedia/botnet/workers/scribe.mjs","--worker","scribe-3","--batch","1"]}
{"ts":"2026-06-26T04:11:12.333Z","lane":"plant","event":"done","step":"scribe-3","code":0,"ms":78}
{"ts":"2026-06-26T04:11:22.024Z","lane":"plant2","event":"start","step":"cat-1","bin":"node","args":["/Volumes/EOS_DIGITAL/KiriPedia/botnet/workers/cataloger-editor.mjs","--worker","cataloger-1","--batch","1"]}
{"ts":"2026-06-26T04:11:22.135Z","lane":"plant2","event":"done","step":"cat-1","code":0,"ms":110}
{"ts":"2026-06-26T04:11:22.135Z","lane":"plant2","event":"start","step":"cat-2","bin":"node","args":["/Volumes/EOS_DIGITAL/KiriPedia/botnet/workers/cataloger-editor.mjs","--worker","cataloger-2","--batch","1"]}
{"ts":"2026-06-26T04:11:22.216Z","lane":"plant2","event":"done","step":"cat-2","code":0,"ms":79}
{"ts":"2026-06-26T04:11:37.229Z","lane":"plant","event":"start","step":"scribe-1","bin":"node","args":["/Volumes/EOS_DIGITAL/KiriPedia/botnet/workers/scribe.mjs","--worker","scribe-1","--batch","1"]}
{"ts":"2026-06-26T04:11:37.338Z","lane":"plant","event":"done","step":"scribe-1","code":0,"ms":107}
{"ts":"2026-06-26T04:11:37.338Z","lane":"plant","event":"start","step":"scribe-2","bin":"node","args":["/Volumes/EOS_DIGITAL/KiriPedia/botnet/workers/scribe.mjs","--worker","scribe-2","--batch","1"]}
{"ts":"2026-06-26T04:11:37.420Z","lane":"plant","event":"done","step":"scribe-2","code":0,"ms":80}
{"ts":"2026-06-26T04:11:37.420Z","lane":"plant","event":"start","step":"scribe-3","bin":"node","args":["/Volumes/EOS_DIGITAL/KiriPedia/botnet/workers/scribe.mjs","--worker","scribe-3","--batch","1"]}
{"ts":"2026-06-26T04:11:37.501Z","lane":"plant","event":"done","step":"scribe-3","code":0,"ms":80}
{"ts":"2026-06-26T04:11:41.791Z","lane":"plant2","event":"start","step":"cat-1","bin":"node","args":["/Volumes/EOS_DIGITAL/KiriPedia/botnet/workers/cataloger-editor.mjs","--worker","cataloger-1","--batch","1"]}
{"ts":"2026-06-26T04:11:41.874Z","lane":"plant2","event":"done","step":"cat-1","code":0,"ms":82}
{"ts":"2026-06-26T04:11:41.874Z","lane":"plant2","event":"start","step":"cat-2","bin":"node","args":["/Volumes/EOS_DIGITAL/KiriPedia/botnet/workers/cataloger-editor.mjs","--worker","cataloger-2","--batch","1"]}
{"ts":"2026-06-26T04:11:41.955Z","lane":"plant2","event":"done","step":"cat-2","code":0,"ms":79}
{"ts":"2026-06-26T04:12:03.278Z","lane":"reviewer","event":"start","step":null,"bin":"node","args":["/Volumes/EOS_DIGITAL/KiriPedia/botnet/workers/reviewer.mjs"]}
{"ts":"2026-06-26T04:12:03.405Z","lane":"reviewer","event":"done","step":null,"code":0,"ms":126}
{"ts":"2026-06-26T04:12:32.504Z","lane":"plant","event":"start","step":"scribe-1","bin":"node","args":["/Volumes/EOS_DIGITAL/KiriPedia/botnet/workers/scribe.mjs","--worker","scribe-1","--batch","1"]}
{"ts":"2026-06-26T04:12:32.620Z","lane":"plant","event":"done","step":"scribe-1","code":0,"ms":115}
{"ts":"2026-06-26T04:12:32.620Z","lane":"plant","event":"start","step":"scribe-2","bin":"node","args":["/Volumes/EOS_DIGITAL/KiriPedia/botnet/workers/scribe.mjs","--worker","scribe-2","--batch","1"]}
{"ts":"2026-06-26T04:12:32.704Z","lane":"plant","event":"done","step":"scribe-2","code":0,"ms":81}
{"ts":"2026-06-26T04:12:32.705Z","lane":"plant","event":"start","step":"scribe-3","bin":"node","args":["/Volumes/EOS_DIGITAL/KiriPedia/botnet/workers/scribe.mjs","--worker","scribe-3","--batch","1"]}
{"ts":"2026-06-26T04:12:32.785Z","lane":"plant","event":"done","step":"scribe-3","code":0,"ms":79}
{"ts":"2026-06-26T04:12:36.807Z","lane":"snapshot","event":"start","step":null,"bin":"node","args":["/Volumes/EOS_DIGITAL/KiriPedia/botnet/lib/snapshot-writer.mjs"]}
{"ts":"2026-06-26T04:12:36.895Z","lane":"snapshot","event":"done","step":null,"code":0,"ms":88}
{"ts":"2026-06-26T04:13:05.765Z","lane":"plant","event":"start","step":"scribe-1","bin":"node","args":["/Volumes/EOS_DIGITAL/KiriPedia/botnet/workers/scribe.mjs","--worker","scribe-1","--batch","1"]}
{"ts":"2026-06-26T04:13:05.882Z","lane":"plant","event":"done","step":"scribe-1","code":0,"ms":116}
{"ts":"2026-06-26T04:13:05.883Z","lane":"plant","event":"start","step":"scribe-2","bin":"node","args":["/Volumes/EOS_DIGITAL/KiriPedia/botnet/workers/scribe.mjs","--worker","scribe-2","--batch","1"]}
{"ts":"2026-06-26T04:13:05.963Z","lane":"plant","event":"done","step":"scribe-2","code":0,"ms":79}
{"ts":"2026-06-26T04:13:05.963Z","lane":"plant","event":"start","step":"scribe-3","bin":"node","args":["/Volumes/EOS_DIGITAL/KiriPedia/botnet/workers/scribe.mjs","--worker","scribe-3","--batch","1"]}
{"ts":"2026-06-26T04:13:06.044Z","lane":"plant","event":"done","step":"scribe-3","code":0,"ms":79}
{"ts":"2026-06-26T04:13:17.035Z","lane":"plant2","event":"start","step":"cat-1","bin":"node","args":["/Volumes/EOS_DIGITAL/KiriPedia/botnet/workers/cataloger-editor.mjs","--worker","cataloger-1","--batch","1"]}
{"ts":"2026-06-26T04:13:17.142Z","lane":"plant2","event":"done","step":"cat-1","code":0,"ms":106}
{"ts":"2026-06-26T04:13:17.142Z","lane":"plant2","event":"start","step":"cat-2","bin":"node","args":["/Volumes/EOS_DIGITAL/KiriPedia/botnet/workers/cataloger-editor.mjs","--worker","cataloger-2","--batch","1"]}
{"ts":"2026-06-26T04:13:17.220Z","lane":"plant2","event":"done","step":"cat-2","code":0,"ms":77}
{"ts":"2026-06-26T04:13:25.934Z","lane":"snapshot","event":"start","step":null,"bin":"node","args":["/Volumes/EOS_DIGITAL/KiriPedia/botnet/lib/snapshot-writer.mjs"]}
{"ts":"2026-06-26T04:13:26.070Z","lane":"snapshot","event":"done","step":null,"code":0,"ms":135}
{"ts":"2026-06-26T04:13:31.037Z","lane":"sentry","event":"start","step":null,"bin":"node","args":["/Volumes/EOS_DIGITAL/KiriPedia/botnet/workers/mouth-sentry.mjs"]}
{"ts":"2026-06-26T04:13:31.162Z","lane":"sentry","event":"done","step":null,"code":0,"ms":123}
{"ts":"2026-06-26T04:13:38.136Z","lane":"plant2","event":"start","step":"cat-1","bin":"node","args":["/Volumes/EOS_DIGITAL/KiriPedia/botnet/workers/cataloger-editor.mjs","--worker","cataloger-1","--batch","1"]}
{"ts":"2026-06-26T04:13:38.232Z","lane":"plant2","event":"done","step":"cat-1","code":0,"ms":95}
{"ts":"2026-06-26T04:13:38.233Z","lane":"plant2","event":"start","step":"cat-2","bin":"node","args":["/Volumes/EOS_DIGITAL/KiriPedia/botnet/workers/cataloger-editor.mjs","--worker","cataloger-2","--batch","1"]}
{"ts":"2026-06-26T04:13:38.312Z","lane":"plant2","event":"done","step":"cat-2","code":0,"ms":78}
{"ts":"2026-06-26T04:13:40.813Z","lane":"coord","event":"start","step":null,"bin":"node","args":["/Volumes/EOS_DIGITAL/KiriPedia/botnet/workers/coordinator.mjs","--push"]}
{"ts":"2026-06-26T04:13:40.900Z","lane":"coord","event":"done","step":null,"code":0,"ms":86}
{"ts":"2026-06-26T04:13:43.305Z","lane":"reviewer","event":"start","step":null,"bin":"node","args":["/Volumes/EOS_DIGITAL/KiriPedia/botnet/workers/reviewer.mjs"]}
{"ts":"2026-06-26T04:13:43.471Z","lane":"reviewer","event":"done","step":null,"code":0,"ms":165}
{"ts":"2026-06-26T04:13:54.899Z","lane":"mining","event":"start","step":"deepener","bin":"node","args":["/Volumes/EOS_DIGITAL/KiriPedia/botnet/workers/deepener.mjs","--batch","5"]}
{"ts":"2026-06-26T04:14:03.248Z","lane":"plant","event":"start","step":"scribe-1","bin":"node","args":["/Volumes/EOS_DIGITAL/KiriPedia/botnet/workers/scribe.mjs","--worker","scribe-1","--batch","1"]}
{"ts":"2026-06-26T04:14:03.410Z","lane":"plant","event":"done","step":"scribe-1","code":0,"ms":161}
{"ts":"2026-06-26T04:14:03.410Z","lane":"plant","event":"start","step":"scribe-2","bin":"node","args":["/Volumes/EOS_DIGITAL/KiriPedia/botnet/workers/scribe.mjs","--worker","scribe-2","--batch","1"]}
{"ts":"2026-06-26T04:14:03.636Z","lane":"plant","event":"done","step":"scribe-2","code":0,"ms":91}
{"ts":"2026-06-26T04:14:03.677Z","lane":"plant","event":"start","step":"scribe-3","bin":"node","args":["/Volumes/EOS_DIGITAL/KiriPedia/botnet/workers/scribe.mjs","--worker","scribe-3","--batch","1"]}
{"ts":"2026-06-26T04:14:03.886Z","lane":"plant","event":"done","step":"scribe-3","code":0,"ms":79}
{"ts":"2026-06-26T04:14:39.481Z","lane":"plant","event":"start","step":"scribe-1","bin":"node","args":["/Volumes/EOS_DIGITAL/KiriPedia/botnet/workers/scribe.mjs","--worker","scribe-1","--batch","1"]}
{"ts":"2026-06-26T04:14:39.601Z","lane":"plant","event":"done","step":"scribe-1","code":0,"ms":117}
{"ts":"2026-06-26T04:14:39.601Z","lane":"plant","event":"start","step":"scribe-2","bin":"node","args":["/Volumes/EOS_DIGITAL/KiriPedia/botnet/workers/scribe.mjs","--worker","scribe-2","--batch","1"]}
{"ts":"2026-06-26T04:14:39.686Z","lane":"plant","event":"done","step":"scribe-2","code":0,"ms":81}
{"ts":"2026-06-26T04:14:39.686Z","lane":"plant","event":"start","step":"scribe-3","bin":"node","args":["/Volumes/EOS_DIGITAL/KiriPedia/botnet/workers/scribe.mjs","--worker","scribe-3","--batch","1"]}
{"ts":"2026-06-26T04:14:39.777Z","lane":"plant","event":"done","step":"scribe-3","code":0,"ms":81}
{"ts":"2026-06-26T04:14:57.244Z","lane":"mining","event":"done","step":"deepener","code":0,"ms":62343}
{"ts":"2026-06-26T04:14:57.246Z","lane":"mining","event":"start","step":"enricher","bin":"node","args":["/Volumes/EOS_DIGITAL/KiriPedia/botnet/workers/enricher.mjs","--batch","5"]}
{"ts":"2026-06-26T04:15:00.123Z","lane":"plant2","event":"start","step":"cat-1","bin":"node","args":["/Volumes/EOS_DIGITAL/KiriPedia/botnet/workers/cataloger-editor.mjs","--worker","cataloger-1","--batch","1"]}
{"ts":"2026-06-26T04:15:00.205Z","lane":"plant2","event":"done","step":"cat-1","code":0,"ms":82}
{"ts":"2026-06-26T04:15:00.205Z","lane":"plant2","event":"start","step":"cat-2","bin":"node","args":["/Volumes/EOS_DIGITAL/KiriPedia/botnet/workers/cataloger-editor.mjs","--worker","cataloger-2","--batch","1"]}
{"ts":"2026-06-26T04:15:00.295Z","lane":"plant2","event":"done","step":"cat-2","code":0,"ms":80}
{"ts":"2026-06-26T04:15:21.750Z","lane":"catch-import","event":"start","step":null,"bin":"node","args":["/Volumes/EOS_DIGITAL/KiriPedia/botnet/workers/catch-importer.mjs","--auto-trust"]}
{"ts":"2026-06-26T04:15:21.870Z","lane":"catch-import","event":"done","step":null,"code":0,"ms":119}
{"ts":"2026-06-26T04:15:26.059Z","lane":"mining","event":"done","step":"enricher","code":0,"ms":28809}
{"ts":"2026-06-26T04:15:26.060Z","lane":"mining","event":"start","step":"weaver","bin":"node","args":["/Volumes/EOS_DIGITAL/KiriPedia/botnet/workers/weaver.mjs","--batch","5"]}
{"ts":"2026-06-26T04:15:34.365Z","lane":"plant","event":"start","step":"scribe-1","bin":"node","args":["/Volumes/EOS_DIGITAL/KiriPedia/botnet/workers/scribe.mjs","--worker","scribe-1","--batch","1"]}
{"ts":"2026-06-26T04:15:34.459Z","lane":"plant","event":"done","step":"scribe-1","code":0,"ms":93}
{"ts":"2026-06-26T04:15:34.460Z","lane":"plant","event":"start","step":"scribe-2","bin":"node","args":["/Volumes/EOS_DIGITAL/KiriPedia/botnet/workers/scribe.mjs","--worker","scribe-2","--batch","1"]}
{"ts":"2026-06-26T04:15:34.545Z","lane":"plant","event":"done","step":"scribe-2","code":0,"ms":84}
{"ts":"2026-06-26T04:15:34.546Z","lane":"plant","event":"start","step":"scribe-3","bin":"node","args":["/Volumes/EOS_DIGITAL/KiriPedia/botnet/workers/scribe.mjs","--worker","scribe-3","--batch","1"]}
{"ts":"2026-06-26T04:15:34.628Z","lane":"plant","event":"done","step":"scribe-3","code":0,"ms":81}
{"ts":"2026-06-26T04:15:38.038Z","lane":"plant2","event":"start","step":"cat-1","bin":"node","args":["/Volumes/EOS_DIGITAL/KiriPedia/botnet/workers/cataloger-editor.mjs","--worker","cataloger-1","--batch","1"]}
{"ts":"2026-06-26T04:15:38.121Z","lane":"plant2","event":"done","step":"cat-1","code":0,"ms":83}
{"ts":"2026-06-26T04:15:38.121Z","lane":"plant2","event":"start","step":"cat-2","bin":"node","args":["/Volumes/EOS_DIGITAL/KiriPedia/botnet/workers/cataloger-editor.mjs","--worker","cataloger-2","--batch","1"]}
{"ts":"2026-06-26T04:15:38.202Z","lane":"plant2","event":"done","step":"cat-2","code":0,"ms":80}
{"ts":"2026-06-26T04:16:01.307Z","lane":"mining","event":"done","step":"weaver","code":0,"ms":35244}
{"ts":"2026-06-26T04:16:05.539Z","lane":"prospect","event":"start","step":null,"bin":"node","args":["/Volumes/EOS_DIGITAL/KiriPedia/botnet/workers/prospector.mjs","--batch","2"]}
{"ts":"2026-06-26T04:16:16.175Z","lane":"prospect","event":"done","step":null,"code":0,"ms":10636}
{"ts":"2026-06-26T04:16:19.162Z","lane":"plant","event":"start","step":"scribe-1","bin":"node","args":["/Volumes/EOS_DIGITAL/KiriPedia/botnet/workers/scribe.mjs","--worker","scribe-1","--batch","1"]}
{"ts":"2026-06-26T04:16:19.273Z","lane":"plant","event":"done","step":"scribe-1","code":0,"ms":110}
{"ts":"2026-06-26T04:16:19.273Z","lane":"plant","event":"start","step":"scribe-2","bin":"node","args":["/Volumes/EOS_DIGITAL/KiriPedia/botnet/workers/scribe.mjs","--worker","scribe-2","--batch","1"]}
{"ts":"2026-06-26T04:16:19.354Z","lane":"plant","event":"done","step":"scribe-2","code":0,"ms":79}
{"ts":"2026-06-26T04:16:19.354Z","lane":"plant","event":"start","step":"scribe-3","bin":"node","args":["/Volumes/EOS_DIGITAL/KiriPedia/botnet/workers/scribe.mjs","--worker","scribe-3","--batch","1"]}
{"ts":"2026-06-26T04:16:19.435Z","lane":"plant","event":"done","step":"scribe-3","code":0,"ms":80}
{"ts":"2026-06-26T04:16:45.733Z","lane":"reviewer","event":"start","step":null,"bin":"node","args":["/Volumes/EOS_DIGITAL/KiriPedia/botnet/workers/reviewer.mjs"]}
{"ts":"2026-06-26T04:16:45.849Z","lane":"reviewer","event":"done","step":null,"code":0,"ms":115}
{"ts":"2026-06-26T04:17:08.857Z","lane":"plant2","event":"start","step":"cat-1","bin":"node","args":["/Volumes/EOS_DIGITAL/KiriPedia/botnet/workers/cataloger-editor.mjs","--worker","cataloger-1","--batch","1"]}
{"ts":"2026-06-26T04:17:08.981Z","lane":"plant2","event":"done","step":"cat-1","code":0,"ms":123}
{"ts":"2026-06-26T04:17:08.982Z","lane":"plant2","event":"start","step":"cat-2","bin":"node","args":["/Volumes/EOS_DIGITAL/KiriPedia/botnet/workers/cataloger-editor.mjs","--worker","cataloger-2","--batch","1"]}
{"ts":"2026-06-26T04:17:09.060Z","lane":"plant2","event":"done","step":"cat-2","code":0,"ms":77}
{"ts":"2026-06-26T04:17:11.748Z","lane":"plant","event":"start","step":"scribe-1","bin":"node","args":["/Volumes/EOS_DIGITAL/KiriPedia/botnet/workers/scribe.mjs","--worker","scribe-1","--batch","1"]}
{"ts":"2026-06-26T04:17:11.829Z","lane":"plant","event":"done","step":"scribe-1","code":0,"ms":81}
{"ts":"2026-06-26T04:17:11.829Z","lane":"plant","event":"start","step":"scribe-2","bin":"node","args":["/Volumes/EOS_DIGITAL/KiriPedia/botnet/workers/scribe.mjs","--worker","scribe-2","--batch","1"]}
{"ts":"2026-06-26T04:17:11.911Z","lane":"plant","event":"done","step":"scribe-2","code":0,"ms":78}
{"ts":"2026-06-26T04:17:11.911Z","lane":"plant","event":"start","step":"scribe-3","bin":"node","args":["/Volumes/EOS_DIGITAL/KiriPedia/botnet/workers/scribe.mjs","--worker","scribe-3","--batch","1"]}
{"ts":"2026-06-26T04:17:11.993Z","lane":"plant","event":"done","step":"scribe-3","code":0,"ms":80}
{"ts":"2026-06-26T04:17:36.908Z","lane":"snapshot","event":"start","step":null,"bin":"node","args":["/Volumes/EOS_DIGITAL/KiriPedia/botnet/lib/snapshot-writer.mjs"]}
{"ts":"2026-06-26T04:17:37.030Z","lane":"snapshot","event":"done","step":null,"code":0,"ms":121}
{"ts":"2026-06-26T04:17:42.943Z","lane":"triage","event":"start","step":null,"bin":"node","args":["/Volumes/EOS_DIGITAL/KiriPedia/botnet/workers/npp.mjs"]}
{"ts":"2026-06-26T04:17:43.076Z","lane":"triage","event":"done","step":null,"code":0,"ms":133}
{"ts":"2026-06-26T04:17:52.429Z","lane":"plant","event":"start","step":"scribe-1","bin":"node","args":["/Volumes/EOS_DIGITAL/KiriPedia/botnet/workers/scribe.mjs","--worker","scribe-1","--batch","1"]}
{"ts":"2026-06-26T04:17:52.553Z","lane":"plant","event":"done","step":"scribe-1","code":0,"ms":122}
{"ts":"2026-06-26T04:17:52.553Z","lane":"plant","event":"start","step":"scribe-2","bin":"node","args":["/Volumes/EOS_DIGITAL/KiriPedia/botnet/workers/scribe.mjs","--worker","scribe-2","--batch","1"]}
{"ts":"2026-06-26T04:17:52.634Z","lane":"plant","event":"done","step":"scribe-2","code":0,"ms":80}
{"ts":"2026-06-26T04:17:52.634Z","lane":"plant","event":"start","step":"scribe-3","bin":"node","args":["/Volumes/EOS_DIGITAL/KiriPedia/botnet/workers/scribe.mjs","--worker","scribe-3","--batch","1"]}
{"ts":"2026-06-26T04:17:52.716Z","lane":"plant","event":"done","step":"scribe-3","code":0,"ms":80}
{"ts":"2026-06-26T04:17:53.146Z","lane":"catch-import","event":"start","step":null,"bin":"node","args":["/Volumes/EOS_DIGITAL/KiriPedia/botnet/workers/catch-importer.mjs","--auto-trust"]}
{"ts":"2026-06-26T04:17:53.247Z","lane":"catch-import","event":"done","step":null,"code":0,"ms":99}
{"ts":"2026-06-26T04:17:53.476Z","lane":"plant2","event":"start","step":"cat-1","bin":"node","args":["/Volumes/EOS_DIGITAL/KiriPedia/botnet/workers/cataloger-editor.mjs","--worker","cataloger-1","--batch","1"]}
{"ts":"2026-06-26T04:17:53.559Z","lane":"plant2","event":"done","step":"cat-1","code":0,"ms":83}
{"ts":"2026-06-26T04:17:53.559Z","lane":"plant2","event":"start","step":"cat-2","bin":"node","args":["/Volumes/EOS_DIGITAL/KiriPedia/botnet/workers/cataloger-editor.mjs","--worker","cataloger-2","--batch","1"]}
{"ts":"2026-06-26T04:17:53.638Z","lane":"plant2","event":"done","step":"cat-2","code":0,"ms":78}
{"ts":"2026-06-26T04:18:14.080Z","lane":"trawler","event":"done","step":null,"code":-1,"ms":1200061,"stderr":"[trawler:youtube] Run 1/4 for 2026-06-26.\n"}
{"ts":"2026-06-26T04:18:14.082Z","lane":"trawler","event":"backoff","ms":1800000}
{"ts":"2026-06-26T04:18:16.996Z","lane":"sentry","event":"start","step":null,"bin":"node","args":["/Volumes/EOS_DIGITAL/KiriPedia/botnet/workers/mouth-sentry.mjs"]}
{"ts":"2026-06-26T04:18:17.132Z","lane":"sentry","event":"done","step":null,"code":0,"ms":136}
{"ts":"2026-06-26T04:18:19.302Z","lane":"calendar","event":"start","step":null,"bin":"node","args":["/Volumes/EOS_DIGITAL/KiriPedia/botnet/workers/calendar-keeper.mjs"]}
{"ts":"2026-06-26T04:18:20.383Z","lane":"calendar","event":"done","step":null,"code":0,"ms":1081}
{"ts":"2026-06-26T04:18:22.505Z","lane":"reviewer","event":"start","step":null,"bin":"node","args":["/Volumes/EOS_DIGITAL/KiriPedia/botnet/workers/reviewer.mjs"]}
{"ts":"2026-06-26T04:18:22.594Z","lane":"reviewer","event":"done","step":null,"code":0,"ms":89}
{"ts":"2026-06-26T04:18:24.374Z","lane":"triage","event":"start","step":null,"bin":"node","args":["/Volumes/EOS_DIGITAL/KiriPedia/botnet/workers/npp.mjs"]}
{"ts":"2026-06-26T04:18:24.462Z","lane":"triage","event":"done","step":null,"code":0,"ms":87}
{"ts":"2026-06-26T04:18:26.081Z","lane":"snapshot","event":"start","step":null,"bin":"node","args":["/Volumes/EOS_DIGITAL/KiriPedia/botnet/lib/snapshot-writer.mjs"]}
{"ts":"2026-06-26T04:18:26.187Z","lane":"snapshot","event":"done","step":null,"code":0,"ms":105}
{"ts":"2026-06-26T04:18:37.395Z","lane":"plant","event":"start","step":"scribe-1","bin":"node","args":["/Volumes/EOS_DIGITAL/KiriPedia/botnet/workers/scribe.mjs","--worker","scribe-1","--batch","1"]}
{"ts":"2026-06-26T04:18:37.481Z","lane":"plant","event":"done","step":"scribe-1","code":0,"ms":83}
{"ts":"2026-06-26T04:18:37.481Z","lane":"plant","event":"start","step":"scribe-2","bin":"node","args":["/Volumes/EOS_DIGITAL/KiriPedia/botnet/workers/scribe.mjs","--worker","scribe-2","--batch","1"]}
{"ts":"2026-06-26T04:18:37.578Z","lane":"plant","event":"done","step":"scribe-2","code":0,"ms":96}
{"ts":"2026-06-26T04:18:37.578Z","lane":"plant","event":"start","step":"scribe-3","bin":"node","args":["/Volumes/EOS_DIGITAL/KiriPedia/botnet/workers/scribe.mjs","--worker","scribe-3","--batch","1"]}
{"ts":"2026-06-26T04:18:37.661Z","lane":"plant","event":"done","step":"scribe-3","code":0,"ms":81}
{"ts":"2026-06-26T04:18:40.870Z","lane":"mining","event":"start","step":"deepener","bin":"node","args":["/Volumes/EOS_DIGITAL/KiriPedia/botnet/workers/deepener.mjs","--batch","5"]}
{"ts":"2026-06-26T04:18:53.281Z","lane":"plant2","event":"start","step":"cat-1","bin":"node","args":["/Volumes/EOS_DIGITAL/KiriPedia/botnet/workers/cataloger-editor.mjs","--worker","cataloger-1","--batch","1"]}
{"ts":"2026-06-26T04:18:53.408Z","lane":"plant2","event":"done","step":"cat-1","code":0,"ms":125}
{"ts":"2026-06-26T04:18:53.408Z","lane":"plant2","event":"start","step":"cat-2","bin":"node","args":["/Volumes/EOS_DIGITAL/KiriPedia/botnet/workers/cataloger-editor.mjs","--worker","cataloger-2","--batch","1"]}
{"ts":"2026-06-26T04:18:53.488Z","lane":"plant2","event":"done","step":"cat-2","code":0,"ms":78}
{"ts":"2026-06-26T04:19:19.643Z","lane":"plant","event":"start","step":"scribe-1","bin":"node","args":["/Volumes/EOS_DIGITAL/KiriPedia/botnet/workers/scribe.mjs","--worker","scribe-1","--batch","1"]}
{"ts":"2026-06-26T04:19:19.763Z","lane":"plant","event":"done","step":"scribe-1","code":0,"ms":119}
{"ts":"2026-06-26T04:19:19.763Z","lane":"plant","event":"start","step":"scribe-2","bin":"node","args":["/Volumes/EOS_DIGITAL/KiriPedia/botnet/workers/scribe.mjs","--worker","scribe-2","--batch","1"]}
{"ts":"2026-06-26T04:19:19.847Z","lane":"plant","event":"done","step":"scribe-2","code":0,"ms":82}
{"ts":"2026-06-26T04:19:19.847Z","lane":"plant","event":"start","step":"scribe-3","bin":"node","args":["/Volumes/EOS_DIGITAL/KiriPedia/botnet/workers/scribe.mjs","--worker","scribe-3","--batch","1"]}
{"ts":"2026-06-26T04:19:19.935Z","lane":"plant","event":"done","step":"scribe-3","code":0,"ms":86}
{"ts":"2026-06-26T04:19:36.872Z","lane":"mining","event":"done","step":"deepener","code":0,"ms":56001}
{"ts":"2026-06-26T04:19:36.874Z","lane":"mining","event":"start","step":"enricher","bin":"node","args":["/Volumes/EOS_DIGITAL/KiriPedia/botnet/workers/enricher.mjs","--batch","5"]}
{"ts":"2026-06-26T04:19:40.156Z","lane":"weaver2","event":"start","step":null,"bin":"node","args":["/Volumes/EOS_DIGITAL/KiriPedia/botnet/workers/reweaver.mjs","--batch","3"]}
{"ts":"2026-06-26T04:19:41.482Z","lane":"weaver2","event":"start","step":null,"bin":"node","args":["/Volumes/EOS_DIGITAL/KiriPedia/botnet/workers/reweaver.mjs","--batch","3"]}
{"ts":"2026-06-26T04:19:41.495Z","lane":"weaver2","event":"done","step":null,"code":0,"ms":1338}
{"ts":"2026-06-26T04:19:43.099Z","lane":"plant2","event":"start","step":"cat-1","bin":"node","args":["/Volumes/EOS_DIGITAL/KiriPedia/botnet/workers/cataloger-editor.mjs","--worker","cataloger-1","--batch","1"]}
{"ts":"2026-06-26T04:19:43.190Z","lane":"plant2","event":"done","step":"cat-1","code":0,"ms":90}
{"ts":"2026-06-26T04:19:43.191Z","lane":"plant2","event":"start","step":"cat-2","bin":"node","args":["/Volumes/EOS_DIGITAL/KiriPedia/botnet/workers/cataloger-editor.mjs","--worker","cataloger-2","--batch","1"]}
{"ts":"2026-06-26T04:19:43.275Z","lane":"plant2","event":"done","step":"cat-2","code":0,"ms":81}
{"ts":"2026-06-26T04:19:45.723Z","lane":"weaver2","event":"done","step":null,"code":0,"ms":4241}
{"ts":"2026-06-26T04:19:53.907Z","lane":"trawler","event":"done","step":null,"code":-1,"ms":1200058,"stderr":"[trawler:youtube] Run 1/4 for 2026-06-26.\n"}
{"ts":"2026-06-26T04:19:53.907Z","lane":"trawler","event":"backoff","ms":1800000}
{"ts":"2026-06-26T04:20:05.131Z","lane":"mining","event":"done","step":"enricher","code":0,"ms":28256}
{"ts":"2026-06-26T04:20:05.133Z","lane":"mining","event":"start","step":"weaver","bin":"node","args":["/Volumes/EOS_DIGITAL/KiriPedia/botnet/workers/weaver.mjs","--batch","5"]}
{"ts":"2026-06-26T04:20:19.090Z","lane":"plant","event":"start","step":"scribe-1","bin":"node","args":["/Volumes/EOS_DIGITAL/KiriPedia/botnet/workers/scribe.mjs","--worker","scribe-1","--batch","1"]}
{"ts":"2026-06-26T04:20:19.229Z","lane":"plant","event":"done","step":"scribe-1","code":0,"ms":138}
{"ts":"2026-06-26T04:20:19.230Z","lane":"plant","event":"start","step":"scribe-2","bin":"node","args":["/Volumes/EOS_DIGITAL/KiriPedia/botnet/workers/scribe.mjs","--worker","scribe-2","--batch","1"]}
{"ts":"2026-06-26T04:20:19.311Z","lane":"plant","event":"done","step":"scribe-2","code":0,"ms":80}
{"ts":"2026-06-26T04:20:19.312Z","lane":"plant","event":"start","step":"scribe-3","bin":"node","args":["/Volumes/EOS_DIGITAL/KiriPedia/botnet/workers/scribe.mjs","--worker","scribe-3","--batch","1"]}
{"ts":"2026-06-26T04:20:19.397Z","lane":"plant","event":"done","step":"scribe-3","code":0,"ms":82}
{"ts":"2026-06-26T04:20:31.576Z","lane":"office","event":"start","step":null,"bin":"node","args":["/Volumes/EOS_DIGITAL/KiriPedia/botnet/workers/office-manager.mjs"]}
{"ts":"2026-06-26T04:20:38.432Z","lane":"plant2","event":"start","step":"cat-1","bin":"node","args":["/Volumes/EOS_DIGITAL/KiriPedia/botnet/workers/cataloger-editor.mjs","--worker","cataloger-1","--batch","1"]}
{"ts":"2026-06-26T04:20:38.557Z","lane":"plant2","event":"done","step":"cat-1","code":0,"ms":123}
{"ts":"2026-06-26T04:20:38.558Z","lane":"plant2","event":"start","step":"cat-2","bin":"node","args":["/Volumes/EOS_DIGITAL/KiriPedia/botnet/workers/cataloger-editor.mjs","--worker","cataloger-2","--batch","1"]}
{"ts":"2026-06-26T04:20:38.642Z","lane":"plant2","event":"done","step":"cat-2","code":0,"ms":82}
{"ts":"2026-06-26T04:20:40.793Z","lane":"mining","event":"done","step":"weaver","code":0,"ms":35659}
{"ts":"2026-06-26T04:20:43.851Z","lane":"office","event":"done","step":null,"code":0,"ms":12274}
{"ts":"2026-06-26T04:20:50.624Z","lane":"plant","event":"start","step":"scribe-1","bin":"node","args":["/Volumes/EOS_DIGITAL/KiriPedia/botnet/workers/scribe.mjs","--worker","scribe-1","--batch","1"]}
{"ts":"2026-06-26T04:20:50.721Z","lane":"plant","event":"done","step":"scribe-1","code":0,"ms":95}
{"ts":"2026-06-26T04:20:50.721Z","lane":"plant","event":"start","step":"scribe-2","bin":"node","args":["/Volumes/EOS_DIGITAL/KiriPedia/botnet/workers/scribe.mjs","--worker","scribe-2","--batch","1"]}
{"ts":"2026-06-26T04:20:50.802Z","lane":"plant","event":"done","step":"scribe-2","code":0,"ms":79}
{"ts":"2026-06-26T04:20:50.803Z","lane":"plant","event":"start","step":"scribe-3","bin":"node","args":["/Volumes/EOS_DIGITAL/KiriPedia/botnet/workers/scribe.mjs","--worker","scribe-3","--batch","1"]}
{"ts":"2026-06-26T04:20:50.887Z","lane":"plant","event":"done","step":"scribe-3","code":0,"ms":81}
{"ts":"2026-06-26T04:21:53.182Z","lane":"reviewer","event":"start","step":null,"bin":"node","args":["/Volumes/EOS_DIGITAL/KiriPedia/botnet/workers/reviewer.mjs"]}
{"ts":"2026-06-26T04:21:53.310Z","lane":"reviewer","event":"done","step":null,"code":0,"ms":124}
{"ts":"2026-06-26T04:21:55.328Z","lane":"plant2","event":"start","step":"cat-1","bin":"node","args":["/Volumes/EOS_DIGITAL/KiriPedia/botnet/workers/cataloger-editor.mjs","--worker","cataloger-1","--batch","1"]}
{"ts":"2026-06-26T04:21:55.411Z","lane":"plant2","event":"done","step":"cat-1","code":0,"ms":83}
{"ts":"2026-06-26T04:21:55.412Z","lane":"plant2","event":"start","step":"cat-2","bin":"node","args":["/Volumes/EOS_DIGITAL/KiriPedia/botnet/workers/cataloger-editor.mjs","--worker","cataloger-2","--batch","1"]}
{"ts":"2026-06-26T04:21:55.491Z","lane":"plant2","event":"done","step":"cat-2","code":0,"ms":78}
{"ts":"2026-06-26T04:21:58.447Z","lane":"plant","event":"start","step":"scribe-1","bin":"node","args":["/Volumes/EOS_DIGITAL/KiriPedia/botnet/workers/scribe.mjs","--worker","scribe-1","--batch","1"]}
{"ts":"2026-06-26T04:21:58.531Z","lane":"plant","event":"done","step":"scribe-1","code":0,"ms":82}
{"ts":"2026-06-26T04:21:58.531Z","lane":"plant","event":"start","step":"scribe-2","bin":"node","args":["/Volumes/EOS_DIGITAL/KiriPedia/botnet/workers/scribe.mjs","--worker","scribe-2","--batch","1"]}
{"ts":"2026-06-26T04:21:58.616Z","lane":"plant","event":"done","step":"scribe-2","code":0,"ms":84}
{"ts":"2026-06-26T04:21:58.617Z","lane":"plant","event":"start","step":"scribe-3","bin":"node","args":["/Volumes/EOS_DIGITAL/KiriPedia/botnet/workers/scribe.mjs","--worker","scribe-3","--batch","1"]}
{"ts":"2026-06-26T04:21:58.698Z","lane":"plant","event":"done","step":"scribe-3","code":0,"ms":80}
{"ts":"2026-06-26T04:22:06.946Z","lane":"plant","event":"start","step":"scribe-1","bin":"node","args":["/Volumes/EOS_DIGITAL/KiriPedia/botnet/workers/scribe.mjs","--worker","scribe-1","--batch","1"]}
{"ts":"2026-06-26T04:22:07.032Z","lane":"plant","event":"done","step":"scribe-1","code":0,"ms":85}
{"ts":"2026-06-26T04:22:07.033Z","lane":"plant","event":"start","step":"scribe-2","bin":"node","args":["/Volumes/EOS_DIGITAL/KiriPedia/botnet/workers/scribe.mjs","--worker","scribe-2","--batch","1"]}
{"ts":"2026-06-26T04:22:07.113Z","lane":"plant","event":"done","step":"scribe-2","code":0,"ms":79}
{"ts":"2026-06-26T04:22:07.113Z","lane":"plant","event":"start","step":"scribe-3","bin":"node","args":["/Volumes/EOS_DIGITAL/KiriPedia/botnet/workers/scribe.mjs","--worker","scribe-3","--batch","1"]}
{"ts":"2026-06-26T04:22:07.194Z","lane":"plant","event":"done","step":"scribe-3","code":0,"ms":80}
{"ts":"2026-06-26T04:22:37.046Z","lane":"snapshot","event":"start","step":null,"bin":"node","args":["/Volumes/EOS_DIGITAL/KiriPedia/botnet/lib/snapshot-writer.mjs"]}
{"ts":"2026-06-26T04:22:37.170Z","lane":"snapshot","event":"done","step":null,"code":0,"ms":123}
{"ts":"2026-06-26T04:22:42.186Z","lane":"plant2","event":"start","step":"cat-1","bin":"node","args":["/Volumes/EOS_DIGITAL/KiriPedia/botnet/workers/cataloger-editor.mjs","--worker","cataloger-1","--batch","1"]}
{"ts":"2026-06-26T04:22:42.289Z","lane":"plant2","event":"done","step":"cat-1","code":0,"ms":103}
{"ts":"2026-06-26T04:22:42.290Z","lane":"plant2","event":"start","step":"cat-2","bin":"node","args":["/Volumes/EOS_DIGITAL/KiriPedia/botnet/workers/cataloger-editor.mjs","--worker","cataloger-2","--batch","1"]}
{"ts":"2026-06-26T04:22:42.377Z","lane":"plant2","event":"done","step":"cat-2","code":0,"ms":84}
{"ts":"2026-06-26T04:22:53.159Z","lane":"reviewer","event":"start","step":null,"bin":"node","args":["/Volumes/EOS_DIGITAL/KiriPedia/botnet/workers/reviewer.mjs"]}
{"ts":"2026-06-26T04:22:53.246Z","lane":"reviewer","event":"done","step":null,"code":0,"ms":86}
{"ts":"2026-06-26T04:23:14.051Z","lane":"plant","event":"start","step":"scribe-1","bin":"node","args":["/Volumes/EOS_DIGITAL/KiriPedia/botnet/workers/scribe.mjs","--worker","scribe-1","--batch","1"]}
{"ts":"2026-06-26T04:23:14.230Z","lane":"plant","event":"done","step":"scribe-1","code":0,"ms":177}
{"ts":"2026-06-26T04:23:14.230Z","lane":"plant","event":"start","step":"scribe-2","bin":"node","args":["/Volumes/EOS_DIGITAL/KiriPedia/botnet/workers/scribe.mjs","--worker","scribe-2","--batch","1"]}
{"ts":"2026-06-26T04:23:14.442Z","lane":"plant","event":"done","step":"scribe-2","code":0,"ms":80}
{"ts":"2026-06-26T04:23:14.492Z","lane":"plant","event":"start","step":"scribe-3","bin":"node","args":["/Volumes/EOS_DIGITAL/KiriPedia/botnet/workers/scribe.mjs","--worker","scribe-3","--batch","1"]}
{"ts":"2026-06-26T04:23:14.708Z","lane":"plant","event":"done","step":"scribe-3","code":0,"ms":79}
{"ts":"2026-06-26T04:23:26.210Z","lane":"snapshot","event":"start","step":null,"bin":"node","args":["/Volumes/EOS_DIGITAL/KiriPedia/botnet/lib/snapshot-writer.mjs"]}
{"ts":"2026-06-26T04:23:26.389Z","lane":"snapshot","event":"done","step":null,"code":0,"ms":178}
{"ts":"2026-06-26T04:23:33.085Z","lane":"calendar","event":"start","step":null,"bin":"node","args":["/Volumes/EOS_DIGITAL/KiriPedia/botnet/workers/calendar-keeper.mjs"]}
{"ts":"2026-06-26T04:23:35.199Z","lane":"calendar","event":"done","step":null,"code":0,"ms":2112}
{"ts":"2026-06-26T04:23:43.461Z","lane":"plant","event":"start","step":"scribe-1","bin":"node","args":["/Volumes/EOS_DIGITAL/KiriPedia/botnet/workers/scribe.mjs","--worker","scribe-1","--batch","1"]}
{"ts":"2026-06-26T04:23:43.545Z","lane":"plant","event":"done","step":"scribe-1","code":0,"ms":84}
{"ts":"2026-06-26T04:23:43.546Z","lane":"plant","event":"start","step":"scribe-2","bin":"node","args":["/Volumes/EOS_DIGITAL/KiriPedia/botnet/workers/scribe.mjs","--worker","scribe-2","--batch","1"]}
{"ts":"2026-06-26T04:23:43.638Z","lane":"plant","event":"done","step":"scribe-2","code":0,"ms":83}
{"ts":"2026-06-26T04:23:43.638Z","lane":"plant","event":"start","step":"scribe-3","bin":"node","args":["/Volumes/EOS_DIGITAL/KiriPedia/botnet/workers/scribe.mjs","--worker","scribe-3","--batch","1"]}
{"ts":"2026-06-26T04:23:43.749Z","lane":"plant","event":"done","step":"scribe-3","code":0,"ms":102}
{"ts":"2026-06-26T04:23:50.226Z","lane":"plant2","event":"start","step":"cat-1","bin":"node","args":["/Volumes/EOS_DIGITAL/KiriPedia/botnet/workers/cataloger-editor.mjs","--worker","cataloger-1","--batch","1"]}
{"ts":"2026-06-26T04:23:50.323Z","lane":"plant2","event":"done","step":"cat-1","code":0,"ms":97}
{"ts":"2026-06-26T04:23:50.324Z","lane":"plant2","event":"start","step":"cat-2","bin":"node","args":["/Volumes/EOS_DIGITAL/KiriPedia/botnet/workers/cataloger-editor.mjs","--worker","cataloger-2","--batch","1"]}
{"ts":"2026-06-26T04:23:50.414Z","lane":"plant2","event":"done","step":"cat-2","code":0,"ms":81}
{"ts":"2026-06-26T04:24:25.851Z","lane":"plant2","event":"start","step":"cat-1","bin":"node","args":["/Volumes/EOS_DIGITAL/KiriPedia/botnet/workers/cataloger-editor.mjs","--worker","cataloger-1","--batch","1"]}
{"ts":"2026-06-26T04:24:25.957Z","lane":"plant2","event":"done","step":"cat-1","code":0,"ms":105}
{"ts":"2026-06-26T04:24:25.957Z","lane":"plant2","event":"start","step":"cat-2","bin":"node","args":["/Volumes/EOS_DIGITAL/KiriPedia/botnet/workers/cataloger-editor.mjs","--worker","cataloger-2","--batch","1"]}
{"ts":"2026-06-26T04:24:26.047Z","lane":"plant2","event":"done","step":"cat-2","code":0,"ms":79}
{"ts":"2026-06-26T04:24:35.453Z","lane":"coord","event":"start","step":null,"bin":"node","args":["/Volumes/EOS_DIGITAL/KiriPedia/botnet/workers/coordinator.mjs","--push"]}
{"ts":"2026-06-26T04:24:35.641Z","lane":"coord","event":"done","step":null,"code":0,"ms":184}
{"ts":"2026-06-26T04:24:42.917Z","lane":"plant","event":"start","step":"scribe-1","bin":"node","args":["/Volumes/EOS_DIGITAL/KiriPedia/botnet/workers/scribe.mjs","--worker","scribe-1","--batch","1"]}
{"ts":"2026-06-26T04:24:43.027Z","lane":"plant","event":"done","step":"scribe-1","code":0,"ms":108}
{"ts":"2026-06-26T04:24:43.027Z","lane":"plant","event":"start","step":"scribe-2","bin":"node","args":["/Volumes/EOS_DIGITAL/KiriPedia/botnet/workers/scribe.mjs","--worker","scribe-2","--batch","1"]}
{"ts":"2026-06-26T04:24:43.118Z","lane":"plant","event":"done","step":"scribe-2","code":0,"ms":81}
{"ts":"2026-06-26T04:24:43.118Z","lane":"plant","event":"start","step":"scribe-3","bin":"node","args":["/Volumes/EOS_DIGITAL/KiriPedia/botnet/workers/scribe.mjs","--worker","scribe-3","--batch","1"]}
{"ts":"2026-06-26T04:24:43.207Z","lane":"plant","event":"done","step":"scribe-3","code":0,"ms":80}
{"ts":"2026-06-26T04:25:12.178Z","lane":"plant","event":"start","step":"scribe-1","bin":"node","args":["/Volumes/EOS_DIGITAL/KiriPedia/botnet/workers/scribe.mjs","--worker","scribe-1","--batch","1"]}
{"ts":"2026-06-26T04:25:12.294Z","lane":"plant","event":"done","step":"scribe-1","code":0,"ms":113}
{"ts":"2026-06-26T04:25:12.294Z","lane":"plant","event":"start","step":"scribe-2","bin":"node","args":["/Volumes/EOS_DIGITAL/KiriPedia/botnet/workers/scribe.mjs","--worker","scribe-2","--batch","1"]}
{"ts":"2026-06-26T04:25:12.375Z","lane":"plant","event":"done","step":"scribe-2","code":0,"ms":79}
{"ts":"2026-06-26T04:25:12.375Z","lane":"plant","event":"start","step":"scribe-3","bin":"node","args":["/Volumes/EOS_DIGITAL/KiriPedia/botnet/workers/scribe.mjs","--worker","scribe-3","--batch","1"]}
{"ts":"2026-06-26T04:25:12.459Z","lane":"plant","event":"done","step":"scribe-3","code":0,"ms":82}
{"ts":"2026-06-26T04:25:36.787Z","lane":"catch-import","event":"start","step":null,"bin":"node","args":["/Volumes/EOS_DIGITAL/KiriPedia/botnet/workers/catch-importer.mjs","--auto-trust"]}
{"ts":"2026-06-26T04:25:36.902Z","lane":"catch-import","event":"done","step":null,"code":0,"ms":115}
{"ts":"2026-06-26T04:25:58.975Z","lane":"plant2","event":"start","step":"cat-1","bin":"node","args":["/Volumes/EOS_DIGITAL/KiriPedia/botnet/workers/cataloger-editor.mjs","--worker","cataloger-1","--batch","1"]}
{"ts":"2026-06-26T04:25:59.094Z","lane":"plant2","event":"done","step":"cat-1","code":0,"ms":118}
{"ts":"2026-06-26T04:25:59.094Z","lane":"plant2","event":"start","step":"cat-2","bin":"node","args":["/Volumes/EOS_DIGITAL/KiriPedia/botnet/workers/cataloger-editor.mjs","--worker","cataloger-2","--batch","1"]}
{"ts":"2026-06-26T04:25:59.174Z","lane":"plant2","event":"done","step":"cat-2","code":0,"ms":78}
{"ts":"2026-06-26T04:26:03.822Z","lane":"indexer","event":"start","step":null,"bin":"node","args":["/Volumes/EOS_DIGITAL/KiriPedia/botnet/workers/indexer.mjs"]}
{"ts":"2026-06-26T04:26:07.339Z","lane":"indexer","event":"done","step":null,"code":0,"ms":3517}
{"ts":"2026-06-26T04:26:24.474Z","lane":"plant","event":"start","step":"scribe-1","bin":"node","args":["/Volumes/EOS_DIGITAL/KiriPedia/botnet/workers/scribe.mjs","--worker","scribe-1","--batch","1"]}
{"ts":"2026-06-26T04:26:24.586Z","lane":"plant","event":"done","step":"scribe-1","code":0,"ms":110}
{"ts":"2026-06-26T04:26:24.586Z","lane":"plant","event":"start","step":"scribe-2","bin":"node","args":["/Volumes/EOS_DIGITAL/KiriPedia/botnet/workers/scribe.mjs","--worker","scribe-2","--batch","1"]}
{"ts":"2026-06-26T04:26:24.670Z","lane":"plant","event":"done","step":"scribe-2","code":0,"ms":82}
{"ts":"2026-06-26T04:26:24.670Z","lane":"plant","event":"start","step":"scribe-3","bin":"node","args":["/Volumes/EOS_DIGITAL/KiriPedia/botnet/workers/scribe.mjs","--worker","scribe-3","--batch","1"]}
{"ts":"2026-06-26T04:26:24.755Z","lane":"plant","event":"done","step":"scribe-3","code":0,"ms":83}
{"ts":"2026-06-26T04:26:31.631Z","lane":"plant","event":"start","step":"scribe-1","bin":"node","args":["/Volumes/EOS_DIGITAL/KiriPedia/botnet/workers/scribe.mjs","--worker","scribe-1","--batch","1"]}
{"ts":"2026-06-26T04:26:31.729Z","lane":"plant","event":"done","step":"scribe-1","code":0,"ms":96}
{"ts":"2026-06-26T04:26:31.729Z","lane":"plant","event":"start","step":"scribe-2","bin":"node","args":["/Volumes/EOS_DIGITAL/KiriPedia/botnet/workers/scribe.mjs","--worker","scribe-2","--batch","1"]}
{"ts":"2026-06-26T04:26:31.811Z","lane":"plant","event":"done","step":"scribe-2","code":0,"ms":80}
{"ts":"2026-06-26T04:26:31.811Z","lane":"plant","event":"start","step":"scribe-3","bin":"node","args":["/Volumes/EOS_DIGITAL/KiriPedia/botnet/workers/scribe.mjs","--worker","scribe-3","--batch","1"]}
{"ts":"2026-06-26T04:26:31.893Z","lane":"plant","event":"done","step":"scribe-3","code":0,"ms":81}
{"ts":"2026-06-26T04:26:39.550Z","lane":"reviewer","event":"start","step":null,"bin":"node","args":["/Volumes/EOS_DIGITAL/KiriPedia/botnet/workers/reviewer.mjs"]}
{"ts":"2026-06-26T04:26:39.636Z","lane":"reviewer","event":"done","step":null,"code":0,"ms":86}
{"ts":"2026-06-26T04:26:44.477Z","lane":"plant2","event":"start","step":"cat-1","bin":"node","args":["/Volumes/EOS_DIGITAL/KiriPedia/botnet/workers/cataloger-editor.mjs","--worker","cataloger-1","--batch","1"]}
{"ts":"2026-06-26T04:26:44.584Z","lane":"plant2","event":"done","step":"cat-1","code":0,"ms":105}
{"ts":"2026-06-26T04:26:44.584Z","lane":"plant2","event":"start","step":"cat-2","bin":"node","args":["/Volumes/EOS_DIGITAL/KiriPedia/botnet/workers/cataloger-editor.mjs","--worker","cataloger-2","--batch","1"]}
{"ts":"2026-06-26T04:26:44.676Z","lane":"plant2","event":"done","step":"cat-2","code":0,"ms":91}
{"ts":"2026-06-26T04:27:25.260Z","lane":"triage","event":"start","step":null,"bin":"node","args":["/Volumes/EOS_DIGITAL/KiriPedia/botnet/workers/npp.mjs"]}
{"ts":"2026-06-26T04:27:25.366Z","lane":"triage","event":"done","step":null,"code":0,"ms":99}
{"ts":"2026-06-26T04:27:37.188Z","lane":"snapshot","event":"start","step":null,"bin":"node","args":["/Volumes/EOS_DIGITAL/KiriPedia/botnet/lib/snapshot-writer.mjs"]}
{"ts":"2026-06-26T04:27:37.282Z","lane":"snapshot","event":"done","step":null,"code":0,"ms":92}
{"ts":"2026-06-26T04:27:46.325Z","lane":"plant2","event":"start","step":"cat-1","bin":"node","args":["/Volumes/EOS_DIGITAL/KiriPedia/botnet/workers/cataloger-editor.mjs","--worker","cataloger-1","--batch","1"]}
{"ts":"2026-06-26T04:27:46.422Z","lane":"plant2","event":"done","step":"cat-1","code":0,"ms":95}
{"ts":"2026-06-26T04:27:46.422Z","lane":"plant2","event":"start","step":"cat-2","bin":"node","args":["/Volumes/EOS_DIGITAL/KiriPedia/botnet/workers/cataloger-editor.mjs","--worker","cataloger-2","--batch","1"]}
{"ts":"2026-06-26T04:27:46.505Z","lane":"plant2","event":"done","step":"cat-2","code":0,"ms":79}
{"ts":"2026-06-26T04:28:01.365Z","lane":"plant","event":"start","step":"scribe-1","bin":"node","args":["/Volumes/EOS_DIGITAL/KiriPedia/botnet/workers/scribe.mjs","--worker","scribe-1","--batch","1"]}
{"ts":"2026-06-26T04:28:01.490Z","lane":"plant","event":"done","step":"scribe-1","code":0,"ms":123}
{"ts":"2026-06-26T04:28:01.491Z","lane":"plant","event":"start","step":"scribe-2","bin":"node","args":["/Volumes/EOS_DIGITAL/KiriPedia/botnet/workers/scribe.mjs","--worker","scribe-2","--batch","1"]}
{"ts":"2026-06-26T04:28:01.576Z","lane":"plant","event":"done","step":"scribe-2","code":0,"ms":84}
{"ts":"2026-06-26T04:28:01.576Z","lane":"plant","event":"start","step":"scribe-3","bin":"node","args":["/Volumes/EOS_DIGITAL/KiriPedia/botnet/workers/scribe.mjs","--worker","scribe-3","--batch","1"]}
{"ts":"2026-06-26T04:28:01.678Z","lane":"plant","event":"done","step":"scribe-3","code":0,"ms":101}
{"ts":"2026-06-26T04:28:03.604Z","lane":"triage","event":"start","step":null,"bin":"node","args":["/Volumes/EOS_DIGITAL/KiriPedia/botnet/workers/npp.mjs"]}
{"ts":"2026-06-26T04:28:03.695Z","lane":"triage","event":"done","step":null,"code":0,"ms":91}
{"ts":"2026-06-26T04:28:09.847Z","lane":"coord","event":"start","step":null,"bin":"node","args":["/Volumes/EOS_DIGITAL/KiriPedia/botnet/workers/coordinator.mjs","--push"]}
{"ts":"2026-06-26T04:28:09.943Z","lane":"coord","event":"done","step":null,"code":0,"ms":94}
{"ts":"2026-06-26T04:28:10.685Z","lane":"catch-import","event":"start","step":null,"bin":"node","args":["/Volumes/EOS_DIGITAL/KiriPedia/botnet/workers/catch-importer.mjs","--auto-trust"]}
{"ts":"2026-06-26T04:28:10.768Z","lane":"catch-import","event":"done","step":null,"code":0,"ms":82}
{"ts":"2026-06-26T04:28:11.293Z","lane":"plant","event":"start","step":"scribe-1","bin":"node","args":["/Volumes/EOS_DIGITAL/KiriPedia/botnet/workers/scribe.mjs","--worker","scribe-1","--batch","1"]}
{"ts":"2026-06-26T04:28:11.375Z","lane":"plant","event":"done","step":"scribe-1","code":0,"ms":81}
{"ts":"2026-06-26T04:28:11.375Z","lane":"plant","event":"start","step":"scribe-2","bin":"node","args":["/Volumes/EOS_DIGITAL/KiriPedia/botnet/workers/scribe.mjs","--worker","scribe-2","--batch","1"]}
{"ts":"2026-06-26T04:28:11.458Z","lane":"plant","event":"done","step":"scribe-2","code":0,"ms":81}
{"ts":"2026-06-26T04:28:11.458Z","lane":"plant","event":"start","step":"scribe-3","bin":"node","args":["/Volumes/EOS_DIGITAL/KiriPedia/botnet/workers/scribe.mjs","--worker","scribe-3","--batch","1"]}
{"ts":"2026-06-26T04:28:11.541Z","lane":"plant","event":"done","step":"scribe-3","code":0,"ms":80}
