[forever] stale lock from pid 15776; clearing.
{"ts":"2026-06-27T20:02:33.218Z","event":"boot","pid":16224,"lanes":["trawler","catch-import","office","triage","plant","plant2","reviewer","coord","indexer","mining","weaver2","prospect","orders","calendar","sentry","snapshot","triage-patroller","re-reader","discretion","splitter","diff-sentinel","shape-auditor","mos-enforcer","promotion","rt-snapshot"],"push":false}
{"ts":"2026-06-27T20:02:33.220Z","lane":"trawler","event":"start","step":null,"bin":"node","args":["/Volumes/EOS_DIGITAL/KiriPedia/fleet/trawlers/youtube.mjs"]}
{"ts":"2026-06-27T20:02:33.225Z","lane":"catch-import","event":"start","step":null,"bin":"node","args":["/Volumes/EOS_DIGITAL/KiriPedia/botnet/workers/catch-importer.mjs","--auto-trust"]}
{"ts":"2026-06-27T20:02:33.226Z","lane":"office","event":"start","step":null,"bin":"node","args":["/Volumes/EOS_DIGITAL/KiriPedia/botnet/workers/office-manager.mjs"]}
{"ts":"2026-06-27T20:02:33.227Z","lane":"triage","event":"start","step":null,"bin":"node","args":["/Volumes/EOS_DIGITAL/KiriPedia/botnet/workers/npp.mjs"]}
{"ts":"2026-06-27T20:02:33.232Z","lane":"plant","event":"start","step":"scribe-1","bin":"node","args":["/Volumes/EOS_DIGITAL/KiriPedia/botnet/workers/scribe.mjs","--worker","scribe-1","--batch","1"]}
{"ts":"2026-06-27T20:02:33.236Z","lane":"plant2","event":"start","step":"cat-1","bin":"node","args":["/Volumes/EOS_DIGITAL/KiriPedia/botnet/workers/cataloger-editor.mjs","--worker","cataloger-1","--batch","1"]}
{"ts":"2026-06-27T20:02:33.246Z","lane":"reviewer","event":"start","step":null,"bin":"node","args":["/Volumes/EOS_DIGITAL/KiriPedia/botnet/workers/reviewer.mjs"]}
{"ts":"2026-06-27T20:02:33.254Z","lane":"coord","event":"start","step":null,"bin":"node","args":["/Volumes/EOS_DIGITAL/KiriPedia/botnet/workers/coordinator.mjs"]}
{"ts":"2026-06-27T20:02:33.256Z","lane":"indexer","event":"start","step":null,"bin":"node","args":["/Volumes/EOS_DIGITAL/KiriPedia/botnet/workers/indexer.mjs"]}
{"ts":"2026-06-27T20:02:33.270Z","lane":"mining","event":"start","step":"deepener","bin":"node","args":["/Volumes/EOS_DIGITAL/KiriPedia/botnet/workers/deepener.mjs","--batch","5"]}
{"ts":"2026-06-27T20:02:33.277Z","lane":"weaver2","event":"start","step":null,"bin":"node","args":["/Volumes/EOS_DIGITAL/KiriPedia/botnet/workers/reweaver.mjs","--batch","3"]}
{"ts":"2026-06-27T20:02:33.295Z","lane":"prospect","event":"start","step":null,"bin":"node","args":["/Volumes/EOS_DIGITAL/KiriPedia/botnet/workers/prospector.mjs","--batch","2"]}
{"ts":"2026-06-27T20:02:33.306Z","lane":"orders","event":"start","step":null,"bin":"node","args":["/Volumes/EOS_DIGITAL/KiriPedia/botnet/workers/orders-of-day.mjs"]}
{"ts":"2026-06-27T20:02:33.319Z","lane":"calendar","event":"start","step":null,"bin":"node","args":["/Volumes/EOS_DIGITAL/KiriPedia/botnet/workers/calendar-keeper.mjs"]}
{"ts":"2026-06-27T20:02:33.356Z","lane":"sentry","event":"start","step":null,"bin":"node","args":["/Volumes/EOS_DIGITAL/KiriPedia/botnet/workers/mouth-sentry.mjs"]}
{"ts":"2026-06-27T20:02:33.362Z","lane":"snapshot","event":"start","step":null,"bin":"node","args":["/Volumes/EOS_DIGITAL/KiriPedia/botnet/lib/snapshot-writer.mjs"]}
{"ts":"2026-06-27T20:02:33.377Z","lane":"triage-patroller","event":"start","step":null,"bin":"node","args":["/Volumes/EOS_DIGITAL/KiriPedia/botnet/workers/triage-patroller.mjs","--per-role","25"]}
{"ts":"2026-06-27T20:02:33.382Z","lane":"re-reader","event":"start","step":null,"bin":"node","args":["/Volumes/EOS_DIGITAL/KiriPedia/botnet/workers/re-reader.mjs","--worker","re-reader-1","--batch","2"]}
{"ts":"2026-06-27T20:02:33.386Z","lane":"discretion","event":"start","step":null,"bin":"node","args":["/Volumes/EOS_DIGITAL/KiriPedia/botnet/workers/discretion-warden.mjs","--batch","20"]}
{"ts":"2026-06-27T20:02:33.392Z","lane":"splitter","event":"start","step":null,"bin":"node","args":["/Volumes/EOS_DIGITAL/KiriPedia/botnet/workers/first-third-splitter.mjs","--batch","30"]}
{"ts":"2026-06-27T20:02:33.397Z","lane":"diff-sentinel","event":"start","step":null,"bin":"node","args":["/Volumes/EOS_DIGITAL/KiriPedia/botnet/workers/diff-sentinel.mjs"]}
{"ts":"2026-06-27T20:02:33.400Z","lane":"shape-auditor","event":"start","step":null,"bin":"node","args":["/Volumes/EOS_DIGITAL/KiriPedia/botnet/workers/shape-auditor.mjs","--threshold","5"]}
{"ts":"2026-06-27T20:02:33.405Z","lane":"mos-enforcer","event":"start","step":null,"bin":"node","args":["/Volumes/EOS_DIGITAL/KiriPedia/botnet/workers/mos-enforcer.mjs"]}
{"ts":"2026-06-27T20:02:33.413Z","lane":"promotion","event":"start","step":null,"bin":"node","args":["/Volumes/EOS_DIGITAL/KiriPedia/botnet/workers/promotion-committee.mjs"]}
{"ts":"2026-06-27T20:02:33.425Z","lane":"rt-snapshot","event":"start","step":null,"bin":"node","args":["/Volumes/EOS_DIGITAL/KiriPedia/botnet/lib/research-team-snapshot.mjs"]}
{"ts":"2026-06-27T20:02:33.465Z","lane":"plant2","event":"done","step":"cat-1","code":0,"ms":220}
{"ts":"2026-06-27T20:02:33.465Z","lane":"plant2","event":"start","step":"cat-2","bin":"node","args":["/Volumes/EOS_DIGITAL/KiriPedia/botnet/workers/cataloger-editor.mjs","--worker","cataloger-2","--batch","1"]}
{"ts":"2026-06-27T20:02:33.502Z","lane":"catch-import","event":"done","step":null,"code":0,"ms":277}
{"ts":"2026-06-27T20:02:33.512Z","lane":"reviewer","event":"done","step":null,"code":0,"ms":263}
{"ts":"2026-06-27T20:02:33.545Z","lane":"triage","event":"done","step":null,"code":0,"ms":314}
{"ts":"2026-06-27T20:02:33.555Z","lane":"plant","event":"done","step":"scribe-1","code":0,"ms":321}
{"ts":"2026-06-27T20:02:33.555Z","lane":"plant","event":"start","step":"scribe-2","bin":"node","args":["/Volumes/EOS_DIGITAL/KiriPedia/botnet/workers/scribe.mjs","--worker","scribe-2","--batch","1"]}
{"ts":"2026-06-27T20:02:33.683Z","lane":"coord","event":"done","step":null,"code":0,"ms":429}
{"ts":"2026-06-27T20:02:33.765Z","lane":"snapshot","event":"done","step":null,"code":0,"ms":401}
{"ts":"2026-06-27T20:02:33.784Z","lane":"sentry","event":"done","step":null,"code":0,"ms":428}
{"ts":"2026-06-27T20:02:33.786Z","lane":"splitter","event":"done","step":null,"code":0,"ms":393}
{"ts":"2026-06-27T20:02:33.794Z","lane":"discretion","event":"done","step":null,"code":0,"ms":406}
{"ts":"2026-06-27T20:02:33.816Z","lane":"plant","event":"done","step":"scribe-2","code":0,"ms":260}
{"ts":"2026-06-27T20:02:33.816Z","lane":"plant","event":"start","step":"scribe-3","bin":"node","args":["/Volumes/EOS_DIGITAL/KiriPedia/botnet/workers/scribe.mjs","--worker","scribe-3","--batch","1"]}
{"ts":"2026-06-27T20:02:33.833Z","lane":"plant2","event":"done","step":"cat-2","code":0,"ms":365}
{"ts":"2026-06-27T20:02:33.854Z","lane":"rt-snapshot","event":"done","step":null,"code":0,"ms":429}
{"ts":"2026-06-27T20:02:33.919Z","lane":"plant","event":"done","step":"scribe-3","code":0,"ms":94}
(node:16224) MaxListenersExceededWarning: Possible EventEmitter memory leak detected. 11 drain listeners added to [process]. MaxListeners is 10. Use emitter.setMaxListeners() to increase limit
(Use `node --trace-warnings ...` to show where the warning was created)
{"ts":"2026-06-27T20:02:34.016Z","lane":"diff-sentinel","event":"done","step":null,"code":0,"ms":619}
{"ts":"2026-06-27T20:02:34.390Z","lane":"shape-auditor","event":"done","step":null,"code":0,"ms":987}
{"ts":"2026-06-27T20:02:34.391Z","lane":"promotion","event":"done","step":null,"code":0,"ms":976}
{"ts":"2026-06-27T20:02:34.496Z","lane":"orders","event":"done","step":null,"code":0,"ms":1190}
{"ts":"2026-06-27T20:02:34.967Z","lane":"weaver2","event":"done","step":null,"code":0,"ms":1690}
{"ts":"2026-06-27T20:02:35.002Z","lane":"calendar","event":"done","step":null,"code":0,"ms":1683}
{"ts":"2026-06-27T20:02:35.098Z","lane":"mos-enforcer","event":"done","step":null,"code":0,"ms":1688}
{"ts":"2026-06-27T20:02:35.203Z","lane":"office","event":"done","step":null,"code":0,"ms":1976}
{"ts":"2026-06-27T20:02:37.037Z","lane":"triage-patroller","event":"done","step":null,"code":0,"ms":3659}
{"ts":"2026-06-27T20:02:37.244Z","lane":"indexer","event":"done","step":null,"code":0,"ms":3988}
{"ts":"2026-06-27T20:02:45.471Z","lane":"prospect","event":"done","step":null,"code":0,"ms":12176}
{"ts":"2026-06-27T20:02:51.264Z","lane":"re-reader","event":"done","step":null,"code":0,"ms":17881}
{"ts":"2026-06-27T20:03:25.870Z","lane":"mining","event":"done","step":"deepener","code":0,"ms":52600}
{"ts":"2026-06-27T20:03:25.871Z","lane":"mining","event":"start","step":"enricher","bin":"node","args":["/Volumes/EOS_DIGITAL/KiriPedia/botnet/workers/enricher.mjs","--batch","5"]}
{"ts":"2026-06-27T20:03:33.855Z","lane":"rt-snapshot","event":"start","step":null,"bin":"node","args":["/Volumes/EOS_DIGITAL/KiriPedia/botnet/lib/research-team-snapshot.mjs"]}
{"ts":"2026-06-27T20:03:33.949Z","lane":"rt-snapshot","event":"done","step":null,"code":0,"ms":94}
{"ts":"2026-06-27T20:03:50.725Z","lane":"mining","event":"done","step":"enricher","code":0,"ms":24853}
{"ts":"2026-06-27T20:03:50.725Z","lane":"mining","event":"start","step":"weaver","bin":"node","args":["/Volumes/EOS_DIGITAL/KiriPedia/botnet/workers/weaver.mjs","--batch","5"]}
{"ts":"2026-06-27T20:03:55.107Z","lane":"mining","event":"done","step":"weaver","code":0,"ms":4380}
{"ts":"2026-06-27T20:04:07.684Z","lane":"plant","event":"start","step":"scribe-1","bin":"node","args":["/Volumes/EOS_DIGITAL/KiriPedia/botnet/workers/scribe.mjs","--worker","scribe-1","--batch","1"]}
{"ts":"2026-06-27T20:04:07.805Z","lane":"plant","event":"done","step":"scribe-1","code":0,"ms":119}
{"ts":"2026-06-27T20:04:07.805Z","lane":"plant","event":"start","step":"scribe-2","bin":"node","args":["/Volumes/EOS_DIGITAL/KiriPedia/botnet/workers/scribe.mjs","--worker","scribe-2","--batch","1"]}
{"ts":"2026-06-27T20:04:07.883Z","lane":"plant","event":"done","step":"scribe-2","code":0,"ms":76}
{"ts":"2026-06-27T20:04:07.883Z","lane":"plant","event":"start","step":"scribe-3","bin":"node","args":["/Volumes/EOS_DIGITAL/KiriPedia/botnet/workers/scribe.mjs","--worker","scribe-3","--batch","1"]}
{"ts":"2026-06-27T20:04:07.962Z","lane":"plant","event":"done","step":"scribe-3","code":0,"ms":77}
{"ts":"2026-06-27T20:04:27.891Z","lane":"plant2","event":"start","step":"cat-1","bin":"node","args":["/Volumes/EOS_DIGITAL/KiriPedia/botnet/workers/cataloger-editor.mjs","--worker","cataloger-1","--batch","1"]}
{"ts":"2026-06-27T20:04:28.011Z","lane":"plant2","event":"done","step":"cat-1","code":0,"ms":119}
{"ts":"2026-06-27T20:04:28.011Z","lane":"plant2","event":"start","step":"cat-2","bin":"node","args":["/Volumes/EOS_DIGITAL/KiriPedia/botnet/workers/cataloger-editor.mjs","--worker","cataloger-2","--batch","1"]}
{"ts":"2026-06-27T20:04:28.092Z","lane":"plant2","event":"done","step":"cat-2","code":0,"ms":79}
{"ts":"2026-06-27T20:04:33.949Z","lane":"rt-snapshot","event":"start","step":null,"bin":"node","args":["/Volumes/EOS_DIGITAL/KiriPedia/botnet/lib/research-team-snapshot.mjs"]}
{"ts":"2026-06-27T20:04:34.065Z","lane":"rt-snapshot","event":"done","step":null,"code":0,"ms":115}
{"ts":"2026-06-27T20:05:26.645Z","lane":"plant","event":"start","step":"scribe-1","bin":"node","args":["/Volumes/EOS_DIGITAL/KiriPedia/botnet/workers/scribe.mjs","--worker","scribe-1","--batch","1"]}
{"ts":"2026-06-27T20:05:26.764Z","lane":"plant","event":"done","step":"scribe-1","code":0,"ms":118}
{"ts":"2026-06-27T20:05:26.764Z","lane":"plant","event":"start","step":"scribe-2","bin":"node","args":["/Volumes/EOS_DIGITAL/KiriPedia/botnet/workers/scribe.mjs","--worker","scribe-2","--batch","1"]}
{"ts":"2026-06-27T20:05:26.842Z","lane":"plant","event":"done","step":"scribe-2","code":0,"ms":77}
{"ts":"2026-06-27T20:05:26.842Z","lane":"plant","event":"start","step":"scribe-3","bin":"node","args":["/Volumes/EOS_DIGITAL/KiriPedia/botnet/workers/scribe.mjs","--worker","scribe-3","--batch","1"]}
{"ts":"2026-06-27T20:05:26.926Z","lane":"plant","event":"done","step":"scribe-3","code":0,"ms":80}
{"ts":"2026-06-27T20:05:34.066Z","lane":"rt-snapshot","event":"start","step":null,"bin":"node","args":["/Volumes/EOS_DIGITAL/KiriPedia/botnet/lib/research-team-snapshot.mjs"]}
{"ts":"2026-06-27T20:05:34.172Z","lane":"rt-snapshot","event":"done","step":null,"code":0,"ms":106}
{"ts":"2026-06-27T20:06:16.028Z","lane":"plant2","event":"start","step":"cat-1","bin":"node","args":["/Volumes/EOS_DIGITAL/KiriPedia/botnet/workers/cataloger-editor.mjs","--worker","cataloger-1","--batch","1"]}
{"ts":"2026-06-27T20:06:16.150Z","lane":"plant2","event":"done","step":"cat-1","code":0,"ms":120}
{"ts":"2026-06-27T20:06:16.150Z","lane":"plant2","event":"start","step":"cat-2","bin":"node","args":["/Volumes/EOS_DIGITAL/KiriPedia/botnet/workers/cataloger-editor.mjs","--worker","cataloger-2","--batch","1"]}
{"ts":"2026-06-27T20:06:16.229Z","lane":"plant2","event":"done","step":"cat-2","code":0,"ms":78}
{"ts":"2026-06-27T20:06:34.173Z","lane":"rt-snapshot","event":"start","step":null,"bin":"node","args":["/Volumes/EOS_DIGITAL/KiriPedia/botnet/lib/research-team-snapshot.mjs"]}
{"ts":"2026-06-27T20:06:34.307Z","lane":"rt-snapshot","event":"done","step":null,"code":0,"ms":132}
{"ts":"2026-06-27T20:06:54.451Z","lane":"plant","event":"start","step":"scribe-1","bin":"node","args":["/Volumes/EOS_DIGITAL/KiriPedia/botnet/workers/scribe.mjs","--worker","scribe-1","--batch","1"]}
{"ts":"2026-06-27T20:06:54.569Z","lane":"plant","event":"done","step":"scribe-1","code":0,"ms":117}
{"ts":"2026-06-27T20:06:54.569Z","lane":"plant","event":"start","step":"scribe-2","bin":"node","args":["/Volumes/EOS_DIGITAL/KiriPedia/botnet/workers/scribe.mjs","--worker","scribe-2","--batch","1"]}
{"ts":"2026-06-27T20:06:54.650Z","lane":"plant","event":"done","step":"scribe-2","code":0,"ms":77}
{"ts":"2026-06-27T20:06:54.651Z","lane":"plant","event":"start","step":"scribe-3","bin":"node","args":["/Volumes/EOS_DIGITAL/KiriPedia/botnet/workers/scribe.mjs","--worker","scribe-3","--batch","1"]}
{"ts":"2026-06-27T20:06:54.735Z","lane":"plant","event":"done","step":"scribe-3","code":0,"ms":83}
{"ts":"2026-06-27T20:07:33.763Z","lane":"snapshot","event":"start","step":null,"bin":"node","args":["/Volumes/EOS_DIGITAL/KiriPedia/botnet/lib/snapshot-writer.mjs"]}
{"ts":"2026-06-27T20:07:33.890Z","lane":"snapshot","event":"done","step":null,"code":0,"ms":126}
{"ts":"2026-06-27T20:07:34.307Z","lane":"rt-snapshot","event":"start","step":null,"bin":"node","args":["/Volumes/EOS_DIGITAL/KiriPedia/botnet/lib/research-team-snapshot.mjs"]}
{"ts":"2026-06-27T20:07:36.700Z","lane":"rt-snapshot","event":"done","step":null,"code":0,"ms":2392}
{"ts":"2026-06-27T20:07:55.983Z","lane":"reviewer","event":"start","step":null,"bin":"node","args":["/Volumes/EOS_DIGITAL/KiriPedia/botnet/workers/reviewer.mjs"]}
{"ts":"2026-06-27T20:07:56.102Z","lane":"reviewer","event":"done","step":null,"code":0,"ms":118}
{"ts":"2026-06-27T20:08:00.499Z","lane":"plant2","event":"start","step":"cat-1","bin":"node","args":["/Volumes/EOS_DIGITAL/KiriPedia/botnet/workers/cataloger-editor.mjs","--worker","cataloger-1","--batch","1"]}
{"ts":"2026-06-27T20:08:00.643Z","lane":"plant2","event":"done","step":"cat-1","code":0,"ms":142}
{"ts":"2026-06-27T20:08:00.643Z","lane":"plant2","event":"start","step":"cat-2","bin":"node","args":["/Volumes/EOS_DIGITAL/KiriPedia/botnet/workers/cataloger-editor.mjs","--worker","cataloger-2","--batch","1"]}
{"ts":"2026-06-27T20:08:00.728Z","lane":"plant2","event":"done","step":"cat-2","code":0,"ms":84}
{"ts":"2026-06-27T20:08:25.763Z","lane":"plant","event":"start","step":"scribe-1","bin":"node","args":["/Volumes/EOS_DIGITAL/KiriPedia/botnet/workers/scribe.mjs","--worker","scribe-1","--batch","1"]}
{"ts":"2026-06-27T20:08:25.882Z","lane":"plant","event":"done","step":"scribe-1","code":0,"ms":118}
{"ts":"2026-06-27T20:08:25.882Z","lane":"plant","event":"start","step":"scribe-2","bin":"node","args":["/Volumes/EOS_DIGITAL/KiriPedia/botnet/workers/scribe.mjs","--worker","scribe-2","--batch","1"]}
{"ts":"2026-06-27T20:08:25.965Z","lane":"plant","event":"done","step":"scribe-2","code":0,"ms":79}
{"ts":"2026-06-27T20:08:25.965Z","lane":"plant","event":"start","step":"scribe-3","bin":"node","args":["/Volumes/EOS_DIGITAL/KiriPedia/botnet/workers/scribe.mjs","--worker","scribe-3","--batch","1"]}
{"ts":"2026-06-27T20:08:26.046Z","lane":"plant","event":"done","step":"scribe-3","code":0,"ms":79}
{"ts":"2026-06-27T20:08:36.701Z","lane":"rt-snapshot","event":"start","step":null,"bin":"node","args":["/Volumes/EOS_DIGITAL/KiriPedia/botnet/lib/research-team-snapshot.mjs"]}
{"ts":"2026-06-27T20:08:36.818Z","lane":"rt-snapshot","event":"done","step":null,"code":0,"ms":117}
{"ts":"2026-06-27T20:09:11.672Z","lane":"discretion","event":"start","step":null,"bin":"node","args":["/Volumes/EOS_DIGITAL/KiriPedia/botnet/workers/discretion-warden.mjs","--batch","20"]}
{"ts":"2026-06-27T20:09:11.787Z","lane":"discretion","event":"done","step":null,"code":0,"ms":114}
{"ts":"2026-06-27T20:09:36.819Z","lane":"rt-snapshot","event":"start","step":null,"bin":"node","args":["/Volumes/EOS_DIGITAL/KiriPedia/botnet/lib/research-team-snapshot.mjs"]}
{"ts":"2026-06-27T20:09:36.981Z","lane":"rt-snapshot","event":"done","step":null,"code":0,"ms":161}
{"ts":"2026-06-27T20:09:44.990Z","lane":"plant2","event":"start","step":"cat-1","bin":"node","args":["/Volumes/EOS_DIGITAL/KiriPedia/botnet/workers/cataloger-editor.mjs","--worker","cataloger-1","--batch","1"]}
{"ts":"2026-06-27T20:09:45.112Z","lane":"plant2","event":"done","step":"cat-1","code":0,"ms":121}
{"ts":"2026-06-27T20:09:45.112Z","lane":"plant2","event":"start","step":"cat-2","bin":"node","args":["/Volumes/EOS_DIGITAL/KiriPedia/botnet/workers/cataloger-editor.mjs","--worker","cataloger-2","--batch","1"]}
{"ts":"2026-06-27T20:09:45.191Z","lane":"plant2","event":"done","step":"cat-2","code":0,"ms":78}
{"ts":"2026-06-27T20:09:52.138Z","lane":"plant","event":"start","step":"scribe-1","bin":"node","args":["/Volumes/EOS_DIGITAL/KiriPedia/botnet/workers/scribe.mjs","--worker","scribe-1","--batch","1"]}
{"ts":"2026-06-27T20:09:52.265Z","lane":"plant","event":"done","step":"scribe-1","code":0,"ms":127}
{"ts":"2026-06-27T20:09:52.265Z","lane":"plant","event":"start","step":"scribe-2","bin":"node","args":["/Volumes/EOS_DIGITAL/KiriPedia/botnet/workers/scribe.mjs","--worker","scribe-2","--batch","1"]}
{"ts":"2026-06-27T20:09:52.344Z","lane":"plant","event":"done","step":"scribe-2","code":0,"ms":78}
{"ts":"2026-06-27T20:09:52.344Z","lane":"plant","event":"start","step":"scribe-3","bin":"node","args":["/Volumes/EOS_DIGITAL/KiriPedia/botnet/workers/scribe.mjs","--worker","scribe-3","--batch","1"]}
{"ts":"2026-06-27T20:09:52.426Z","lane":"plant","event":"done","step":"scribe-3","code":0,"ms":77}
{"ts":"2026-06-27T20:10:01.490Z","lane":"splitter","event":"start","step":null,"bin":"node","args":["/Volumes/EOS_DIGITAL/KiriPedia/botnet/workers/first-third-splitter.mjs","--batch","30"]}
{"ts":"2026-06-27T20:10:01.603Z","lane":"splitter","event":"done","step":null,"code":0,"ms":112}
{"ts":"2026-06-27T20:10:36.983Z","lane":"rt-snapshot","event":"start","step":null,"bin":"node","args":["/Volumes/EOS_DIGITAL/KiriPedia/botnet/lib/research-team-snapshot.mjs"]}
{"ts":"2026-06-27T20:10:37.115Z","lane":"rt-snapshot","event":"done","step":null,"code":0,"ms":132}
{"ts":"2026-06-27T20:11:21.251Z","lane":"plant","event":"start","step":"scribe-1","bin":"node","args":["/Volumes/EOS_DIGITAL/KiriPedia/botnet/workers/scribe.mjs","--worker","scribe-1","--batch","1"]}
{"ts":"2026-06-27T20:11:21.374Z","lane":"plant","event":"done","step":"scribe-1","code":0,"ms":122}
{"ts":"2026-06-27T20:11:21.375Z","lane":"plant","event":"start","step":"scribe-2","bin":"node","args":["/Volumes/EOS_DIGITAL/KiriPedia/botnet/workers/scribe.mjs","--worker","scribe-2","--batch","1"]}
{"ts":"2026-06-27T20:11:21.453Z","lane":"plant","event":"done","step":"scribe-2","code":0,"ms":77}
{"ts":"2026-06-27T20:11:21.453Z","lane":"plant","event":"start","step":"scribe-3","bin":"node","args":["/Volumes/EOS_DIGITAL/KiriPedia/botnet/workers/scribe.mjs","--worker","scribe-3","--batch","1"]}
{"ts":"2026-06-27T20:11:21.530Z","lane":"plant","event":"done","step":"scribe-3","code":0,"ms":76}
{"ts":"2026-06-27T20:11:35.154Z","lane":"plant2","event":"start","step":"cat-1","bin":"node","args":["/Volumes/EOS_DIGITAL/KiriPedia/botnet/workers/cataloger-editor.mjs","--worker","cataloger-1","--batch","1"]}
{"ts":"2026-06-27T20:11:35.276Z","lane":"plant2","event":"done","step":"cat-1","code":0,"ms":121}
{"ts":"2026-06-27T20:11:35.276Z","lane":"plant2","event":"start","step":"cat-2","bin":"node","args":["/Volumes/EOS_DIGITAL/KiriPedia/botnet/workers/cataloger-editor.mjs","--worker","cataloger-2","--batch","1"]}
{"ts":"2026-06-27T20:11:35.358Z","lane":"plant2","event":"done","step":"cat-2","code":0,"ms":78}
{"ts":"2026-06-27T20:11:37.118Z","lane":"rt-snapshot","event":"start","step":null,"bin":"node","args":["/Volumes/EOS_DIGITAL/KiriPedia/botnet/lib/research-team-snapshot.mjs"]}
{"ts":"2026-06-27T20:11:37.252Z","lane":"rt-snapshot","event":"done","step":null,"code":0,"ms":133}
{"ts":"2026-06-27T20:12:05.065Z","lane":"office","event":"start","step":null,"bin":"node","args":["/Volumes/EOS_DIGITAL/KiriPedia/botnet/workers/office-manager.mjs"]}
{"ts":"2026-06-27T20:12:07.011Z","lane":"office","event":"done","step":null,"code":0,"ms":1944}
{"ts":"2026-06-27T20:12:29.613Z","lane":"triage","event":"start","step":null,"bin":"node","args":["/Volumes/EOS_DIGITAL/KiriPedia/botnet/workers/npp.mjs"]}
{"ts":"2026-06-27T20:12:29.736Z","lane":"triage","event":"done","step":null,"code":0,"ms":122}
{"ts":"2026-06-27T20:12:30.107Z","lane":"catch-import","event":"start","step":null,"bin":"node","args":["/Volumes/EOS_DIGITAL/KiriPedia/botnet/workers/catch-importer.mjs","--auto-trust"]}
{"ts":"2026-06-27T20:12:30.253Z","lane":"catch-import","event":"done","step":null,"code":0,"ms":145}
{"ts":"2026-06-27T20:12:33.890Z","lane":"snapshot","event":"start","step":null,"bin":"node","args":["/Volumes/EOS_DIGITAL/KiriPedia/botnet/lib/snapshot-writer.mjs"]}
{"ts":"2026-06-27T20:12:33.996Z","lane":"snapshot","event":"done","step":null,"code":0,"ms":105}
{"ts":"2026-06-27T20:12:37.254Z","lane":"rt-snapshot","event":"start","step":null,"bin":"node","args":["/Volumes/EOS_DIGITAL/KiriPedia/botnet/lib/research-team-snapshot.mjs"]}
{"ts":"2026-06-27T20:12:37.389Z","lane":"rt-snapshot","event":"done","step":null,"code":0,"ms":134}
{"ts":"2026-06-27T20:12:47.272Z","lane":"reviewer","event":"start","step":null,"bin":"node","args":["/Volumes/EOS_DIGITAL/KiriPedia/botnet/workers/reviewer.mjs"]}
{"ts":"2026-06-27T20:12:47.399Z","lane":"reviewer","event":"done","step":null,"code":0,"ms":126}
{"ts":"2026-06-27T20:12:55.771Z","lane":"plant","event":"start","step":"scribe-1","bin":"node","args":["/Volumes/EOS_DIGITAL/KiriPedia/botnet/workers/scribe.mjs","--worker","scribe-1","--batch","1"]}
{"ts":"2026-06-27T20:12:55.905Z","lane":"plant","event":"done","step":"scribe-1","code":0,"ms":132}
{"ts":"2026-06-27T20:12:55.905Z","lane":"plant","event":"start","step":"scribe-2","bin":"node","args":["/Volumes/EOS_DIGITAL/KiriPedia/botnet/workers/scribe.mjs","--worker","scribe-2","--batch","1"]}
{"ts":"2026-06-27T20:12:55.988Z","lane":"plant","event":"done","step":"scribe-2","code":0,"ms":82}
{"ts":"2026-06-27T20:12:55.988Z","lane":"plant","event":"start","step":"scribe-3","bin":"node","args":["/Volumes/EOS_DIGITAL/KiriPedia/botnet/workers/scribe.mjs","--worker","scribe-3","--batch","1"]}
{"ts":"2026-06-27T20:12:56.075Z","lane":"plant","event":"done","step":"scribe-3","code":0,"ms":84}
{"ts":"2026-06-27T20:13:07.595Z","lane":"triage-patroller","event":"start","step":null,"bin":"node","args":["/Volumes/EOS_DIGITAL/KiriPedia/botnet/workers/triage-patroller.mjs","--per-role","25"]}
{"ts":"2026-06-27T20:13:09.898Z","lane":"triage-patroller","event":"done","step":null,"code":0,"ms":2302}
{"ts":"2026-06-27T20:13:22.033Z","lane":"plant2","event":"start","step":"cat-1","bin":"node","args":["/Volumes/EOS_DIGITAL/KiriPedia/botnet/workers/cataloger-editor.mjs","--worker","cataloger-1","--batch","1"]}
{"ts":"2026-06-27T20:13:22.154Z","lane":"plant2","event":"done","step":"cat-1","code":0,"ms":120}
{"ts":"2026-06-27T20:13:22.154Z","lane":"plant2","event":"start","step":"cat-2","bin":"node","args":["/Volumes/EOS_DIGITAL/KiriPedia/botnet/workers/cataloger-editor.mjs","--worker","cataloger-2","--batch","1"]}
{"ts":"2026-06-27T20:13:22.234Z","lane":"plant2","event":"done","step":"cat-2","code":0,"ms":77}
{"ts":"2026-06-27T20:13:37.391Z","lane":"rt-snapshot","event":"start","step":null,"bin":"node","args":["/Volumes/EOS_DIGITAL/KiriPedia/botnet/lib/research-team-snapshot.mjs"]}
{"ts":"2026-06-27T20:13:37.527Z","lane":"rt-snapshot","event":"done","step":null,"code":0,"ms":134}
{"ts":"2026-06-27T20:14:14.738Z","lane":"plant","event":"start","step":"scribe-1","bin":"node","args":["/Volumes/EOS_DIGITAL/KiriPedia/botnet/workers/scribe.mjs","--worker","scribe-1","--batch","1"]}
{"ts":"2026-06-27T20:14:14.858Z","lane":"plant","event":"done","step":"scribe-1","code":0,"ms":118}
{"ts":"2026-06-27T20:14:14.858Z","lane":"plant","event":"start","step":"scribe-2","bin":"node","args":["/Volumes/EOS_DIGITAL/KiriPedia/botnet/workers/scribe.mjs","--worker","scribe-2","--batch","1"]}
{"ts":"2026-06-27T20:14:14.940Z","lane":"plant","event":"done","step":"scribe-2","code":0,"ms":79}
{"ts":"2026-06-27T20:14:14.940Z","lane":"plant","event":"start","step":"scribe-3","bin":"node","args":["/Volumes/EOS_DIGITAL/KiriPedia/botnet/workers/scribe.mjs","--worker","scribe-3","--batch","1"]}
{"ts":"2026-06-27T20:14:15.023Z","lane":"plant","event":"done","step":"scribe-3","code":0,"ms":78}
{"ts":"2026-06-27T20:14:37.530Z","lane":"rt-snapshot","event":"start","step":null,"bin":"node","args":["/Volumes/EOS_DIGITAL/KiriPedia/botnet/lib/research-team-snapshot.mjs"]}
{"ts":"2026-06-27T20:14:37.668Z","lane":"rt-snapshot","event":"done","step":null,"code":0,"ms":136}
{"ts":"2026-06-27T20:15:11.598Z","lane":"plant2","event":"start","step":"cat-1","bin":"node","args":["/Volumes/EOS_DIGITAL/KiriPedia/botnet/workers/cataloger-editor.mjs","--worker","cataloger-1","--batch","1"]}
{"ts":"2026-06-27T20:15:14.383Z","lane":"plant2","event":"done","step":"cat-1","code":0,"ms":261}
{"ts":"2026-06-27T20:15:14.383Z","lane":"plant2","event":"start","step":"cat-2","bin":"node","args":["/Volumes/EOS_DIGITAL/KiriPedia/botnet/workers/cataloger-editor.mjs","--worker","cataloger-2","--batch","1"]}
{"ts":"2026-06-27T20:15:14.949Z","lane":"plant2","event":"done","step":"cat-2","code":0,"ms":435}
{"ts":"2026-06-27T20:15:37.671Z","lane":"rt-snapshot","event":"start","step":null,"bin":"node","args":["/Volumes/EOS_DIGITAL/KiriPedia/botnet/lib/research-team-snapshot.mjs"]}
{"ts":"2026-06-27T20:15:40.174Z","lane":"rt-snapshot","event":"done","step":null,"code":0,"ms":2501}
{"ts":"2026-06-27T20:15:55.857Z","lane":"plant","event":"start","step":"scribe-1","bin":"node","args":["/Volumes/EOS_DIGITAL/KiriPedia/botnet/workers/scribe.mjs","--worker","scribe-1","--batch","1"]}
{"ts":"2026-06-27T20:15:56.216Z","lane":"plant","event":"done","step":"scribe-1","code":0,"ms":356}
{"ts":"2026-06-27T20:15:56.216Z","lane":"plant","event":"start","step":"scribe-2","bin":"node","args":["/Volumes/EOS_DIGITAL/KiriPedia/botnet/workers/scribe.mjs","--worker","scribe-2","--batch","1"]}
{"ts":"2026-06-27T20:15:56.758Z","lane":"plant","event":"done","step":"scribe-2","code":0,"ms":406}
{"ts":"2026-06-27T20:15:56.758Z","lane":"plant","event":"start","step":"scribe-3","bin":"node","args":["/Volumes/EOS_DIGITAL/KiriPedia/botnet/workers/scribe.mjs","--worker","scribe-3","--batch","1"]}
{"ts":"2026-06-27T20:15:57.301Z","lane":"plant","event":"done","step":"scribe-3","code":0,"ms":410}
{"ts":"2026-06-27T20:16:20.562Z","lane":"discretion","event":"start","step":null,"bin":"node","args":["/Volumes/EOS_DIGITAL/KiriPedia/botnet/workers/discretion-warden.mjs","--batch","20"]}
{"ts":"2026-06-27T20:16:20.857Z","lane":"discretion","event":"done","step":null,"code":0,"ms":294}
{"ts":"2026-06-27T20:16:40.174Z","lane":"rt-snapshot","event":"start","step":null,"bin":"node","args":["/Volumes/EOS_DIGITAL/KiriPedia/botnet/lib/research-team-snapshot.mjs"]}
{"ts":"2026-06-27T20:16:40.801Z","lane":"rt-snapshot","event":"done","step":null,"code":0,"ms":627}
{"ts":"2026-06-27T20:17:07.410Z","lane":"coord","event":"start","step":null,"bin":"node","args":["/Volumes/EOS_DIGITAL/KiriPedia/botnet/workers/coordinator.mjs"]}
{"ts":"2026-06-27T20:17:07.538Z","lane":"coord","event":"done","step":null,"code":0,"ms":126}
{"ts":"2026-06-27T20:17:13.024Z","lane":"plant2","event":"start","step":"cat-1","bin":"node","args":["/Volumes/EOS_DIGITAL/KiriPedia/botnet/workers/cataloger-editor.mjs","--worker","cataloger-1","--batch","1"]}
{"ts":"2026-06-27T20:17:13.202Z","lane":"plant2","event":"done","step":"cat-1","code":0,"ms":177}
{"ts":"2026-06-27T20:17:13.202Z","lane":"plant2","event":"start","step":"cat-2","bin":"node","args":["/Volumes/EOS_DIGITAL/KiriPedia/botnet/workers/cataloger-editor.mjs","--worker","cataloger-2","--batch","1"]}
{"ts":"2026-06-27T20:17:13.298Z","lane":"plant2","event":"done","step":"cat-2","code":0,"ms":86}
{"ts":"2026-06-27T20:17:19.769Z","lane":"splitter","event":"start","step":null,"bin":"node","args":["/Volumes/EOS_DIGITAL/KiriPedia/botnet/workers/first-third-splitter.mjs","--batch","30"]}
{"ts":"2026-06-27T20:17:19.892Z","lane":"splitter","event":"done","step":null,"code":0,"ms":121}
{"ts":"2026-06-27T20:17:28.716Z","lane":"plant","event":"start","step":"scribe-1","bin":"node","args":["/Volumes/EOS_DIGITAL/KiriPedia/botnet/workers/scribe.mjs","--worker","scribe-1","--batch","1"]}
{"ts":"2026-06-27T20:17:28.885Z","lane":"plant","event":"done","step":"scribe-1","code":0,"ms":167}
{"ts":"2026-06-27T20:17:28.885Z","lane":"plant","event":"start","step":"scribe-2","bin":"node","args":["/Volumes/EOS_DIGITAL/KiriPedia/botnet/workers/scribe.mjs","--worker","scribe-2","--batch","1"]}
{"ts":"2026-06-27T20:17:28.985Z","lane":"plant","event":"done","step":"scribe-2","code":0,"ms":91}
{"ts":"2026-06-27T20:17:28.986Z","lane":"plant","event":"start","step":"scribe-3","bin":"node","args":["/Volumes/EOS_DIGITAL/KiriPedia/botnet/workers/scribe.mjs","--worker","scribe-3","--batch","1"]}
{"ts":"2026-06-27T20:17:29.080Z","lane":"plant","event":"done","step":"scribe-3","code":0,"ms":85}
{"ts":"2026-06-27T20:17:33.996Z","lane":"snapshot","event":"start","step":null,"bin":"node","args":["/Volumes/EOS_DIGITAL/KiriPedia/botnet/lib/snapshot-writer.mjs"]}
{"ts":"2026-06-27T20:17:34.138Z","lane":"snapshot","event":"done","step":null,"code":0,"ms":140}
{"ts":"2026-06-27T20:17:40.803Z","lane":"rt-snapshot","event":"start","step":null,"bin":"node","args":["/Volumes/EOS_DIGITAL/KiriPedia/botnet/lib/research-team-snapshot.mjs"]}
{"ts":"2026-06-27T20:17:40.971Z","lane":"rt-snapshot","event":"done","step":null,"code":0,"ms":167}
{"ts":"2026-06-27T20:17:55.407Z","lane":"reviewer","event":"start","step":null,"bin":"node","args":["/Volumes/EOS_DIGITAL/KiriPedia/botnet/workers/reviewer.mjs"]}
{"ts":"2026-06-27T20:17:55.548Z","lane":"reviewer","event":"done","step":null,"code":0,"ms":140}
{"ts":"2026-06-27T20:18:40.973Z","lane":"rt-snapshot","event":"start","step":null,"bin":"node","args":["/Volumes/EOS_DIGITAL/KiriPedia/botnet/lib/research-team-snapshot.mjs"]}
{"ts":"2026-06-27T20:18:41.111Z","lane":"rt-snapshot","event":"done","step":null,"code":0,"ms":137}
{"ts":"2026-06-27T20:19:13.179Z","lane":"plant","event":"start","step":"scribe-1","bin":"node","args":["/Volumes/EOS_DIGITAL/KiriPedia/botnet/workers/scribe.mjs","--worker","scribe-1","--batch","1"]}
{"ts":"2026-06-27T20:19:13.293Z","lane":"plant","event":"done","step":"scribe-1","code":0,"ms":114}
{"ts":"2026-06-27T20:19:13.293Z","lane":"plant","event":"start","step":"scribe-2","bin":"node","args":["/Volumes/EOS_DIGITAL/KiriPedia/botnet/workers/scribe.mjs","--worker","scribe-2","--batch","1"]}
{"ts":"2026-06-27T20:19:13.381Z","lane":"plant","event":"done","step":"scribe-2","code":0,"ms":81}
{"ts":"2026-06-27T20:19:13.381Z","lane":"plant","event":"start","step":"scribe-3","bin":"node","args":["/Volumes/EOS_DIGITAL/KiriPedia/botnet/workers/scribe.mjs","--worker","scribe-3","--batch","1"]}
{"ts":"2026-06-27T20:19:13.467Z","lane":"plant","event":"done","step":"scribe-3","code":0,"ms":79}
{"ts":"2026-06-27T20:19:31.911Z","lane":"plant2","event":"start","step":"cat-1","bin":"node","args":["/Volumes/EOS_DIGITAL/KiriPedia/botnet/workers/cataloger-editor.mjs","--worker","cataloger-1","--batch","1"]}
{"ts":"2026-06-27T20:19:32.032Z","lane":"plant2","event":"done","step":"cat-1","code":0,"ms":119}
{"ts":"2026-06-27T20:19:32.032Z","lane":"plant2","event":"start","step":"cat-2","bin":"node","args":["/Volumes/EOS_DIGITAL/KiriPedia/botnet/workers/cataloger-editor.mjs","--worker","cataloger-2","--batch","1"]}
{"ts":"2026-06-27T20:19:32.117Z","lane":"plant2","event":"done","step":"cat-2","code":0,"ms":80}
{"ts":"2026-06-27T20:19:41.101Z","lane":"rt-snapshot","event":"start","step":null,"bin":"node","args":["/Volumes/EOS_DIGITAL/KiriPedia/botnet/lib/research-team-snapshot.mjs"]}
{"ts":"2026-06-27T20:19:41.236Z","lane":"rt-snapshot","event":"done","step":null,"code":0,"ms":134}
{"ts":"2026-06-27T20:20:41.235Z","lane":"rt-snapshot","event":"start","step":null,"bin":"node","args":["/Volumes/EOS_DIGITAL/KiriPedia/botnet/lib/research-team-snapshot.mjs"]}
{"ts":"2026-06-27T20:20:41.602Z","lane":"rt-snapshot","event":"done","step":null,"code":0,"ms":365}
{"ts":"2026-06-27T20:20:50.575Z","lane":"plant","event":"start","step":"scribe-1","bin":"node","args":["/Volumes/EOS_DIGITAL/KiriPedia/botnet/workers/scribe.mjs","--worker","scribe-1","--batch","1"]}
{"ts":"2026-06-27T20:20:50.729Z","lane":"plant","event":"done","step":"scribe-1","code":0,"ms":151}
{"ts":"2026-06-27T20:20:50.729Z","lane":"plant","event":"start","step":"scribe-2","bin":"node","args":["/Volumes/EOS_DIGITAL/KiriPedia/botnet/workers/scribe.mjs","--worker","scribe-2","--batch","1"]}
{"ts":"2026-06-27T20:20:50.807Z","lane":"plant","event":"done","step":"scribe-2","code":0,"ms":77}
{"ts":"2026-06-27T20:20:50.807Z","lane":"plant","event":"start","step":"scribe-3","bin":"node","args":["/Volumes/EOS_DIGITAL/KiriPedia/botnet/workers/scribe.mjs","--worker","scribe-3","--batch","1"]}
{"ts":"2026-06-27T20:20:50.885Z","lane":"plant","event":"done","step":"scribe-3","code":0,"ms":76}
{"ts":"2026-06-27T20:21:37.369Z","lane":"office","event":"start","step":null,"bin":"node","args":["/Volumes/EOS_DIGITAL/KiriPedia/botnet/workers/office-manager.mjs"]}
{"ts":"2026-06-27T20:21:39.054Z","lane":"office","event":"done","step":null,"code":0,"ms":1683}
{"ts":"2026-06-27T20:21:41.603Z","lane":"rt-snapshot","event":"start","step":null,"bin":"node","args":["/Volumes/EOS_DIGITAL/KiriPedia/botnet/lib/research-team-snapshot.mjs"]}
{"ts":"2026-06-27T20:21:41.871Z","lane":"rt-snapshot","event":"done","step":null,"code":0,"ms":266}
{"ts":"2026-06-27T20:21:44.848Z","lane":"plant2","event":"start","step":"cat-1","bin":"node","args":["/Volumes/EOS_DIGITAL/KiriPedia/botnet/workers/cataloger-editor.mjs","--worker","cataloger-1","--batch","1"]}
{"ts":"2026-06-27T20:21:44.998Z","lane":"plant2","event":"done","step":"cat-1","code":0,"ms":149}
{"ts":"2026-06-27T20:21:44.998Z","lane":"plant2","event":"start","step":"cat-2","bin":"node","args":["/Volumes/EOS_DIGITAL/KiriPedia/botnet/workers/cataloger-editor.mjs","--worker","cataloger-2","--batch","1"]}
{"ts":"2026-06-27T20:21:45.078Z","lane":"plant2","event":"done","step":"cat-2","code":0,"ms":79}
{"ts":"2026-06-27T20:22:03.147Z","lane":"re-reader","event":"start","step":null,"bin":"node","args":["/Volumes/EOS_DIGITAL/KiriPedia/botnet/workers/re-reader.mjs","--worker","re-reader-1","--batch","2"]}
{"ts":"2026-06-27T20:22:19.010Z","lane":"re-reader","event":"done","step":null,"code":0,"ms":15862}
{"ts":"2026-06-27T20:22:19.707Z","lane":"plant","event":"start","step":"scribe-1","bin":"node","args":["/Volumes/EOS_DIGITAL/KiriPedia/botnet/workers/scribe.mjs","--worker","scribe-1","--batch","1"]}
{"ts":"2026-06-27T20:22:19.830Z","lane":"plant","event":"done","step":"scribe-1","code":0,"ms":122}
{"ts":"2026-06-27T20:22:19.830Z","lane":"plant","event":"start","step":"scribe-2","bin":"node","args":["/Volumes/EOS_DIGITAL/KiriPedia/botnet/workers/scribe.mjs","--worker","scribe-2","--batch","1"]}
{"ts":"2026-06-27T20:22:19.912Z","lane":"plant","event":"done","step":"scribe-2","code":0,"ms":76}
{"ts":"2026-06-27T20:22:19.912Z","lane":"plant","event":"start","step":"scribe-3","bin":"node","args":["/Volumes/EOS_DIGITAL/KiriPedia/botnet/workers/scribe.mjs","--worker","scribe-3","--batch","1"]}
{"ts":"2026-06-27T20:22:19.999Z","lane":"plant","event":"done","step":"scribe-3","code":0,"ms":84}
{"ts":"2026-06-27T20:22:32.142Z","lane":"reviewer","event":"start","step":null,"bin":"node","args":["/Volumes/EOS_DIGITAL/KiriPedia/botnet/workers/reviewer.mjs"]}
{"ts":"2026-06-27T20:22:32.265Z","lane":"reviewer","event":"done","step":null,"code":0,"ms":121}
{"ts":"2026-06-27T20:22:33.205Z","lane":"trawler","event":"done","step":null,"code":-1,"ms":1199983,"stderr":"[trawler:youtube] Run 1/4 for 2026-06-27.\n"}
{"ts":"2026-06-27T20:22:33.206Z","lane":"trawler","event":"backoff","ms":30000}
{"ts":"2026-06-27T20:22:34.060Z","lane":"triage-patroller","event":"start","step":null,"bin":"node","args":["/Volumes/EOS_DIGITAL/KiriPedia/botnet/workers/triage-patroller.mjs","--per-role","25"]}
{"ts":"2026-06-27T20:22:34.120Z","lane":"snapshot","event":"start","step":null,"bin":"node","args":["/Volumes/EOS_DIGITAL/KiriPedia/botnet/lib/snapshot-writer.mjs"]}
{"ts":"2026-06-27T20:22:34.201Z","lane":"snapshot","event":"done","step":null,"code":0,"ms":81}
{"ts":"2026-06-27T20:22:36.999Z","lane":"triage-patroller","event":"done","step":null,"code":0,"ms":2937}
{"ts":"2026-06-27T20:22:41.702Z","lane":"catch-import","event":"start","step":null,"bin":"node","args":["/Volumes/EOS_DIGITAL/KiriPedia/botnet/workers/catch-importer.mjs","--auto-trust"]}
{"ts":"2026-06-27T20:22:41.830Z","lane":"catch-import","event":"done","step":null,"code":0,"ms":127}
{"ts":"2026-06-27T20:22:41.873Z","lane":"rt-snapshot","event":"start","step":null,"bin":"node","args":["/Volumes/EOS_DIGITAL/KiriPedia/botnet/lib/research-team-snapshot.mjs"]}
{"ts":"2026-06-27T20:22:41.970Z","lane":"rt-snapshot","event":"done","step":null,"code":0,"ms":97}
{"ts":"2026-06-27T20:23:03.209Z","lane":"trawler","event":"start","step":null,"bin":"node","args":["/Volumes/EOS_DIGITAL/KiriPedia/fleet/trawlers/youtube.mjs"]}
{"ts":"2026-06-27T20:23:04.483Z","lane":"discretion","event":"start","step":null,"bin":"node","args":["/Volumes/EOS_DIGITAL/KiriPedia/botnet/workers/discretion-warden.mjs","--batch","20"]}
{"ts":"2026-06-27T20:23:04.691Z","lane":"discretion","event":"done","step":null,"code":0,"ms":205}
{"ts":"2026-06-27T20:23:26.565Z","lane":"triage","event":"start","step":null,"bin":"node","args":["/Volumes/EOS_DIGITAL/KiriPedia/botnet/workers/npp.mjs"]}
{"ts":"2026-06-27T20:23:26.770Z","lane":"triage","event":"done","step":null,"code":0,"ms":202}
{"ts":"2026-06-27T20:23:41.802Z","lane":"plant2","event":"start","step":"cat-1","bin":"node","args":["/Volumes/EOS_DIGITAL/KiriPedia/botnet/workers/cataloger-editor.mjs","--worker","cataloger-1","--batch","1"]}
{"ts":"2026-06-27T20:23:41.928Z","lane":"plant2","event":"done","step":"cat-1","code":0,"ms":125}
{"ts":"2026-06-27T20:23:41.928Z","lane":"plant2","event":"start","step":"cat-2","bin":"node","args":["/Volumes/EOS_DIGITAL/KiriPedia/botnet/workers/cataloger-editor.mjs","--worker","cataloger-2","--batch","1"]}
{"ts":"2026-06-27T20:23:41.970Z","lane":"rt-snapshot","event":"start","step":null,"bin":"node","args":["/Volumes/EOS_DIGITAL/KiriPedia/botnet/lib/research-team-snapshot.mjs"]}
{"ts":"2026-06-27T20:23:42.009Z","lane":"plant2","event":"done","step":"cat-2","code":0,"ms":80}
{"ts":"2026-06-27T20:23:42.100Z","lane":"rt-snapshot","event":"done","step":null,"code":0,"ms":129}
{"ts":"2026-06-27T20:23:56.765Z","lane":"plant","event":"start","step":"scribe-1","bin":"node","args":["/Volumes/EOS_DIGITAL/KiriPedia/botnet/workers/scribe.mjs","--worker","scribe-1","--batch","1"]}
{"ts":"2026-06-27T20:23:56.885Z","lane":"plant","event":"done","step":"scribe-1","code":0,"ms":118}
{"ts":"2026-06-27T20:23:56.885Z","lane":"plant","event":"start","step":"scribe-2","bin":"node","args":["/Volumes/EOS_DIGITAL/KiriPedia/botnet/workers/scribe.mjs","--worker","scribe-2","--batch","1"]}
{"ts":"2026-06-27T20:23:56.972Z","lane":"plant","event":"done","step":"scribe-2","code":0,"ms":84}
{"ts":"2026-06-27T20:23:56.972Z","lane":"plant","event":"start","step":"scribe-3","bin":"node","args":["/Volumes/EOS_DIGITAL/KiriPedia/botnet/workers/scribe.mjs","--worker","scribe-3","--batch","1"]}
{"ts":"2026-06-27T20:23:57.055Z","lane":"plant","event":"done","step":"scribe-3","code":0,"ms":81}
{"ts":"2026-06-27T20:24:21.000Z","lane":"splitter","event":"start","step":null,"bin":"node","args":["/Volumes/EOS_DIGITAL/KiriPedia/botnet/workers/first-third-splitter.mjs","--batch","30"]}
{"ts":"2026-06-27T20:24:21.116Z","lane":"splitter","event":"done","step":null,"code":0,"ms":115}
{"ts":"2026-06-27T20:24:42.101Z","lane":"rt-snapshot","event":"start","step":null,"bin":"node","args":["/Volumes/EOS_DIGITAL/KiriPedia/botnet/lib/research-team-snapshot.mjs"]}
{"ts":"2026-06-27T20:24:42.242Z","lane":"rt-snapshot","event":"done","step":null,"code":0,"ms":140}
{"ts":"2026-06-27T20:25:37.090Z","lane":"mining","event":"start","step":"deepener","bin":"node","args":["/Volumes/EOS_DIGITAL/KiriPedia/botnet/workers/deepener.mjs","--batch","5"]}
{"ts":"2026-06-27T20:25:40.710Z","lane":"plant2","event":"start","step":"cat-1","bin":"node","args":["/Volumes/EOS_DIGITAL/KiriPedia/botnet/workers/cataloger-editor.mjs","--worker","cataloger-1","--batch","1"]}
{"ts":"2026-06-27T20:25:40.788Z","lane":"plant2","event":"done","step":"cat-1","code":0,"ms":78}
{"ts":"2026-06-27T20:25:40.788Z","lane":"plant2","event":"start","step":"cat-2","bin":"node","args":["/Volumes/EOS_DIGITAL/KiriPedia/botnet/workers/cataloger-editor.mjs","--worker","cataloger-2","--batch","1"]}
{"ts":"2026-06-27T20:25:40.868Z","lane":"plant2","event":"done","step":"cat-2","code":0,"ms":76}
{"ts":"2026-06-27T20:25:41.185Z","lane":"plant","event":"start","step":"scribe-1","bin":"node","args":["/Volumes/EOS_DIGITAL/KiriPedia/botnet/workers/scribe.mjs","--worker","scribe-1","--batch","1"]}
{"ts":"2026-06-27T20:25:41.264Z","lane":"plant","event":"done","step":"scribe-1","code":0,"ms":78}
{"ts":"2026-06-27T20:25:41.264Z","lane":"plant","event":"start","step":"scribe-2","bin":"node","args":["/Volumes/EOS_DIGITAL/KiriPedia/botnet/workers/scribe.mjs","--worker","scribe-2","--batch","1"]}
{"ts":"2026-06-27T20:25:41.341Z","lane":"plant","event":"done","step":"scribe-2","code":0,"ms":75}
{"ts":"2026-06-27T20:25:41.341Z","lane":"plant","event":"start","step":"scribe-3","bin":"node","args":["/Volumes/EOS_DIGITAL/KiriPedia/botnet/workers/scribe.mjs","--worker","scribe-3","--batch","1"]}
{"ts":"2026-06-27T20:25:41.418Z","lane":"plant","event":"done","step":"scribe-3","code":0,"ms":75}
{"ts":"2026-06-27T20:25:42.243Z","lane":"rt-snapshot","event":"start","step":null,"bin":"node","args":["/Volumes/EOS_DIGITAL/KiriPedia/botnet/lib/research-team-snapshot.mjs"]}
{"ts":"2026-06-27T20:25:42.332Z","lane":"rt-snapshot","event":"done","step":null,"code":0,"ms":89}
{"ts":"2026-06-27T20:26:27.302Z","lane":"mining","event":"done","step":"deepener","code":0,"ms":50212}
{"ts":"2026-06-27T20:26:27.302Z","lane":"mining","event":"start","step":"enricher","bin":"node","args":["/Volumes/EOS_DIGITAL/KiriPedia/botnet/workers/enricher.mjs","--batch","5"]}
{"ts":"2026-06-27T20:26:42.333Z","lane":"rt-snapshot","event":"start","step":null,"bin":"node","args":["/Volumes/EOS_DIGITAL/KiriPedia/botnet/lib/research-team-snapshot.mjs"]}
{"ts":"2026-06-27T20:26:42.424Z","lane":"rt-snapshot","event":"done","step":null,"code":0,"ms":91}
{"ts":"2026-06-27T20:26:51.312Z","lane":"mining","event":"done","step":"enricher","code":0,"ms":24005}
{"ts":"2026-06-27T20:26:51.313Z","lane":"mining","event":"start","step":"weaver","bin":"node","args":["/Volumes/EOS_DIGITAL/KiriPedia/botnet/workers/weaver.mjs","--batch","5"]}
{"ts":"2026-06-27T20:26:54.781Z","lane":"mining","event":"done","step":"weaver","code":0,"ms":3465}
{"ts":"2026-06-27T20:27:03.725Z","lane":"plant","event":"start","step":"scribe-1","bin":"node","args":["/Volumes/EOS_DIGITAL/KiriPedia/botnet/workers/scribe.mjs","--worker","scribe-1","--batch","1"]}
{"ts":"2026-06-27T20:27:03.846Z","lane":"plant","event":"done","step":"scribe-1","code":0,"ms":119}
{"ts":"2026-06-27T20:27:03.846Z","lane":"plant","event":"start","step":"scribe-2","bin":"node","args":["/Volumes/EOS_DIGITAL/KiriPedia/botnet/workers/scribe.mjs","--worker","scribe-2","--batch","1"]}
{"ts":"2026-06-27T20:27:03.929Z","lane":"plant","event":"done","step":"scribe-2","code":0,"ms":79}
{"ts":"2026-06-27T20:27:03.929Z","lane":"plant","event":"start","step":"scribe-3","bin":"node","args":["/Volumes/EOS_DIGITAL/KiriPedia/botnet/workers/scribe.mjs","--worker","scribe-3","--batch","1"]}
{"ts":"2026-06-27T20:27:04.013Z","lane":"plant","event":"done","step":"scribe-3","code":0,"ms":82}
{"ts":"2026-06-27T20:27:33.785Z","lane":"reviewer","event":"start","step":null,"bin":"node","args":["/Volumes/EOS_DIGITAL/KiriPedia/botnet/workers/reviewer.mjs"]}
{"ts":"2026-06-27T20:27:33.907Z","lane":"reviewer","event":"done","step":null,"code":0,"ms":120}
{"ts":"2026-06-27T20:27:34.199Z","lane":"snapshot","event":"start","step":null,"bin":"node","args":["/Volumes/EOS_DIGITAL/KiriPedia/botnet/lib/snapshot-writer.mjs"]}
{"ts":"2026-06-27T20:27:34.338Z","lane":"snapshot","event":"done","step":null,"code":0,"ms":138}
{"ts":"2026-06-27T20:27:42.425Z","lane":"rt-snapshot","event":"start","step":null,"bin":"node","args":["/Volumes/EOS_DIGITAL/KiriPedia/botnet/lib/research-team-snapshot.mjs"]}
{"ts":"2026-06-27T20:27:42.562Z","lane":"rt-snapshot","event":"done","step":null,"code":0,"ms":135}
{"ts":"2026-06-27T20:27:52.765Z","lane":"plant2","event":"start","step":"cat-1","bin":"node","args":["/Volumes/EOS_DIGITAL/KiriPedia/botnet/workers/cataloger-editor.mjs","--worker","cataloger-1","--batch","1"]}
{"ts":"2026-06-27T20:27:52.855Z","lane":"plant2","event":"done","step":"cat-1","code":0,"ms":89}
{"ts":"2026-06-27T20:27:52.856Z","lane":"plant2","event":"start","step":"cat-2","bin":"node","args":["/Volumes/EOS_DIGITAL/KiriPedia/botnet/workers/cataloger-editor.mjs","--worker","cataloger-2","--batch","1"]}
{"ts":"2026-06-27T20:27:52.941Z","lane":"plant2","event":"done","step":"cat-2","code":0,"ms":80}
{"ts":"2026-06-27T20:28:19.226Z","lane":"plant","event":"start","step":"scribe-1","bin":"node","args":["/Volumes/EOS_DIGITAL/KiriPedia/botnet/workers/scribe.mjs","--worker","scribe-1","--batch","1"]}
{"ts":"2026-06-27T20:28:19.345Z","lane":"plant","event":"done","step":"scribe-1","code":0,"ms":118}
{"ts":"2026-06-27T20:28:19.345Z","lane":"plant","event":"start","step":"scribe-2","bin":"node","args":["/Volumes/EOS_DIGITAL/KiriPedia/botnet/workers/scribe.mjs","--worker","scribe-2","--batch","1"]}
{"ts":"2026-06-27T20:28:19.427Z","lane":"plant","event":"done","step":"scribe-2","code":0,"ms":81}
{"ts":"2026-06-27T20:28:19.427Z","lane":"plant","event":"start","step":"scribe-3","bin":"node","args":["/Volumes/EOS_DIGITAL/KiriPedia/botnet/workers/scribe.mjs","--worker","scribe-3","--batch","1"]}
{"ts":"2026-06-27T20:28:19.514Z","lane":"plant","event":"done","step":"scribe-3","code":0,"ms":83}
{"ts":"2026-06-27T20:28:38.463Z","lane":"calendar","event":"start","step":null,"bin":"node","args":["/Volumes/EOS_DIGITAL/KiriPedia/botnet/workers/calendar-keeper.mjs"]}
{"ts":"2026-06-27T20:28:38.939Z","lane":"calendar","event":"done","step":null,"code":0,"ms":475}
{"ts":"2026-06-27T20:28:42.563Z","lane":"rt-snapshot","event":"start","step":null,"bin":"node","args":["/Volumes/EOS_DIGITAL/KiriPedia/botnet/lib/research-team-snapshot.mjs"]}
{"ts":"2026-06-27T20:28:42.692Z","lane":"rt-snapshot","event":"done","step":null,"code":0,"ms":128}
{"ts":"2026-06-27T20:29:42.693Z","lane":"rt-snapshot","event":"start","step":null,"bin":"node","args":["/Volumes/EOS_DIGITAL/KiriPedia/botnet/lib/research-team-snapshot.mjs"]}
{"ts":"2026-06-27T20:29:42.830Z","lane":"rt-snapshot","event":"done","step":null,"code":0,"ms":136}
{"ts":"2026-06-27T20:29:54.333Z","lane":"plant2","event":"start","step":"cat-1","bin":"node","args":["/Volumes/EOS_DIGITAL/KiriPedia/botnet/workers/cataloger-editor.mjs","--worker","cataloger-1","--batch","1"]}
{"ts":"2026-06-27T20:29:54.459Z","lane":"plant2","event":"done","step":"cat-1","code":0,"ms":125}
{"ts":"2026-06-27T20:29:54.459Z","lane":"plant2","event":"start","step":"cat-2","bin":"node","args":["/Volumes/EOS_DIGITAL/KiriPedia/botnet/workers/cataloger-editor.mjs","--worker","cataloger-2","--batch","1"]}
{"ts":"2026-06-27T20:29:54.541Z","lane":"plant2","event":"done","step":"cat-2","code":0,"ms":81}
{"ts":"2026-06-27T20:30:03.704Z","lane":"discretion","event":"start","step":null,"bin":"node","args":["/Volumes/EOS_DIGITAL/KiriPedia/botnet/workers/discretion-warden.mjs","--batch","20"]}
{"ts":"2026-06-27T20:30:03.754Z","lane":"plant","event":"start","step":"scribe-1","bin":"node","args":["/Volumes/EOS_DIGITAL/KiriPedia/botnet/workers/scribe.mjs","--worker","scribe-1","--batch","1"]}
{"ts":"2026-06-27T20:30:03.819Z","lane":"discretion","event":"done","step":null,"code":0,"ms":114}
{"ts":"2026-06-27T20:30:03.852Z","lane":"plant","event":"done","step":"scribe-1","code":0,"ms":98}
{"ts":"2026-06-27T20:30:03.852Z","lane":"plant","event":"start","step":"scribe-2","bin":"node","args":["/Volumes/EOS_DIGITAL/KiriPedia/botnet/workers/scribe.mjs","--worker","scribe-2","--batch","1"]}
{"ts":"2026-06-27T20:30:03.936Z","lane":"plant","event":"done","step":"scribe-2","code":0,"ms":81}
{"ts":"2026-06-27T20:30:03.936Z","lane":"plant","event":"start","step":"scribe-3","bin":"node","args":["/Volumes/EOS_DIGITAL/KiriPedia/botnet/workers/scribe.mjs","--worker","scribe-3","--batch","1"]}
{"ts":"2026-06-27T20:30:04.021Z","lane":"plant","event":"done","step":"scribe-3","code":0,"ms":83}
{"ts":"2026-06-27T20:30:42.832Z","lane":"rt-snapshot","event":"start","step":null,"bin":"node","args":["/Volumes/EOS_DIGITAL/KiriPedia/botnet/lib/research-team-snapshot.mjs"]}
{"ts":"2026-06-27T20:30:45.458Z","lane":"rt-snapshot","event":"done","step":null,"code":0,"ms":91}
{"ts":"2026-06-27T20:30:50.281Z","lane":"indexer","event":"start","step":null,"bin":"node","args":["/Volumes/EOS_DIGITAL/KiriPedia/botnet/workers/indexer.mjs"]}
{"ts":"2026-06-27T20:30:53.101Z","lane":"indexer","event":"done","step":null,"code":0,"ms":2819}
{"ts":"2026-06-27T20:30:54.978Z","lane":"splitter","event":"start","step":null,"bin":"node","args":["/Volumes/EOS_DIGITAL/KiriPedia/botnet/workers/first-third-splitter.mjs","--batch","30"]}
{"ts":"2026-06-27T20:30:55.091Z","lane":"splitter","event":"done","step":null,"code":0,"ms":112}
{"ts":"2026-06-27T20:30:58.168Z","lane":"office","event":"start","step":null,"bin":"node","args":["/Volumes/EOS_DIGITAL/KiriPedia/botnet/workers/office-manager.mjs"]}
{"ts":"2026-06-27T20:31:03.025Z","lane":"office","event":"done","step":null,"code":0,"ms":4857}
{"ts":"2026-06-27T20:31:22.113Z","lane":"plant","event":"start","step":"scribe-1","bin":"node","args":["/Volumes/EOS_DIGITAL/KiriPedia/botnet/workers/scribe.mjs","--worker","scribe-1","--batch","1"]}
{"ts":"2026-06-27T20:31:22.229Z","lane":"plant","event":"done","step":"scribe-1","code":0,"ms":115}
{"ts":"2026-06-27T20:31:22.229Z","lane":"plant","event":"start","step":"scribe-2","bin":"node","args":["/Volumes/EOS_DIGITAL/KiriPedia/botnet/workers/scribe.mjs","--worker","scribe-2","--batch","1"]}
{"ts":"2026-06-27T20:31:22.321Z","lane":"plant","event":"done","step":"scribe-2","code":0,"ms":82}
{"ts":"2026-06-27T20:31:22.321Z","lane":"plant","event":"start","step":"scribe-3","bin":"node","args":["/Volumes/EOS_DIGITAL/KiriPedia/botnet/workers/scribe.mjs","--worker","scribe-3","--batch","1"]}
{"ts":"2026-06-27T20:31:22.406Z","lane":"plant","event":"done","step":"scribe-3","code":0,"ms":84}
{"ts":"2026-06-27T20:31:45.461Z","lane":"rt-snapshot","event":"start","step":null,"bin":"node","args":["/Volumes/EOS_DIGITAL/KiriPedia/botnet/lib/research-team-snapshot.mjs"]}
{"ts":"2026-06-27T20:31:45.596Z","lane":"rt-snapshot","event":"done","step":null,"code":0,"ms":134}
{"ts":"2026-06-27T20:31:56.258Z","lane":"plant2","event":"start","step":"cat-1","bin":"node","args":["/Volumes/EOS_DIGITAL/KiriPedia/botnet/workers/cataloger-editor.mjs","--worker","cataloger-1","--batch","1"]}
{"ts":"2026-06-27T20:31:56.377Z","lane":"plant2","event":"done","step":"cat-1","code":0,"ms":118}
{"ts":"2026-06-27T20:31:56.377Z","lane":"plant2","event":"start","step":"cat-2","bin":"node","args":["/Volumes/EOS_DIGITAL/KiriPedia/botnet/workers/cataloger-editor.mjs","--worker","cataloger-2","--batch","1"]}
{"ts":"2026-06-27T20:31:56.459Z","lane":"plant2","event":"done","step":"cat-2","code":0,"ms":81}
{"ts":"2026-06-27T20:32:07.602Z","lane":"reviewer","event":"start","step":null,"bin":"node","args":["/Volumes/EOS_DIGITAL/KiriPedia/botnet/workers/reviewer.mjs"]}
{"ts":"2026-06-27T20:32:07.730Z","lane":"reviewer","event":"done","step":null,"code":0,"ms":127}
{"ts":"2026-06-27T20:32:22.366Z","lane":"catch-import","event":"start","step":null,"bin":"node","args":["/Volumes/EOS_DIGITAL/KiriPedia/botnet/workers/catch-importer.mjs","--auto-trust"]}
{"ts":"2026-06-27T20:32:22.507Z","lane":"catch-import","event":"done","step":null,"code":0,"ms":140}
{"ts":"2026-06-27T20:32:23.279Z","lane":"triage-patroller","event":"start","step":null,"bin":"node","args":["/Volumes/EOS_DIGITAL/KiriPedia/botnet/workers/triage-patroller.mjs","--per-role","25"]}
{"ts":"2026-06-27T20:32:25.542Z","lane":"triage-patroller","event":"done","step":null,"code":0,"ms":2263}
{"ts":"2026-06-27T20:32:34.337Z","lane":"snapshot","event":"start","step":null,"bin":"node","args":["/Volumes/EOS_DIGITAL/KiriPedia/botnet/lib/snapshot-writer.mjs"]}
{"ts":"2026-06-27T20:32:34.470Z","lane":"snapshot","event":"done","step":null,"code":0,"ms":131}
{"ts":"2026-06-27T20:32:41.713Z","lane":"coord","event":"start","step":null,"bin":"node","args":["/Volumes/EOS_DIGITAL/KiriPedia/botnet/workers/coordinator.mjs"]}
{"ts":"2026-06-27T20:32:41.839Z","lane":"coord","event":"done","step":null,"code":0,"ms":125}
{"ts":"2026-06-27T20:32:45.598Z","lane":"rt-snapshot","event":"start","step":null,"bin":"node","args":["/Volumes/EOS_DIGITAL/KiriPedia/botnet/lib/research-team-snapshot.mjs"]}
{"ts":"2026-06-27T20:32:45.777Z","lane":"rt-snapshot","event":"done","step":null,"code":0,"ms":177}
{"ts":"2026-06-27T20:32:47.056Z","lane":"prospect","event":"start","step":null,"bin":"node","args":["/Volumes/EOS_DIGITAL/KiriPedia/botnet/workers/prospector.mjs","--batch","2"]}
{"ts":"2026-06-27T20:32:56.948Z","lane":"prospect","event":"done","step":null,"code":0,"ms":9891}
{"ts":"2026-06-27T20:32:58.362Z","lane":"plant","event":"start","step":"scribe-1","bin":"node","args":["/Volumes/EOS_DIGITAL/KiriPedia/botnet/workers/scribe.mjs","--worker","scribe-1","--batch","1"]}
{"ts":"2026-06-27T20:32:58.500Z","lane":"plant","event":"done","step":"scribe-1","code":0,"ms":136}
{"ts":"2026-06-27T20:32:58.500Z","lane":"plant","event":"start","step":"scribe-2","bin":"node","args":["/Volumes/EOS_DIGITAL/KiriPedia/botnet/workers/scribe.mjs","--worker","scribe-2","--batch","1"]}
{"ts":"2026-06-27T20:32:58.583Z","lane":"plant","event":"done","step":"scribe-2","code":0,"ms":80}
{"ts":"2026-06-27T20:32:58.583Z","lane":"plant","event":"start","step":"scribe-3","bin":"node","args":["/Volumes/EOS_DIGITAL/KiriPedia/botnet/workers/scribe.mjs","--worker","scribe-3","--batch","1"]}
{"ts":"2026-06-27T20:32:58.664Z","lane":"plant","event":"done","step":"scribe-3","code":0,"ms":79}
{"ts":"2026-06-27T20:33:09.805Z","lane":"diff-sentinel","event":"start","step":null,"bin":"node","args":["/Volumes/EOS_DIGITAL/KiriPedia/botnet/workers/diff-sentinel.mjs"]}
{"ts":"2026-06-27T20:33:09.997Z","lane":"diff-sentinel","event":"done","step":null,"code":0,"ms":190}
{"ts":"2026-06-27T20:33:45.779Z","lane":"rt-snapshot","event":"start","step":null,"bin":"node","args":["/Volumes/EOS_DIGITAL/KiriPedia/botnet/lib/research-team-snapshot.mjs"]}
{"ts":"2026-06-27T20:33:45.946Z","lane":"rt-snapshot","event":"done","step":null,"code":0,"ms":166}
{"ts":"2026-06-27T20:33:52.344Z","lane":"triage","event":"start","step":null,"bin":"node","args":["/Volumes/EOS_DIGITAL/KiriPedia/botnet/workers/npp.mjs"]}
{"ts":"2026-06-27T20:33:52.463Z","lane":"triage","event":"done","step":null,"code":0,"ms":118}
{"ts":"2026-06-27T20:34:16.386Z","lane":"plant2","event":"start","step":"cat-1","bin":"node","args":["/Volumes/EOS_DIGITAL/KiriPedia/botnet/workers/cataloger-editor.mjs","--worker","cataloger-1","--batch","1"]}
{"ts":"2026-06-27T20:34:16.511Z","lane":"plant2","event":"done","step":"cat-1","code":0,"ms":124}
{"ts":"2026-06-27T20:34:16.511Z","lane":"plant2","event":"start","step":"cat-2","bin":"node","args":["/Volumes/EOS_DIGITAL/KiriPedia/botnet/workers/cataloger-editor.mjs","--worker","cataloger-2","--batch","1"]}
{"ts":"2026-06-27T20:34:16.595Z","lane":"plant2","event":"done","step":"cat-2","code":0,"ms":83}
{"ts":"2026-06-27T20:34:40.077Z","lane":"plant","event":"start","step":"scribe-1","bin":"node","args":["/Volumes/EOS_DIGITAL/KiriPedia/botnet/workers/scribe.mjs","--worker","scribe-1","--batch","1"]}
{"ts":"2026-06-27T20:34:40.197Z","lane":"plant","event":"done","step":"scribe-1","code":0,"ms":118}
{"ts":"2026-06-27T20:34:40.197Z","lane":"plant","event":"start","step":"scribe-2","bin":"node","args":["/Volumes/EOS_DIGITAL/KiriPedia/botnet/workers/scribe.mjs","--worker","scribe-2","--batch","1"]}
{"ts":"2026-06-27T20:34:40.281Z","lane":"plant","event":"done","step":"scribe-2","code":0,"ms":81}
{"ts":"2026-06-27T20:34:40.281Z","lane":"plant","event":"start","step":"scribe-3","bin":"node","args":["/Volumes/EOS_DIGITAL/KiriPedia/botnet/workers/scribe.mjs","--worker","scribe-3","--batch","1"]}
{"ts":"2026-06-27T20:34:40.365Z","lane":"plant","event":"done","step":"scribe-3","code":0,"ms":82}
{"ts":"2026-06-27T20:34:45.946Z","lane":"rt-snapshot","event":"start","step":null,"bin":"node","args":["/Volumes/EOS_DIGITAL/KiriPedia/botnet/lib/research-team-snapshot.mjs"]}
{"ts":"2026-06-27T20:34:46.048Z","lane":"rt-snapshot","event":"done","step":null,"code":0,"ms":102}
{"ts":"2026-06-27T20:35:46.050Z","lane":"rt-snapshot","event":"start","step":null,"bin":"node","args":["/Volumes/EOS_DIGITAL/KiriPedia/botnet/lib/research-team-snapshot.mjs"]}
{"ts":"2026-06-27T20:35:46.185Z","lane":"rt-snapshot","event":"done","step":null,"code":0,"ms":134}
{"ts":"2026-06-27T20:35:59.747Z","lane":"plant","event":"start","step":"scribe-1","bin":"node","args":["/Volumes/EOS_DIGITAL/KiriPedia/botnet/workers/scribe.mjs","--worker","scribe-1","--batch","1"]}
{"ts":"2026-06-27T20:35:59.862Z","lane":"plant","event":"done","step":"scribe-1","code":0,"ms":114}
{"ts":"2026-06-27T20:35:59.862Z","lane":"plant","event":"start","step":"scribe-2","bin":"node","args":["/Volumes/EOS_DIGITAL/KiriPedia/botnet/workers/scribe.mjs","--worker","scribe-2","--batch","1"]}
{"ts":"2026-06-27T20:35:59.946Z","lane":"plant","event":"done","step":"scribe-2","code":0,"ms":82}
{"ts":"2026-06-27T20:35:59.946Z","lane":"plant","event":"start","step":"scribe-3","bin":"node","args":["/Volumes/EOS_DIGITAL/KiriPedia/botnet/workers/scribe.mjs","--worker","scribe-3","--batch","1"]}
{"ts":"2026-06-27T20:36:00.033Z","lane":"plant","event":"done","step":"scribe-3","code":0,"ms":86}
{"ts":"2026-06-27T20:36:13.488Z","lane":"plant2","event":"start","step":"cat-1","bin":"node","args":["/Volumes/EOS_DIGITAL/KiriPedia/botnet/workers/cataloger-editor.mjs","--worker","cataloger-1","--batch","1"]}
{"ts":"2026-06-27T20:36:13.606Z","lane":"plant2","event":"done","step":"cat-1","code":0,"ms":117}
{"ts":"2026-06-27T20:36:13.606Z","lane":"plant2","event":"start","step":"cat-2","bin":"node","args":["/Volumes/EOS_DIGITAL/KiriPedia/botnet/workers/cataloger-editor.mjs","--worker","cataloger-2","--batch","1"]}
{"ts":"2026-06-27T20:36:13.689Z","lane":"plant2","event":"done","step":"cat-2","code":0,"ms":81}
{"ts":"2026-06-27T20:36:46.186Z","lane":"rt-snapshot","event":"start","step":null,"bin":"node","args":["/Volumes/EOS_DIGITAL/KiriPedia/botnet/lib/research-team-snapshot.mjs"]}
{"ts":"2026-06-27T20:36:46.320Z","lane":"rt-snapshot","event":"done","step":null,"code":0,"ms":133}
{"ts":"2026-06-27T20:37:04.972Z","lane":"discretion","event":"start","step":null,"bin":"node","args":["/Volumes/EOS_DIGITAL/KiriPedia/botnet/workers/discretion-warden.mjs","--batch","20"]}
{"ts":"2026-06-27T20:37:05.049Z","lane":"discretion","event":"done","step":null,"code":0,"ms":76}
{"ts":"2026-06-27T20:37:18.168Z","lane":"reviewer","event":"start","step":null,"bin":"node","args":["/Volumes/EOS_DIGITAL/KiriPedia/botnet/workers/reviewer.mjs"]}
{"ts":"2026-06-27T20:37:18.336Z","lane":"reviewer","event":"done","step":null,"code":0,"ms":168}
{"ts":"2026-06-27T20:37:21.185Z","lane":"plant","event":"start","step":"scribe-1","bin":"node","args":["/Volumes/EOS_DIGITAL/KiriPedia/botnet/workers/scribe.mjs","--worker","scribe-1","--batch","1"]}
{"ts":"2026-06-27T20:37:21.863Z","lane":"plant","event":"done","step":"scribe-1","code":0,"ms":676}
{"ts":"2026-06-27T20:37:21.863Z","lane":"plant","event":"start","step":"scribe-2","bin":"node","args":["/Volumes/EOS_DIGITAL/KiriPedia/botnet/workers/scribe.mjs","--worker","scribe-2","--batch","1"]}
{"ts":"2026-06-27T20:37:22.282Z","lane":"plant","event":"done","step":"scribe-2","code":0,"ms":289}
{"ts":"2026-06-27T20:37:22.282Z","lane":"plant","event":"start","step":"scribe-3","bin":"node","args":["/Volumes/EOS_DIGITAL/KiriPedia/botnet/workers/scribe.mjs","--worker","scribe-3","--batch","1"]}
{"ts":"2026-06-27T20:37:22.679Z","lane":"plant","event":"done","step":"scribe-3","code":0,"ms":267}
{"ts":"2026-06-27T20:37:29.214Z","lane":"splitter","event":"start","step":null,"bin":"node","args":["/Volumes/EOS_DIGITAL/KiriPedia/botnet/workers/first-third-splitter.mjs","--batch","30"]}
{"ts":"2026-06-27T20:37:29.501Z","lane":"splitter","event":"done","step":null,"code":0,"ms":286}
{"ts":"2026-06-27T20:37:34.469Z","lane":"snapshot","event":"start","step":null,"bin":"node","args":["/Volumes/EOS_DIGITAL/KiriPedia/botnet/lib/snapshot-writer.mjs"]}
{"ts":"2026-06-27T20:37:34.628Z","lane":"snapshot","event":"done","step":null,"code":0,"ms":157}
{"ts":"2026-06-27T20:37:46.322Z","lane":"rt-snapshot","event":"start","step":null,"bin":"node","args":["/Volumes/EOS_DIGITAL/KiriPedia/botnet/lib/research-team-snapshot.mjs"]}
{"ts":"2026-06-27T20:37:46.480Z","lane":"rt-snapshot","event":"done","step":null,"code":0,"ms":157}
{"ts":"2026-06-27T20:38:11.360Z","lane":"plant2","event":"start","step":"cat-1","bin":"node","args":["/Volumes/EOS_DIGITAL/KiriPedia/botnet/workers/cataloger-editor.mjs","--worker","cataloger-1","--batch","1"]}
{"ts":"2026-06-27T20:38:11.491Z","lane":"plant2","event":"done","step":"cat-1","code":0,"ms":129}
{"ts":"2026-06-27T20:38:11.491Z","lane":"plant2","event":"start","step":"cat-2","bin":"node","args":["/Volumes/EOS_DIGITAL/KiriPedia/botnet/workers/cataloger-editor.mjs","--worker","cataloger-2","--batch","1"]}
{"ts":"2026-06-27T20:38:11.595Z","lane":"plant2","event":"done","step":"cat-2","code":0,"ms":95}
{"ts":"2026-06-27T20:38:46.482Z","lane":"rt-snapshot","event":"start","step":null,"bin":"node","args":["/Volumes/EOS_DIGITAL/KiriPedia/botnet/lib/research-team-snapshot.mjs"]}
{"ts":"2026-06-27T20:38:46.663Z","lane":"rt-snapshot","event":"done","step":null,"code":0,"ms":178}
{"ts":"2026-06-27T20:38:58.418Z","lane":"plant","event":"start","step":"scribe-1","bin":"node","args":["/Volumes/EOS_DIGITAL/KiriPedia/botnet/workers/scribe.mjs","--worker","scribe-1","--batch","1"]}
{"ts":"2026-06-27T20:38:58.543Z","lane":"plant","event":"done","step":"scribe-1","code":0,"ms":123}
{"ts":"2026-06-27T20:38:58.543Z","lane":"plant","event":"start","step":"scribe-2","bin":"node","args":["/Volumes/EOS_DIGITAL/KiriPedia/botnet/workers/scribe.mjs","--worker","scribe-2","--batch","1"]}
{"ts":"2026-06-27T20:38:58.624Z","lane":"plant","event":"done","step":"scribe-2","code":0,"ms":79}
{"ts":"2026-06-27T20:38:58.624Z","lane":"plant","event":"start","step":"scribe-3","bin":"node","args":["/Volumes/EOS_DIGITAL/KiriPedia/botnet/workers/scribe.mjs","--worker","scribe-3","--batch","1"]}
{"ts":"2026-06-27T20:38:58.700Z","lane":"plant","event":"done","step":"scribe-3","code":0,"ms":75}
{"ts":"2026-06-27T20:39:46.665Z","lane":"rt-snapshot","event":"start","step":null,"bin":"node","args":["/Volumes/EOS_DIGITAL/KiriPedia/botnet/lib/research-team-snapshot.mjs"]}
{"ts":"2026-06-27T20:39:46.800Z","lane":"rt-snapshot","event":"done","step":null,"code":0,"ms":133}
{"ts":"2026-06-27T20:40:10.031Z","lane":"plant2","event":"start","step":"cat-1","bin":"node","args":["/Volumes/EOS_DIGITAL/KiriPedia/botnet/workers/cataloger-editor.mjs","--worker","cataloger-1","--batch","1"]}
{"ts":"2026-06-27T20:40:10.168Z","lane":"plant2","event":"done","step":"cat-1","code":0,"ms":136}
{"ts":"2026-06-27T20:40:10.168Z","lane":"plant2","event":"start","step":"cat-2","bin":"node","args":["/Volumes/EOS_DIGITAL/KiriPedia/botnet/workers/cataloger-editor.mjs","--worker","cataloger-2","--batch","1"]}
{"ts":"2026-06-27T20:40:10.247Z","lane":"plant2","event":"done","step":"cat-2","code":0,"ms":78}
{"ts":"2026-06-27T20:40:37.277Z","lane":"plant","event":"start","step":"scribe-1","bin":"node","args":["/Volumes/EOS_DIGITAL/KiriPedia/botnet/workers/scribe.mjs","--worker","scribe-1","--batch","1"]}
{"ts":"2026-06-27T20:40:37.400Z","lane":"plant","event":"done","step":"scribe-1","code":0,"ms":122}
{"ts":"2026-06-27T20:40:37.400Z","lane":"plant","event":"start","step":"scribe-2","bin":"node","args":["/Volumes/EOS_DIGITAL/KiriPedia/botnet/workers/scribe.mjs","--worker","scribe-2","--batch","1"]}
{"ts":"2026-06-27T20:40:37.478Z","lane":"plant","event":"done","step":"scribe-2","code":0,"ms":77}
{"ts":"2026-06-27T20:40:37.478Z","lane":"plant","event":"start","step":"scribe-3","bin":"node","args":["/Volumes/EOS_DIGITAL/KiriPedia/botnet/workers/scribe.mjs","--worker","scribe-3","--batch","1"]}
{"ts":"2026-06-27T20:40:37.556Z","lane":"plant","event":"done","step":"scribe-3","code":0,"ms":77}
{"ts":"2026-06-27T20:40:38.427Z","lane":"office","event":"start","step":null,"bin":"node","args":["/Volumes/EOS_DIGITAL/KiriPedia/botnet/workers/office-manager.mjs"]}
{"ts":"2026-06-27T20:40:41.188Z","lane":"re-reader","event":"start","step":null,"bin":"node","args":["/Volumes/EOS_DIGITAL/KiriPedia/botnet/workers/re-reader.mjs","--worker","re-reader-1","--batch","2"]}
{"ts":"2026-06-27T20:40:46.802Z","lane":"rt-snapshot","event":"start","step":null,"bin":"node","args":["/Volumes/EOS_DIGITAL/KiriPedia/botnet/lib/research-team-snapshot.mjs"]}
{"ts":"2026-06-27T20:40:46.930Z","lane":"rt-snapshot","event":"done","step":null,"code":0,"ms":126}
{"ts":"2026-06-27T20:41:17.745Z","lane":"office","event":"done","step":null,"code":0,"ms":39317}
{"ts":"2026-06-27T20:41:46.932Z","lane":"rt-snapshot","event":"start","step":null,"bin":"node","args":["/Volumes/EOS_DIGITAL/KiriPedia/botnet/lib/research-team-snapshot.mjs"]}
{"ts":"2026-06-27T20:41:47.107Z","lane":"rt-snapshot","event":"done","step":null,"code":0,"ms":174}
{"ts":"2026-06-27T20:41:53.139Z","lane":"catch-import","event":"start","step":null,"bin":"node","args":["/Volumes/EOS_DIGITAL/KiriPedia/botnet/workers/catch-importer.mjs","--auto-trust"]}
{"ts":"2026-06-27T20:41:53.253Z","lane":"catch-import","event":"done","step":null,"code":0,"ms":112}
{"ts":"2026-06-27T20:42:08.367Z","lane":"plant","event":"start","step":"scribe-1","bin":"node","args":["/Volumes/EOS_DIGITAL/KiriPedia/botnet/workers/scribe.mjs","--worker","scribe-1","--batch","1"]}
{"ts":"2026-06-27T20:42:08.484Z","lane":"plant","event":"done","step":"scribe-1","code":0,"ms":116}
{"ts":"2026-06-27T20:42:08.485Z","lane":"plant","event":"start","step":"scribe-2","bin":"node","args":["/Volumes/EOS_DIGITAL/KiriPedia/botnet/workers/scribe.mjs","--worker","scribe-2","--batch","1"]}
{"ts":"2026-06-27T20:42:08.560Z","lane":"plant","event":"done","step":"scribe-2","code":0,"ms":72}
{"ts":"2026-06-27T20:42:08.561Z","lane":"plant","event":"start","step":"scribe-3","bin":"node","args":["/Volumes/EOS_DIGITAL/KiriPedia/botnet/workers/scribe.mjs","--worker","scribe-3","--batch","1"]}
{"ts":"2026-06-27T20:42:08.637Z","lane":"plant","event":"done","step":"scribe-3","code":0,"ms":74}
{"ts":"2026-06-27T20:42:12.595Z","lane":"reviewer","event":"start","step":null,"bin":"node","args":["/Volumes/EOS_DIGITAL/KiriPedia/botnet/workers/reviewer.mjs"]}
{"ts":"2026-06-27T20:42:12.709Z","lane":"reviewer","event":"done","step":null,"code":0,"ms":113}
{"ts":"2026-06-27T20:42:22.242Z","lane":"triage-patroller","event":"start","step":null,"bin":"node","args":["/Volumes/EOS_DIGITAL/KiriPedia/botnet/workers/triage-patroller.mjs","--per-role","25"]}
{"ts":"2026-06-27T20:42:25.151Z","lane":"triage-patroller","event":"done","step":null,"code":0,"ms":2908}
{"ts":"2026-06-27T20:42:27.838Z","lane":"plant2","event":"start","step":"cat-1","bin":"node","args":["/Volumes/EOS_DIGITAL/KiriPedia/botnet/workers/cataloger-editor.mjs","--worker","cataloger-1","--batch","1"]}
{"ts":"2026-06-27T20:42:27.960Z","lane":"plant2","event":"done","step":"cat-1","code":0,"ms":120}
{"ts":"2026-06-27T20:42:27.960Z","lane":"plant2","event":"start","step":"cat-2","bin":"node","args":["/Volumes/EOS_DIGITAL/KiriPedia/botnet/workers/cataloger-editor.mjs","--worker","cataloger-2","--batch","1"]}
{"ts":"2026-06-27T20:42:28.035Z","lane":"plant2","event":"done","step":"cat-2","code":0,"ms":73}
{"ts":"2026-06-27T20:42:34.627Z","lane":"snapshot","event":"start","step":null,"bin":"node","args":["/Volumes/EOS_DIGITAL/KiriPedia/botnet/lib/snapshot-writer.mjs"]}
{"ts":"2026-06-27T20:42:34.740Z","lane":"snapshot","event":"done","step":null,"code":0,"ms":111}
{"ts":"2026-06-27T20:42:47.109Z","lane":"rt-snapshot","event":"start","step":null,"bin":"node","args":["/Volumes/EOS_DIGITAL/KiriPedia/botnet/lib/research-team-snapshot.mjs"]}
{"ts":"2026-06-27T20:42:47.234Z","lane":"rt-snapshot","event":"done","step":null,"code":0,"ms":124}
{"ts":"2026-06-27T20:42:54.280Z","lane":"re-reader","event":"done","step":null,"code":0,"ms":133091}
{"ts":"2026-06-27T20:43:03.203Z","lane":"trawler","event":"done","step":null,"code":-1,"ms":1199992,"stderr":"[trawler:youtube] Run 1/4 for 2026-06-27.\n"}
{"ts":"2026-06-27T20:43:03.204Z","lane":"trawler","event":"backoff","ms":60000}
{"ts":"2026-06-27T20:43:35.584Z","lane":"plant","event":"start","step":"scribe-1","bin":"node","args":["/Volumes/EOS_DIGITAL/KiriPedia/botnet/workers/scribe.mjs","--worker","scribe-1","--batch","1"]}
{"ts":"2026-06-27T20:43:35.706Z","lane":"plant","event":"done","step":"scribe-1","code":0,"ms":121}
{"ts":"2026-06-27T20:43:35.706Z","lane":"plant","event":"start","step":"scribe-2","bin":"node","args":["/Volumes/EOS_DIGITAL/KiriPedia/botnet/workers/scribe.mjs","--worker","scribe-2","--batch","1"]}
{"ts":"2026-06-27T20:43:35.790Z","lane":"plant","event":"done","step":"scribe-2","code":0,"ms":83}
{"ts":"2026-06-27T20:43:35.790Z","lane":"plant","event":"start","step":"scribe-3","bin":"node","args":["/Volumes/EOS_DIGITAL/KiriPedia/botnet/workers/scribe.mjs","--worker","scribe-3","--batch","1"]}
{"ts":"2026-06-27T20:43:35.872Z","lane":"plant","event":"done","step":"scribe-3","code":0,"ms":80}
{"ts":"2026-06-27T20:43:47.237Z","lane":"rt-snapshot","event":"start","step":null,"bin":"node","args":["/Volumes/EOS_DIGITAL/KiriPedia/botnet/lib/research-team-snapshot.mjs"]}
{"ts":"2026-06-27T20:43:47.401Z","lane":"rt-snapshot","event":"done","step":null,"code":0,"ms":163}
{"ts":"2026-06-27T20:43:57.672Z","lane":"triage","event":"start","step":null,"bin":"node","args":["/Volumes/EOS_DIGITAL/KiriPedia/botnet/workers/npp.mjs"]}
{"ts":"2026-06-27T20:43:57.794Z","lane":"triage","event":"done","step":null,"code":0,"ms":121}
{"ts":"2026-06-27T20:44:01.912Z","lane":"discretion","event":"start","step":null,"bin":"node","args":["/Volumes/EOS_DIGITAL/KiriPedia/botnet/workers/discretion-warden.mjs","--batch","20"]}
{"ts":"2026-06-27T20:44:02.037Z","lane":"discretion","event":"done","step":null,"code":0,"ms":123}
{"ts":"2026-06-27T20:44:03.207Z","lane":"trawler","event":"start","step":null,"bin":"node","args":["/Volumes/EOS_DIGITAL/KiriPedia/fleet/trawlers/youtube.mjs"]}
{"ts":"2026-06-27T20:44:41.573Z","lane":"plant2","event":"start","step":"cat-1","bin":"node","args":["/Volumes/EOS_DIGITAL/KiriPedia/botnet/workers/cataloger-editor.mjs","--worker","cataloger-1","--batch","1"]}
{"ts":"2026-06-27T20:44:41.769Z","lane":"plant2","event":"done","step":"cat-1","code":0,"ms":194}
{"ts":"2026-06-27T20:44:41.769Z","lane":"plant2","event":"start","step":"cat-2","bin":"node","args":["/Volumes/EOS_DIGITAL/KiriPedia/botnet/workers/cataloger-editor.mjs","--worker","cataloger-2","--batch","1"]}
{"ts":"2026-06-27T20:44:41.848Z","lane":"plant2","event":"done","step":"cat-2","code":0,"ms":77}
{"ts":"2026-06-27T20:44:47.402Z","lane":"rt-snapshot","event":"start","step":null,"bin":"node","args":["/Volumes/EOS_DIGITAL/KiriPedia/botnet/lib/research-team-snapshot.mjs"]}
{"ts":"2026-06-27T20:44:47.580Z","lane":"rt-snapshot","event":"done","step":null,"code":0,"ms":176}
{"ts":"2026-06-27T20:44:49.514Z","lane":"splitter","event":"start","step":null,"bin":"node","args":["/Volumes/EOS_DIGITAL/KiriPedia/botnet/workers/first-third-splitter.mjs","--batch","30"]}
{"ts":"2026-06-27T20:44:49.629Z","lane":"splitter","event":"done","step":null,"code":0,"ms":113}
{"ts":"2026-06-27T20:45:11.313Z","lane":"plant","event":"start","step":"scribe-1","bin":"node","args":["/Volumes/EOS_DIGITAL/KiriPedia/botnet/workers/scribe.mjs","--worker","scribe-1","--batch","1"]}
{"ts":"2026-06-27T20:45:11.450Z","lane":"plant","event":"done","step":"scribe-1","code":0,"ms":135}
{"ts":"2026-06-27T20:45:11.450Z","lane":"plant","event":"start","step":"scribe-2","bin":"node","args":["/Volumes/EOS_DIGITAL/KiriPedia/botnet/workers/scribe.mjs","--worker","scribe-2","--batch","1"]}
{"ts":"2026-06-27T20:45:11.528Z","lane":"plant","event":"done","step":"scribe-2","code":0,"ms":75}
{"ts":"2026-06-27T20:45:11.528Z","lane":"plant","event":"start","step":"scribe-3","bin":"node","args":["/Volumes/EOS_DIGITAL/KiriPedia/botnet/workers/scribe.mjs","--worker","scribe-3","--batch","1"]}
{"ts":"2026-06-27T20:45:11.606Z","lane":"plant","event":"done","step":"scribe-3","code":0,"ms":76}
{"ts":"2026-06-27T20:45:47.583Z","lane":"rt-snapshot","event":"start","step":null,"bin":"node","args":["/Volumes/EOS_DIGITAL/KiriPedia/botnet/lib/research-team-snapshot.mjs"]}
{"ts":"2026-06-27T20:45:47.756Z","lane":"rt-snapshot","event":"done","step":null,"code":0,"ms":172}
{"ts":"2026-06-27T20:46:18.299Z","lane":"mining","event":"start","step":"deepener","bin":"node","args":["/Volumes/EOS_DIGITAL/KiriPedia/botnet/workers/deepener.mjs","--batch","5"]}
{"ts":"2026-06-27T20:46:35.746Z","lane":"plant","event":"start","step":"scribe-1","bin":"node","args":["/Volumes/EOS_DIGITAL/KiriPedia/botnet/workers/scribe.mjs","--worker","scribe-1","--batch","1"]}
{"ts":"2026-06-27T20:46:35.832Z","lane":"plant","event":"done","step":"scribe-1","code":0,"ms":85}
{"ts":"2026-06-27T20:46:35.832Z","lane":"plant","event":"start","step":"scribe-2","bin":"node","args":["/Volumes/EOS_DIGITAL/KiriPedia/botnet/workers/scribe.mjs","--worker","scribe-2","--batch","1"]}
{"ts":"2026-06-27T20:46:35.909Z","lane":"plant","event":"done","step":"scribe-2","code":0,"ms":76}
{"ts":"2026-06-27T20:46:35.909Z","lane":"plant","event":"start","step":"scribe-3","bin":"node","args":["/Volumes/EOS_DIGITAL/KiriPedia/botnet/workers/scribe.mjs","--worker","scribe-3","--batch","1"]}
{"ts":"2026-06-27T20:46:35.988Z","lane":"plant","event":"done","step":"scribe-3","code":0,"ms":78}
{"ts":"2026-06-27T20:46:44.145Z","lane":"plant2","event":"start","step":"cat-1","bin":"node","args":["/Volumes/EOS_DIGITAL/KiriPedia/botnet/workers/cataloger-editor.mjs","--worker","cataloger-1","--batch","1"]}
{"ts":"2026-06-27T20:46:44.223Z","lane":"plant2","event":"done","step":"cat-1","code":0,"ms":78}
{"ts":"2026-06-27T20:46:44.223Z","lane":"plant2","event":"start","step":"cat-2","bin":"node","args":["/Volumes/EOS_DIGITAL/KiriPedia/botnet/workers/cataloger-editor.mjs","--worker","cataloger-2","--batch","1"]}
{"ts":"2026-06-27T20:46:44.301Z","lane":"plant2","event":"done","step":"cat-2","code":0,"ms":76}
{"ts":"2026-06-27T20:46:47.758Z","lane":"rt-snapshot","event":"start","step":null,"bin":"node","args":["/Volumes/EOS_DIGITAL/KiriPedia/botnet/lib/research-team-snapshot.mjs"]}
{"ts":"2026-06-27T20:46:47.866Z","lane":"rt-snapshot","event":"done","step":null,"code":0,"ms":107}
{"ts":"2026-06-27T20:46:51.096Z","lane":"reviewer","event":"start","step":null,"bin":"node","args":["/Volumes/EOS_DIGITAL/KiriPedia/botnet/workers/reviewer.mjs"]}
{"ts":"2026-06-27T20:46:51.176Z","lane":"reviewer","event":"done","step":null,"code":0,"ms":79}
{"ts":"2026-06-27T20:47:08.342Z","lane":"mining","event":"done","step":"deepener","code":0,"ms":50042}
{"ts":"2026-06-27T20:47:08.344Z","lane":"mining","event":"start","step":"enricher","bin":"node","args":["/Volumes/EOS_DIGITAL/KiriPedia/botnet/workers/enricher.mjs","--batch","5"]}
{"ts":"2026-06-27T20:47:32.488Z","lane":"mining","event":"done","step":"enricher","code":0,"ms":24143}
{"ts":"2026-06-27T20:47:32.489Z","lane":"mining","event":"start","step":"weaver","bin":"node","args":["/Volumes/EOS_DIGITAL/KiriPedia/botnet/workers/weaver.mjs","--batch","5"]}
{"ts":"2026-06-27T20:47:34.743Z","lane":"snapshot","event":"start","step":null,"bin":"node","args":["/Volumes/EOS_DIGITAL/KiriPedia/botnet/lib/snapshot-writer.mjs"]}
{"ts":"2026-06-27T20:47:34.901Z","lane":"snapshot","event":"done","step":null,"code":0,"ms":156}
{"ts":"2026-06-27T20:47:44.842Z","lane":"mining","event":"done","step":"weaver","code":0,"ms":12332}
{"ts":"2026-06-27T20:47:47.865Z","lane":"rt-snapshot","event":"start","step":null,"bin":"node","args":["/Volumes/EOS_DIGITAL/KiriPedia/botnet/lib/research-team-snapshot.mjs"]}
{"ts":"2026-06-27T20:47:48.024Z","lane":"rt-snapshot","event":"done","step":null,"code":0,"ms":157}
{"ts":"2026-06-27T20:48:00.501Z","lane":"plant","event":"start","step":"scribe-1","bin":"node","args":["/Volumes/EOS_DIGITAL/KiriPedia/botnet/workers/scribe.mjs","--worker","scribe-1","--batch","1"]}
{"ts":"2026-06-27T20:48:00.624Z","lane":"plant","event":"done","step":"scribe-1","code":0,"ms":121}
{"ts":"2026-06-27T20:48:00.624Z","lane":"plant","event":"start","step":"scribe-2","bin":"node","args":["/Volumes/EOS_DIGITAL/KiriPedia/botnet/workers/scribe.mjs","--worker","scribe-2","--batch","1"]}
{"ts":"2026-06-27T20:48:00.702Z","lane":"plant","event":"done","step":"scribe-2","code":0,"ms":76}
{"ts":"2026-06-27T20:48:00.702Z","lane":"plant","event":"start","step":"scribe-3","bin":"node","args":["/Volumes/EOS_DIGITAL/KiriPedia/botnet/workers/scribe.mjs","--worker","scribe-3","--batch","1"]}
{"ts":"2026-06-27T20:48:00.783Z","lane":"plant","event":"done","step":"scribe-3","code":0,"ms":77}
{"ts":"2026-06-27T20:48:26.142Z","lane":"coord","event":"start","step":null,"bin":"node","args":["/Volumes/EOS_DIGITAL/KiriPedia/botnet/workers/coordinator.mjs"]}
{"ts":"2026-06-27T20:48:26.341Z","lane":"coord","event":"done","step":null,"code":0,"ms":196}
{"ts":"2026-06-27T20:48:32.778Z","lane":"plant2","event":"start","step":"cat-1","bin":"node","args":["/Volumes/EOS_DIGITAL/KiriPedia/botnet/workers/cataloger-editor.mjs","--worker","cataloger-1","--batch","1"]}
{"ts":"2026-06-27T20:48:32.933Z","lane":"plant2","event":"done","step":"cat-1","code":0,"ms":154}
{"ts":"2026-06-27T20:48:32.933Z","lane":"plant2","event":"start","step":"cat-2","bin":"node","args":["/Volumes/EOS_DIGITAL/KiriPedia/botnet/workers/cataloger-editor.mjs","--worker","cataloger-2","--batch","1"]}
{"ts":"2026-06-27T20:48:33.015Z","lane":"plant2","event":"done","step":"cat-2","code":0,"ms":80}
{"ts":"2026-06-27T20:48:44.443Z","lane":"weaver2","event":"start","step":null,"bin":"node","args":["/Volumes/EOS_DIGITAL/KiriPedia/botnet/workers/reweaver.mjs","--batch","3"]}
{"ts":"2026-06-27T20:48:46.742Z","lane":"weaver2","event":"done","step":null,"code":0,"ms":2299}
{"ts":"2026-06-27T20:48:48.025Z","lane":"rt-snapshot","event":"start","step":null,"bin":"node","args":["/Volumes/EOS_DIGITAL/KiriPedia/botnet/lib/research-team-snapshot.mjs"]}
{"ts":"2026-06-27T20:48:48.290Z","lane":"rt-snapshot","event":"done","step":null,"code":0,"ms":263}
{"ts":"2026-06-27T20:49:24.459Z","lane":"plant","event":"start","step":"scribe-1","bin":"node","args":["/Volumes/EOS_DIGITAL/KiriPedia/botnet/workers/scribe.mjs","--worker","scribe-1","--batch","1"]}
{"ts":"2026-06-27T20:49:24.579Z","lane":"plant","event":"done","step":"scribe-1","code":0,"ms":119}
{"ts":"2026-06-27T20:49:24.579Z","lane":"plant","event":"start","step":"scribe-2","bin":"node","args":["/Volumes/EOS_DIGITAL/KiriPedia/botnet/workers/scribe.mjs","--worker","scribe-2","--batch","1"]}
{"ts":"2026-06-27T20:49:24.656Z","lane":"plant","event":"done","step":"scribe-2","code":0,"ms":75}
{"ts":"2026-06-27T20:49:24.656Z","lane":"plant","event":"start","step":"scribe-3","bin":"node","args":["/Volumes/EOS_DIGITAL/KiriPedia/botnet/workers/scribe.mjs","--worker","scribe-3","--batch","1"]}
{"ts":"2026-06-27T20:49:24.737Z","lane":"plant","event":"done","step":"scribe-3","code":0,"ms":76}
{"ts":"2026-06-27T20:49:48.294Z","lane":"rt-snapshot","event":"start","step":null,"bin":"node","args":["/Volumes/EOS_DIGITAL/KiriPedia/botnet/lib/research-team-snapshot.mjs"]}
{"ts":"2026-06-27T20:49:48.663Z","lane":"rt-snapshot","event":"done","step":null,"code":0,"ms":367}
{"ts":"2026-06-27T20:50:34.127Z","lane":"plant2","event":"start","step":"cat-1","bin":"node","args":["/Volumes/EOS_DIGITAL/KiriPedia/botnet/workers/cataloger-editor.mjs","--worker","cataloger-1","--batch","1"]}
{"ts":"2026-06-27T20:50:34.328Z","lane":"plant2","event":"done","step":"cat-1","code":0,"ms":198}
{"ts":"2026-06-27T20:50:34.328Z","lane":"plant2","event":"start","step":"cat-2","bin":"node","args":["/Volumes/EOS_DIGITAL/KiriPedia/botnet/workers/cataloger-editor.mjs","--worker","cataloger-2","--batch","1"]}
{"ts":"2026-06-27T20:50:34.407Z","lane":"plant2","event":"done","step":"cat-2","code":0,"ms":75}
{"ts":"2026-06-27T20:50:48.667Z","lane":"rt-snapshot","event":"start","step":null,"bin":"node","args":["/Volumes/EOS_DIGITAL/KiriPedia/botnet/lib/research-team-snapshot.mjs"]}
{"ts":"2026-06-27T20:50:49.016Z","lane":"rt-snapshot","event":"done","step":null,"code":0,"ms":346}
{"ts":"2026-06-27T20:50:56.605Z","lane":"plant","event":"start","step":"scribe-1","bin":"node","args":["/Volumes/EOS_DIGITAL/KiriPedia/botnet/workers/scribe.mjs","--worker","scribe-1","--batch","1"]}
{"ts":"2026-06-27T20:50:56.693Z","lane":"plant","event":"done","step":"scribe-1","code":0,"ms":87}
{"ts":"2026-06-27T20:50:56.693Z","lane":"plant","event":"start","step":"scribe-2","bin":"node","args":["/Volumes/EOS_DIGITAL/KiriPedia/botnet/workers/scribe.mjs","--worker","scribe-2","--batch","1"]}
{"ts":"2026-06-27T20:50:56.776Z","lane":"plant","event":"done","step":"scribe-2","code":0,"ms":82}
{"ts":"2026-06-27T20:50:56.777Z","lane":"plant","event":"start","step":"scribe-3","bin":"node","args":["/Volumes/EOS_DIGITAL/KiriPedia/botnet/workers/scribe.mjs","--worker","scribe-3","--batch","1"]}
{"ts":"2026-06-27T20:50:56.859Z","lane":"plant","event":"done","step":"scribe-3","code":0,"ms":81}
{"ts":"2026-06-27T20:51:18.304Z","lane":"office","event":"start","step":null,"bin":"node","args":["/Volumes/EOS_DIGITAL/KiriPedia/botnet/workers/office-manager.mjs"]}
{"ts":"2026-06-27T20:51:19.739Z","lane":"discretion","event":"start","step":null,"bin":"node","args":["/Volumes/EOS_DIGITAL/KiriPedia/botnet/workers/discretion-warden.mjs","--batch","20"]}
{"ts":"2026-06-27T20:51:19.873Z","lane":"discretion","event":"done","step":null,"code":0,"ms":133}
{"ts":"2026-06-27T20:51:37.170Z","lane":"catch-import","event":"start","step":null,"bin":"node","args":["/Volumes/EOS_DIGITAL/KiriPedia/botnet/workers/catch-importer.mjs","--auto-trust"]}
{"ts":"2026-06-27T20:51:37.331Z","lane":"catch-import","event":"done","step":null,"code":0,"ms":158}
{"ts":"2026-06-27T20:51:39.088Z","lane":"office","event":"done","step":null,"code":0,"ms":20781}
{"ts":"2026-06-27T20:51:49.017Z","lane":"rt-snapshot","event":"start","step":null,"bin":"node","args":["/Volumes/EOS_DIGITAL/KiriPedia/botnet/lib/research-team-snapshot.mjs"]}
{"ts":"2026-06-27T20:51:49.361Z","lane":"rt-snapshot","event":"done","step":null,"code":0,"ms":342}
{"ts":"2026-06-27T20:51:56.083Z","lane":"reviewer","event":"start","step":null,"bin":"node","args":["/Volumes/EOS_DIGITAL/KiriPedia/botnet/workers/reviewer.mjs"]}
{"ts":"2026-06-27T20:51:56.234Z","lane":"reviewer","event":"done","step":null,"code":0,"ms":148}
{"ts":"2026-06-27T20:52:02.085Z","lane":"splitter","event":"start","step":null,"bin":"node","args":["/Volumes/EOS_DIGITAL/KiriPedia/botnet/workers/first-third-splitter.mjs","--batch","30"]}
{"ts":"2026-06-27T20:52:02.223Z","lane":"splitter","event":"done","step":null,"code":0,"ms":137}
{"ts":"2026-06-27T20:52:13.367Z","lane":"plant","event":"start","step":"scribe-1","bin":"node","args":["/Volumes/EOS_DIGITAL/KiriPedia/botnet/workers/scribe.mjs","--worker","scribe-1","--batch","1"]}
{"ts":"2026-06-27T20:52:13.540Z","lane":"plant","event":"done","step":"scribe-1","code":0,"ms":171}
{"ts":"2026-06-27T20:52:13.541Z","lane":"plant","event":"start","step":"scribe-2","bin":"node","args":["/Volumes/EOS_DIGITAL/KiriPedia/botnet/workers/scribe.mjs","--worker","scribe-2","--batch","1"]}
{"ts":"2026-06-27T20:52:13.634Z","lane":"plant","event":"done","step":"scribe-2","code":0,"ms":92}
{"ts":"2026-06-27T20:52:13.634Z","lane":"plant","event":"start","step":"scribe-3","bin":"node","args":["/Volumes/EOS_DIGITAL/KiriPedia/botnet/workers/scribe.mjs","--worker","scribe-3","--batch","1"]}
{"ts":"2026-06-27T20:52:13.723Z","lane":"plant","event":"done","step":"scribe-3","code":0,"ms":83}
{"ts":"2026-06-27T20:52:17.307Z","lane":"plant2","event":"start","step":"cat-1","bin":"node","args":["/Volumes/EOS_DIGITAL/KiriPedia/botnet/workers/cataloger-editor.mjs","--worker","cataloger-1","--batch","1"]}
{"ts":"2026-06-27T20:52:17.451Z","lane":"plant2","event":"done","step":"cat-1","code":0,"ms":143}
{"ts":"2026-06-27T20:52:17.451Z","lane":"plant2","event":"start","step":"cat-2","bin":"node","args":["/Volumes/EOS_DIGITAL/KiriPedia/botnet/workers/cataloger-editor.mjs","--worker","cataloger-2","--batch","1"]}
{"ts":"2026-06-27T20:52:17.530Z","lane":"plant2","event":"done","step":"cat-2","code":0,"ms":77}
{"ts":"2026-06-27T20:52:34.899Z","lane":"snapshot","event":"start","step":null,"bin":"node","args":["/Volumes/EOS_DIGITAL/KiriPedia/botnet/lib/snapshot-writer.mjs"]}
{"ts":"2026-06-27T20:52:35.084Z","lane":"snapshot","event":"done","step":null,"code":0,"ms":183}
{"ts":"2026-06-27T20:52:49.364Z","lane":"rt-snapshot","event":"start","step":null,"bin":"node","args":["/Volumes/EOS_DIGITAL/KiriPedia/botnet/lib/research-team-snapshot.mjs"]}
{"ts":"2026-06-27T20:52:52.070Z","lane":"rt-snapshot","event":"done","step":null,"code":0,"ms":2703}
{"ts":"2026-06-27T20:52:53.360Z","lane":"triage-patroller","event":"start","step":null,"bin":"node","args":["/Volumes/EOS_DIGITAL/KiriPedia/botnet/workers/triage-patroller.mjs","--per-role","25"]}
{"ts":"2026-06-27T20:52:59.508Z","lane":"triage-patroller","event":"done","step":null,"code":0,"ms":6147}
{"ts":"2026-06-27T20:53:42.747Z","lane":"plant","event":"start","step":"scribe-1","bin":"node","args":["/Volumes/EOS_DIGITAL/KiriPedia/botnet/workers/scribe.mjs","--worker","scribe-1","--batch","1"]}
{"ts":"2026-06-27T20:53:42.998Z","lane":"plant","event":"done","step":"scribe-1","code":0,"ms":238}
{"ts":"2026-06-27T20:53:42.998Z","lane":"plant","event":"start","step":"scribe-2","bin":"node","args":["/Volumes/EOS_DIGITAL/KiriPedia/botnet/workers/scribe.mjs","--worker","scribe-2","--batch","1"]}
{"ts":"2026-06-27T20:53:43.092Z","lane":"plant","event":"done","step":"scribe-2","code":0,"ms":84}
{"ts":"2026-06-27T20:53:43.092Z","lane":"plant","event":"start","step":"scribe-3","bin":"node","args":["/Volumes/EOS_DIGITAL/KiriPedia/botnet/workers/scribe.mjs","--worker","scribe-3","--batch","1"]}
{"ts":"2026-06-27T20:53:43.182Z","lane":"plant","event":"done","step":"scribe-3","code":0,"ms":80}
{"ts":"2026-06-27T20:53:52.072Z","lane":"rt-snapshot","event":"start","step":null,"bin":"node","args":["/Volumes/EOS_DIGITAL/KiriPedia/botnet/lib/research-team-snapshot.mjs"]}
{"ts":"2026-06-27T20:53:52.353Z","lane":"rt-snapshot","event":"done","step":null,"code":0,"ms":280}
{"ts":"2026-06-27T20:54:05.875Z","lane":"plant2","event":"start","step":"cat-1","bin":"node","args":["/Volumes/EOS_DIGITAL/KiriPedia/botnet/workers/cataloger-editor.mjs","--worker","cataloger-1","--batch","1"]}
{"ts":"2026-06-27T20:54:06.000Z","lane":"plant2","event":"done","step":"cat-1","code":0,"ms":125}
{"ts":"2026-06-27T20:54:06.000Z","lane":"plant2","event":"start","step":"cat-2","bin":"node","args":["/Volumes/EOS_DIGITAL/KiriPedia/botnet/workers/cataloger-editor.mjs","--worker","cataloger-2","--batch","1"]}
{"ts":"2026-06-27T20:54:06.085Z","lane":"plant2","event":"done","step":"cat-2","code":0,"ms":83}
{"ts":"2026-06-27T20:54:08.198Z","lane":"triage","event":"start","step":null,"bin":"node","args":["/Volumes/EOS_DIGITAL/KiriPedia/botnet/workers/npp.mjs"]}
{"ts":"2026-06-27T20:54:08.337Z","lane":"triage","event":"done","step":null,"code":0,"ms":138}
{"ts":"2026-06-27T20:54:52.356Z","lane":"rt-snapshot","event":"start","step":null,"bin":"node","args":["/Volumes/EOS_DIGITAL/KiriPedia/botnet/lib/research-team-snapshot.mjs"]}
{"ts":"2026-06-27T20:54:52.744Z","lane":"rt-snapshot","event":"done","step":null,"code":0,"ms":386}
{"ts":"2026-06-27T20:54:58.296Z","lane":"plant","event":"start","step":"scribe-1","bin":"node","args":["/Volumes/EOS_DIGITAL/KiriPedia/botnet/workers/scribe.mjs","--worker","scribe-1","--batch","1"]}
{"ts":"2026-06-27T20:54:58.427Z","lane":"plant","event":"done","step":"scribe-1","code":0,"ms":130}
{"ts":"2026-06-27T20:54:58.428Z","lane":"plant","event":"start","step":"scribe-2","bin":"node","args":["/Volumes/EOS_DIGITAL/KiriPedia/botnet/workers/scribe.mjs","--worker","scribe-2","--batch","1"]}
{"ts":"2026-06-27T20:54:58.528Z","lane":"plant","event":"done","step":"scribe-2","code":0,"ms":78}
{"ts":"2026-06-27T20:54:58.528Z","lane":"plant","event":"start","step":"scribe-3","bin":"node","args":["/Volumes/EOS_DIGITAL/KiriPedia/botnet/workers/scribe.mjs","--worker","scribe-3","--batch","1"]}
{"ts":"2026-06-27T20:54:58.607Z","lane":"plant","event":"done","step":"scribe-3","code":0,"ms":78}
{"ts":"2026-06-27T20:55:03.547Z","lane":"calendar","event":"start","step":null,"bin":"node","args":["/Volumes/EOS_DIGITAL/KiriPedia/botnet/workers/calendar-keeper.mjs"]}
{"ts":"2026-06-27T20:55:04.676Z","lane":"calendar","event":"done","step":null,"code":0,"ms":1127}
{"ts":"2026-06-27T20:55:52.745Z","lane":"rt-snapshot","event":"start","step":null,"bin":"node","args":["/Volumes/EOS_DIGITAL/KiriPedia/botnet/lib/research-team-snapshot.mjs"]}
{"ts":"2026-06-27T20:55:55.697Z","lane":"rt-snapshot","event":"done","step":null,"code":0,"ms":529}
{"ts":"2026-06-27T20:56:05.751Z","lane":"plant2","event":"start","step":"cat-1","bin":"node","args":["/Volumes/EOS_DIGITAL/KiriPedia/botnet/workers/cataloger-editor.mjs","--worker","cataloger-1","--batch","1"]}
{"ts":"2026-06-27T20:56:06.060Z","lane":"plant2","event":"done","step":"cat-1","code":0,"ms":306}
{"ts":"2026-06-27T20:56:06.060Z","lane":"plant2","event":"start","step":"cat-2","bin":"node","args":["/Volumes/EOS_DIGITAL/KiriPedia/botnet/workers/cataloger-editor.mjs","--worker","cataloger-2","--batch","1"]}
{"ts":"2026-06-27T20:56:06.457Z","lane":"plant2","event":"done","step":"cat-2","code":0,"ms":263}
{"ts":"2026-06-27T20:56:22.891Z","lane":"plant","event":"start","step":"scribe-1","bin":"node","args":["/Volumes/EOS_DIGITAL/KiriPedia/botnet/workers/scribe.mjs","--worker","scribe-1","--batch","1"]}
{"ts":"2026-06-27T20:56:23.187Z","lane":"plant","event":"done","step":"scribe-1","code":0,"ms":294}
{"ts":"2026-06-27T20:56:23.187Z","lane":"plant","event":"start","step":"scribe-2","bin":"node","args":["/Volumes/EOS_DIGITAL/KiriPedia/botnet/workers/scribe.mjs","--worker","scribe-2","--batch","1"]}
{"ts":"2026-06-27T20:56:23.720Z","lane":"plant","event":"done","step":"scribe-2","code":0,"ms":403}
{"ts":"2026-06-27T20:56:23.720Z","lane":"plant","event":"start","step":"scribe-3","bin":"node","args":["/Volumes/EOS_DIGITAL/KiriPedia/botnet/workers/scribe.mjs","--worker","scribe-3","--batch","1"]}
{"ts":"2026-06-27T20:56:24.243Z","lane":"plant","event":"done","step":"scribe-3","code":0,"ms":393}
{"ts":"2026-06-27T20:56:55.698Z","lane":"rt-snapshot","event":"start","step":null,"bin":"node","args":["/Volumes/EOS_DIGITAL/KiriPedia/botnet/lib/research-team-snapshot.mjs"]}
{"ts":"2026-06-27T20:56:56.283Z","lane":"rt-snapshot","event":"done","step":null,"code":0,"ms":584}
{"ts":"2026-06-27T20:57:09.184Z","lane":"reviewer","event":"start","step":null,"bin":"node","args":["/Volumes/EOS_DIGITAL/KiriPedia/botnet/workers/reviewer.mjs"]}
{"ts":"2026-06-27T20:57:09.314Z","lane":"reviewer","event":"done","step":null,"code":0,"ms":129}
{"ts":"2026-06-27T20:57:35.081Z","lane":"snapshot","event":"start","step":null,"bin":"node","args":["/Volumes/EOS_DIGITAL/KiriPedia/botnet/lib/snapshot-writer.mjs"]}
{"ts":"2026-06-27T20:57:35.259Z","lane":"snapshot","event":"done","step":null,"code":0,"ms":175}
{"ts":"2026-06-27T20:57:56.285Z","lane":"rt-snapshot","event":"start","step":null,"bin":"node","args":["/Volumes/EOS_DIGITAL/KiriPedia/botnet/lib/research-team-snapshot.mjs"]}
{"ts":"2026-06-27T20:57:56.442Z","lane":"rt-snapshot","event":"done","step":null,"code":0,"ms":156}
{"ts":"2026-06-27T20:57:58.327Z","lane":"plant","event":"start","step":"scribe-1","bin":"node","args":["/Volumes/EOS_DIGITAL/KiriPedia/botnet/workers/scribe.mjs","--worker","scribe-1","--batch","1"]}
{"ts":"2026-06-27T20:57:58.451Z","lane":"plant","event":"done","step":"scribe-1","code":0,"ms":123}
{"ts":"2026-06-27T20:57:58.451Z","lane":"plant","event":"start","step":"scribe-2","bin":"node","args":["/Volumes/EOS_DIGITAL/KiriPedia/botnet/workers/scribe.mjs","--worker","scribe-2","--batch","1"]}
{"ts":"2026-06-27T20:57:58.568Z","lane":"plant","event":"done","step":"scribe-2","code":0,"ms":96}
{"ts":"2026-06-27T20:57:58.568Z","lane":"plant","event":"start","step":"scribe-3","bin":"node","args":["/Volumes/EOS_DIGITAL/KiriPedia/botnet/workers/scribe.mjs","--worker","scribe-3","--batch","1"]}
{"ts":"2026-06-27T20:57:58.671Z","lane":"plant","event":"done","step":"scribe-3","code":0,"ms":94}
{"ts":"2026-06-27T20:58:21.108Z","lane":"plant2","event":"start","step":"cat-1","bin":"node","args":["/Volumes/EOS_DIGITAL/KiriPedia/botnet/workers/cataloger-editor.mjs","--worker","cataloger-1","--batch","1"]}
{"ts":"2026-06-27T20:58:21.233Z","lane":"plant2","event":"done","step":"cat-1","code":0,"ms":123}
{"ts":"2026-06-27T20:58:21.233Z","lane":"plant2","event":"start","step":"cat-2","bin":"node","args":["/Volumes/EOS_DIGITAL/KiriPedia/botnet/workers/cataloger-editor.mjs","--worker","cataloger-2","--batch","1"]}
{"ts":"2026-06-27T20:58:21.353Z","lane":"plant2","event":"done","step":"cat-2","code":0,"ms":110}
{"ts":"2026-06-27T20:58:33.744Z","lane":"discretion","event":"start","step":null,"bin":"node","args":["/Volumes/EOS_DIGITAL/KiriPedia/botnet/workers/discretion-warden.mjs","--batch","20"]}
{"ts":"2026-06-27T20:58:33.867Z","lane":"discretion","event":"done","step":null,"code":0,"ms":122}
{"ts":"2026-06-27T20:58:56.443Z","lane":"rt-snapshot","event":"start","step":null,"bin":"node","args":["/Volumes/EOS_DIGITAL/KiriPedia/botnet/lib/research-team-snapshot.mjs"]}
{"ts":"2026-06-27T20:58:56.619Z","lane":"rt-snapshot","event":"done","step":null,"code":0,"ms":175}
{"ts":"2026-06-27T20:59:11.477Z","lane":"splitter","event":"start","step":null,"bin":"node","args":["/Volumes/EOS_DIGITAL/KiriPedia/botnet/workers/first-third-splitter.mjs","--batch","30"]}
{"ts":"2026-06-27T20:59:11.662Z","lane":"splitter","event":"done","step":null,"code":0,"ms":183}
{"ts":"2026-06-27T20:59:33.411Z","lane":"plant","event":"start","step":"scribe-1","bin":"node","args":["/Volumes/EOS_DIGITAL/KiriPedia/botnet/workers/scribe.mjs","--worker","scribe-1","--batch","1"]}
{"ts":"2026-06-27T20:59:33.605Z","lane":"plant","event":"done","step":"scribe-1","code":0,"ms":192}
{"ts":"2026-06-27T20:59:33.605Z","lane":"plant","event":"start","step":"scribe-2","bin":"node","args":["/Volumes/EOS_DIGITAL/KiriPedia/botnet/workers/scribe.mjs","--worker","scribe-2","--batch","1"]}
{"ts":"2026-06-27T20:59:33.686Z","lane":"plant","event":"done","step":"scribe-2","code":0,"ms":79}
{"ts":"2026-06-27T20:59:33.686Z","lane":"plant","event":"start","step":"scribe-3","bin":"node","args":["/Volumes/EOS_DIGITAL/KiriPedia/botnet/workers/scribe.mjs","--worker","scribe-3","--batch","1"]}
{"ts":"2026-06-27T20:59:33.771Z","lane":"plant","event":"done","step":"scribe-3","code":0,"ms":80}
{"ts":"2026-06-27T20:59:56.622Z","lane":"rt-snapshot","event":"start","step":null,"bin":"node","args":["/Volumes/EOS_DIGITAL/KiriPedia/botnet/lib/research-team-snapshot.mjs"]}
{"ts":"2026-06-27T20:59:56.974Z","lane":"rt-snapshot","event":"done","step":null,"code":0,"ms":350}
{"ts":"2026-06-27T21:00:23.451Z","lane":"plant2","event":"start","step":"cat-1","bin":"node","args":["/Volumes/EOS_DIGITAL/KiriPedia/botnet/workers/cataloger-editor.mjs","--worker","cataloger-1","--batch","1"]}
{"ts":"2026-06-27T21:00:23.563Z","lane":"plant2","event":"done","step":"cat-1","code":0,"ms":111}
{"ts":"2026-06-27T21:00:23.563Z","lane":"plant2","event":"start","step":"cat-2","bin":"node","args":["/Volumes/EOS_DIGITAL/KiriPedia/botnet/workers/cataloger-editor.mjs","--worker","cataloger-2","--batch","1"]}
{"ts":"2026-06-27T21:00:23.646Z","lane":"plant2","event":"done","step":"cat-2","code":0,"ms":79}
{"ts":"2026-06-27T21:00:56.975Z","lane":"rt-snapshot","event":"start","step":null,"bin":"node","args":["/Volumes/EOS_DIGITAL/KiriPedia/botnet/lib/research-team-snapshot.mjs"]}
{"ts":"2026-06-27T21:00:57.110Z","lane":"rt-snapshot","event":"done","step":null,"code":0,"ms":134}
{"ts":"2026-06-27T21:01:14.893Z","lane":"plant","event":"start","step":"scribe-1","bin":"node","args":["/Volumes/EOS_DIGITAL/KiriPedia/botnet/workers/scribe.mjs","--worker","scribe-1","--batch","1"]}
{"ts":"2026-06-27T21:01:15.016Z","lane":"plant","event":"done","step":"scribe-1","code":0,"ms":122}
{"ts":"2026-06-27T21:01:15.016Z","lane":"plant","event":"start","step":"scribe-2","bin":"node","args":["/Volumes/EOS_DIGITAL/KiriPedia/botnet/workers/scribe.mjs","--worker","scribe-2","--batch","1"]}
{"ts":"2026-06-27T21:01:15.097Z","lane":"plant","event":"done","step":"scribe-2","code":0,"ms":77}
{"ts":"2026-06-27T21:01:15.097Z","lane":"plant","event":"start","step":"scribe-3","bin":"node","args":["/Volumes/EOS_DIGITAL/KiriPedia/botnet/workers/scribe.mjs","--worker","scribe-3","--batch","1"]}
{"ts":"2026-06-27T21:01:15.178Z","lane":"plant","event":"done","step":"scribe-3","code":0,"ms":78}
{"ts":"2026-06-27T21:01:15.562Z","lane":"indexer","event":"start","step":null,"bin":"node","args":["/Volumes/EOS_DIGITAL/KiriPedia/botnet/workers/indexer.mjs"]}
{"ts":"2026-06-27T21:01:18.970Z","lane":"indexer","event":"done","step":null,"code":0,"ms":3407}
{"ts":"2026-06-27T21:01:42.225Z","lane":"diff-sentinel","event":"start","step":null,"bin":"node","args":["/Volumes/EOS_DIGITAL/KiriPedia/botnet/workers/diff-sentinel.mjs"]}
{"ts":"2026-06-27T21:01:42.480Z","lane":"diff-sentinel","event":"done","step":null,"code":0,"ms":254}
{"ts":"2026-06-27T21:01:47.515Z","lane":"office","event":"start","step":null,"bin":"node","args":["/Volumes/EOS_DIGITAL/KiriPedia/botnet/workers/office-manager.mjs"]}
{"ts":"2026-06-27T21:01:57.111Z","lane":"rt-snapshot","event":"start","step":null,"bin":"node","args":["/Volumes/EOS_DIGITAL/KiriPedia/botnet/lib/research-team-snapshot.mjs"]}
{"ts":"2026-06-27T21:01:57.275Z","lane":"rt-snapshot","event":"done","step":null,"code":0,"ms":162}
{"ts":"2026-06-27T21:01:58.738Z","lane":"office","event":"done","step":null,"code":0,"ms":11222}
{"ts":"2026-06-27T21:02:01.111Z","lane":"reviewer","event":"start","step":null,"bin":"node","args":["/Volumes/EOS_DIGITAL/KiriPedia/botnet/workers/reviewer.mjs"]}
{"ts":"2026-06-27T21:02:01.204Z","lane":"catch-import","event":"start","step":null,"bin":"node","args":["/Volumes/EOS_DIGITAL/KiriPedia/botnet/workers/catch-importer.mjs","--auto-trust"]}
{"ts":"2026-06-27T21:02:01.230Z","lane":"reviewer","event":"done","step":null,"code":0,"ms":118}
{"ts":"2026-06-27T21:02:01.295Z","lane":"catch-import","event":"done","step":null,"code":0,"ms":91}
{"ts":"2026-06-27T21:02:12.960Z","lane":"plant2","event":"start","step":"cat-1","bin":"node","args":["/Volumes/EOS_DIGITAL/KiriPedia/botnet/workers/cataloger-editor.mjs","--worker","cataloger-1","--batch","1"]}
{"ts":"2026-06-27T21:02:13.085Z","lane":"plant2","event":"done","step":"cat-1","code":0,"ms":124}
{"ts":"2026-06-27T21:02:13.085Z","lane":"plant2","event":"start","step":"cat-2","bin":"node","args":["/Volumes/EOS_DIGITAL/KiriPedia/botnet/workers/cataloger-editor.mjs","--worker","cataloger-2","--batch","1"]}
{"ts":"2026-06-27T21:02:13.165Z","lane":"plant2","event":"done","step":"cat-2","code":0,"ms":79}
{"ts":"2026-06-27T21:02:16.734Z","lane":"triage-patroller","event":"start","step":null,"bin":"node","args":["/Volumes/EOS_DIGITAL/KiriPedia/botnet/workers/triage-patroller.mjs","--per-role","25"]}
{"ts":"2026-06-27T21:02:19.022Z","lane":"triage-patroller","event":"done","step":null,"code":0,"ms":2287}
{"ts":"2026-06-27T21:02:31.764Z","lane":"plant","event":"start","step":"scribe-1","bin":"node","args":["/Volumes/EOS_DIGITAL/KiriPedia/botnet/workers/scribe.mjs","--worker","scribe-1","--batch","1"]}
{"ts":"2026-06-27T21:02:31.881Z","lane":"plant","event":"done","step":"scribe-1","code":0,"ms":116}
{"ts":"2026-06-27T21:02:31.881Z","lane":"plant","event":"start","step":"scribe-2","bin":"node","args":["/Volumes/EOS_DIGITAL/KiriPedia/botnet/workers/scribe.mjs","--worker","scribe-2","--batch","1"]}
{"ts":"2026-06-27T21:02:31.972Z","lane":"plant","event":"done","step":"scribe-2","code":0,"ms":88}
{"ts":"2026-06-27T21:02:31.973Z","lane":"plant","event":"start","step":"scribe-3","bin":"node","args":["/Volumes/EOS_DIGITAL/KiriPedia/botnet/workers/scribe.mjs","--worker","scribe-3","--batch","1"]}
{"ts":"2026-06-27T21:02:32.052Z","lane":"plant","event":"done","step":"scribe-3","code":0,"ms":78}
{"ts":"2026-06-27T21:02:35.257Z","lane":"snapshot","event":"start","step":null,"bin":"node","args":["/Volumes/EOS_DIGITAL/KiriPedia/botnet/lib/snapshot-writer.mjs"]}
{"ts":"2026-06-27T21:02:35.376Z","lane":"snapshot","event":"done","step":null,"code":0,"ms":118}
{"ts":"2026-06-27T21:02:57.275Z","lane":"rt-snapshot","event":"start","step":null,"bin":"node","args":["/Volumes/EOS_DIGITAL/KiriPedia/botnet/lib/research-team-snapshot.mjs"]}
{"ts":"2026-06-27T21:02:57.414Z","lane":"rt-snapshot","event":"done","step":null,"code":0,"ms":138}
{"ts":"2026-06-27T21:02:59.272Z","lane":"sentry","event":"start","step":null,"bin":"node","args":["/Volumes/EOS_DIGITAL/KiriPedia/botnet/workers/mouth-sentry.mjs"]}
{"ts":"2026-06-27T21:02:59.398Z","lane":"sentry","event":"done","step":null,"code":0,"ms":125}
{"ts":"2026-06-27T21:03:14.074Z","lane":"shape-auditor","event":"start","step":null,"bin":"node","args":["/Volumes/EOS_DIGITAL/KiriPedia/botnet/workers/shape-auditor.mjs","--threshold","5"]}
{"ts":"2026-06-27T21:03:14.217Z","lane":"shape-auditor","event":"done","step":null,"code":0,"ms":142}
{"ts":"2026-06-27T21:03:22.912Z","lane":"triage","event":"start","step":null,"bin":"node","args":["/Volumes/EOS_DIGITAL/KiriPedia/botnet/workers/npp.mjs"]}
{"ts":"2026-06-27T21:03:23.042Z","lane":"triage","event":"done","step":null,"code":0,"ms":129}
{"ts":"2026-06-27T21:03:39.242Z","lane":"mos-enforcer","event":"start","step":null,"bin":"node","args":["/Volumes/EOS_DIGITAL/KiriPedia/botnet/workers/mos-enforcer.mjs"]}
{"ts":"2026-06-27T21:03:39.993Z","lane":"mos-enforcer","event":"done","step":null,"code":0,"ms":750}
{"ts":"2026-06-27T21:03:42.008Z","lane":"coord","event":"start","step":null,"bin":"node","args":["/Volumes/EOS_DIGITAL/KiriPedia/botnet/workers/coordinator.mjs"]}
{"ts":"2026-06-27T21:03:42.132Z","lane":"coord","event":"done","step":null,"code":0,"ms":123}
{"ts":"2026-06-27T21:03:57.225Z","lane":"prospect","event":"start","step":null,"bin":"node","args":["/Volumes/EOS_DIGITAL/KiriPedia/botnet/workers/prospector.mjs","--batch","2"]}
{"ts":"2026-06-27T21:03:57.414Z","lane":"rt-snapshot","event":"start","step":null,"bin":"node","args":["/Volumes/EOS_DIGITAL/KiriPedia/botnet/lib/research-team-snapshot.mjs"]}
{"ts":"2026-06-27T21:03:57.528Z","lane":"rt-snapshot","event":"done","step":null,"code":0,"ms":113}
{"ts":"2026-06-27T21:04:03.207Z","lane":"trawler","event":"done","step":null,"code":-1,"ms":1199999,"stderr":"[trawler:youtube] Run 1/4 for 2026-06-27.\n"}
{"ts":"2026-06-27T21:04:03.209Z","lane":"trawler","event":"backoff","ms":120000}
{"ts":"2026-06-27T21:04:07.774Z","lane":"plant","event":"start","step":"scribe-1","bin":"node","args":["/Volumes/EOS_DIGITAL/KiriPedia/botnet/workers/scribe.mjs","--worker","scribe-1","--batch","1"]}
{"ts":"2026-06-27T21:04:07.881Z","lane":"plant","event":"done","step":"scribe-1","code":0,"ms":107}
{"ts":"2026-06-27T21:04:07.882Z","lane":"plant","event":"start","step":"scribe-2","bin":"node","args":["/Volumes/EOS_DIGITAL/KiriPedia/botnet/workers/scribe.mjs","--worker","scribe-2","--batch","1"]}
{"ts":"2026-06-27T21:04:07.966Z","lane":"plant","event":"done","step":"scribe-2","code":0,"ms":82}
{"ts":"2026-06-27T21:04:07.966Z","lane":"plant","event":"start","step":"scribe-3","bin":"node","args":["/Volumes/EOS_DIGITAL/KiriPedia/botnet/workers/scribe.mjs","--worker","scribe-3","--batch","1"]}
{"ts":"2026-06-27T21:04:08.061Z","lane":"plant","event":"done","step":"scribe-3","code":0,"ms":93}
{"ts":"2026-06-27T21:04:10.223Z","lane":"prospect","event":"done","step":null,"code":0,"ms":12997}
{"ts":"2026-06-27T21:04:22.173Z","lane":"plant2","event":"start","step":"cat-1","bin":"node","args":["/Volumes/EOS_DIGITAL/KiriPedia/botnet/workers/cataloger-editor.mjs","--worker","cataloger-1","--batch","1"]}
{"ts":"2026-06-27T21:04:22.318Z","lane":"plant2","event":"done","step":"cat-1","code":0,"ms":144}
{"ts":"2026-06-27T21:04:22.318Z","lane":"plant2","event":"start","step":"cat-2","bin":"node","args":["/Volumes/EOS_DIGITAL/KiriPedia/botnet/workers/cataloger-editor.mjs","--worker","cataloger-2","--batch","1"]}
{"ts":"2026-06-27T21:04:22.402Z","lane":"plant2","event":"done","step":"cat-2","code":0,"ms":79}
{"ts":"2026-06-27T21:04:30.418Z","lane":"re-reader","event":"start","step":null,"bin":"node","args":["/Volumes/EOS_DIGITAL/KiriPedia/botnet/workers/re-reader.mjs","--worker","re-reader-1","--batch","2"]}
{"ts":"2026-06-27T21:04:57.529Z","lane":"rt-snapshot","event":"start","step":null,"bin":"node","args":["/Volumes/EOS_DIGITAL/KiriPedia/botnet/lib/research-team-snapshot.mjs"]}
{"ts":"2026-06-27T21:04:57.685Z","lane":"rt-snapshot","event":"done","step":null,"code":0,"ms":154}
{"ts":"2026-06-27T21:05:01.073Z","lane":"mining","event":"start","step":"deepener","bin":"node","args":["/Volumes/EOS_DIGITAL/KiriPedia/botnet/workers/deepener.mjs","--batch","5"]}
{"ts":"2026-06-27T21:05:34.229Z","lane":"plant","event":"start","step":"scribe-1","bin":"node","args":["/Volumes/EOS_DIGITAL/KiriPedia/botnet/workers/scribe.mjs","--worker","scribe-1","--batch","1"]}
{"ts":"2026-06-27T21:05:34.306Z","lane":"plant","event":"done","step":"scribe-1","code":0,"ms":77}
{"ts":"2026-06-27T21:05:34.306Z","lane":"plant","event":"start","step":"scribe-2","bin":"node","args":["/Volumes/EOS_DIGITAL/KiriPedia/botnet/workers/scribe.mjs","--worker","scribe-2","--batch","1"]}
{"ts":"2026-06-27T21:05:34.383Z","lane":"plant","event":"done","step":"scribe-2","code":0,"ms":75}
{"ts":"2026-06-27T21:05:34.383Z","lane":"plant","event":"start","step":"scribe-3","bin":"node","args":["/Volumes/EOS_DIGITAL/KiriPedia/botnet/workers/scribe.mjs","--worker","scribe-3","--batch","1"]}
{"ts":"2026-06-27T21:05:34.461Z","lane":"plant","event":"done","step":"scribe-3","code":0,"ms":76}
{"ts":"2026-06-27T21:05:34.497Z","lane":"re-reader","event":"done","step":null,"code":0,"ms":64078}
{"ts":"2026-06-27T21:05:50.506Z","lane":"mining","event":"done","step":"deepener","code":0,"ms":49431}
{"ts":"2026-06-27T21:05:50.506Z","lane":"mining","event":"start","step":"enricher","bin":"node","args":["/Volumes/EOS_DIGITAL/KiriPedia/botnet/workers/enricher.mjs","--batch","5"]}
{"ts":"2026-06-27T21:05:52.194Z","lane":"discretion","event":"start","step":null,"bin":"node","args":["/Volumes/EOS_DIGITAL/KiriPedia/botnet/workers/discretion-warden.mjs","--batch","20"]}
{"ts":"2026-06-27T21:05:52.269Z","lane":"discretion","event":"done","step":null,"code":0,"ms":74}
{"ts":"2026-06-27T21:05:57.686Z","lane":"rt-snapshot","event":"start","step":null,"bin":"node","args":["/Volumes/EOS_DIGITAL/KiriPedia/botnet/lib/research-team-snapshot.mjs"]}
{"ts":"2026-06-27T21:05:57.779Z","lane":"rt-snapshot","event":"done","step":null,"code":0,"ms":92}
{"ts":"2026-06-27T21:05:59.104Z","lane":"splitter","event":"start","step":null,"bin":"node","args":["/Volumes/EOS_DIGITAL/KiriPedia/botnet/workers/first-third-splitter.mjs","--batch","30"]}
{"ts":"2026-06-27T21:05:59.177Z","lane":"splitter","event":"done","step":null,"code":0,"ms":72}
{"ts":"2026-06-27T21:06:03.211Z","lane":"trawler","event":"start","step":null,"bin":"node","args":["/Volumes/EOS_DIGITAL/KiriPedia/fleet/trawlers/youtube.mjs"]}
{"ts":"2026-06-27T21:06:14.639Z","lane":"mining","event":"done","step":"enricher","code":0,"ms":24132}
{"ts":"2026-06-27T21:06:14.639Z","lane":"mining","event":"start","step":"weaver","bin":"node","args":["/Volumes/EOS_DIGITAL/KiriPedia/botnet/workers/weaver.mjs","--batch","5"]}
{"ts":"2026-06-27T21:06:24.079Z","lane":"mining","event":"done","step":"weaver","code":0,"ms":9438}
{"ts":"2026-06-27T21:06:28.256Z","lane":"plant2","event":"start","step":"cat-1","bin":"node","args":["/Volumes/EOS_DIGITAL/KiriPedia/botnet/workers/cataloger-editor.mjs","--worker","cataloger-1","--batch","1"]}
{"ts":"2026-06-27T21:06:28.378Z","lane":"plant2","event":"done","step":"cat-1","code":0,"ms":120}
{"ts":"2026-06-27T21:06:28.378Z","lane":"plant2","event":"start","step":"cat-2","bin":"node","args":["/Volumes/EOS_DIGITAL/KiriPedia/botnet/workers/cataloger-editor.mjs","--worker","cataloger-2","--batch","1"]}
{"ts":"2026-06-27T21:06:28.457Z","lane":"plant2","event":"done","step":"cat-2","code":0,"ms":77}
{"ts":"2026-06-27T21:06:35.326Z","lane":"reviewer","event":"start","step":null,"bin":"node","args":["/Volumes/EOS_DIGITAL/KiriPedia/botnet/workers/reviewer.mjs"]}
{"ts":"2026-06-27T21:06:35.449Z","lane":"reviewer","event":"done","step":null,"code":0,"ms":122}
{"ts":"2026-06-27T21:06:57.782Z","lane":"rt-snapshot","event":"start","step":null,"bin":"node","args":["/Volumes/EOS_DIGITAL/KiriPedia/botnet/lib/research-team-snapshot.mjs"]}
{"ts":"2026-06-27T21:06:57.929Z","lane":"rt-snapshot","event":"done","step":null,"code":0,"ms":146}
{"ts":"2026-06-27T21:07:12.318Z","lane":"plant","event":"start","step":"scribe-1","bin":"node","args":["/Volumes/EOS_DIGITAL/KiriPedia/botnet/workers/scribe.mjs","--worker","scribe-1","--batch","1"]}
{"ts":"2026-06-27T21:07:12.453Z","lane":"plant","event":"done","step":"scribe-1","code":0,"ms":133}
{"ts":"2026-06-27T21:07:12.453Z","lane":"plant","event":"start","step":"scribe-2","bin":"node","args":["/Volumes/EOS_DIGITAL/KiriPedia/botnet/workers/scribe.mjs","--worker","scribe-2","--batch","1"]}
{"ts":"2026-06-27T21:07:12.539Z","lane":"plant","event":"done","step":"scribe-2","code":0,"ms":82}
{"ts":"2026-06-27T21:07:12.539Z","lane":"plant","event":"start","step":"scribe-3","bin":"node","args":["/Volumes/EOS_DIGITAL/KiriPedia/botnet/workers/scribe.mjs","--worker","scribe-3","--batch","1"]}
{"ts":"2026-06-27T21:07:12.621Z","lane":"plant","event":"done","step":"scribe-3","code":0,"ms":81}
{"ts":"2026-06-27T21:07:35.374Z","lane":"snapshot","event":"start","step":null,"bin":"node","args":["/Volumes/EOS_DIGITAL/KiriPedia/botnet/lib/snapshot-writer.mjs"]}
{"ts":"2026-06-27T21:07:35.510Z","lane":"snapshot","event":"done","step":null,"code":0,"ms":134}
{"ts":"2026-06-27T21:07:57.932Z","lane":"rt-snapshot","event":"start","step":null,"bin":"node","args":["/Volumes/EOS_DIGITAL/KiriPedia/botnet/lib/research-team-snapshot.mjs"]}
{"ts":"2026-06-27T21:07:58.303Z","lane":"rt-snapshot","event":"done","step":null,"code":0,"ms":368}
{"ts":"2026-06-27T21:08:12.929Z","lane":"plant2","event":"start","step":"cat-1","bin":"node","args":["/Volumes/EOS_DIGITAL/KiriPedia/botnet/workers/cataloger-editor.mjs","--worker","cataloger-1","--batch","1"]}
{"ts":"2026-06-27T21:08:13.146Z","lane":"plant2","event":"done","step":"cat-1","code":0,"ms":216}
{"ts":"2026-06-27T21:08:13.146Z","lane":"plant2","event":"start","step":"cat-2","bin":"node","args":["/Volumes/EOS_DIGITAL/KiriPedia/botnet/workers/cataloger-editor.mjs","--worker","cataloger-2","--batch","1"]}
{"ts":"2026-06-27T21:08:13.230Z","lane":"plant2","event":"done","step":"cat-2","code":0,"ms":83}
{"ts":"2026-06-27T21:08:41.489Z","lane":"plant","event":"start","step":"scribe-1","bin":"node","args":["/Volumes/EOS_DIGITAL/KiriPedia/botnet/workers/scribe.mjs","--worker","scribe-1","--batch","1"]}
{"ts":"2026-06-27T21:08:41.686Z","lane":"plant","event":"done","step":"scribe-1","code":0,"ms":195}
{"ts":"2026-06-27T21:08:41.686Z","lane":"plant","event":"start","step":"scribe-2","bin":"node","args":["/Volumes/EOS_DIGITAL/KiriPedia/botnet/workers/scribe.mjs","--worker","scribe-2","--batch","1"]}
{"ts":"2026-06-27T21:08:41.764Z","lane":"plant","event":"done","step":"scribe-2","code":0,"ms":76}
{"ts":"2026-06-27T21:08:41.764Z","lane":"plant","event":"start","step":"scribe-3","bin":"node","args":["/Volumes/EOS_DIGITAL/KiriPedia/botnet/workers/scribe.mjs","--worker","scribe-3","--batch","1"]}
{"ts":"2026-06-27T21:08:41.842Z","lane":"plant","event":"done","step":"scribe-3","code":0,"ms":77}
{"ts":"2026-06-27T21:08:58.305Z","lane":"rt-snapshot","event":"start","step":null,"bin":"node","args":["/Volumes/EOS_DIGITAL/KiriPedia/botnet/lib/research-team-snapshot.mjs"]}
{"ts":"2026-06-27T21:08:58.688Z","lane":"rt-snapshot","event":"done","step":null,"code":0,"ms":380}
{"ts":"2026-06-27T21:09:58.691Z","lane":"rt-snapshot","event":"start","step":null,"bin":"node","args":["/Volumes/EOS_DIGITAL/KiriPedia/botnet/lib/research-team-snapshot.mjs"]}
{"ts":"2026-06-27T21:09:59.052Z","lane":"rt-snapshot","event":"done","step":null,"code":0,"ms":354}
{"ts":"2026-06-27T21:10:21.788Z","lane":"plant","event":"start","step":"scribe-1","bin":"node","args":["/Volumes/EOS_DIGITAL/KiriPedia/botnet/workers/scribe.mjs","--worker","scribe-1","--batch","1"]}
{"ts":"2026-06-27T21:10:21.972Z","lane":"plant","event":"done","step":"scribe-1","code":0,"ms":181}
{"ts":"2026-06-27T21:10:21.972Z","lane":"plant","event":"start","step":"scribe-2","bin":"node","args":["/Volumes/EOS_DIGITAL/KiriPedia/botnet/workers/scribe.mjs","--worker","scribe-2","--batch","1"]}
{"ts":"2026-06-27T21:10:22.049Z","lane":"plant","event":"done","step":"scribe-2","code":0,"ms":76}
{"ts":"2026-06-27T21:10:22.050Z","lane":"plant","event":"start","step":"scribe-3","bin":"node","args":["/Volumes/EOS_DIGITAL/KiriPedia/botnet/workers/scribe.mjs","--worker","scribe-3","--batch","1"]}
{"ts":"2026-06-27T21:10:22.129Z","lane":"plant","event":"done","step":"scribe-3","code":0,"ms":78}
{"ts":"2026-06-27T21:10:32.867Z","lane":"plant2","event":"start","step":"cat-1","bin":"node","args":["/Volumes/EOS_DIGITAL/KiriPedia/botnet/workers/cataloger-editor.mjs","--worker","cataloger-1","--batch","1"]}
{"ts":"2026-06-27T21:10:33.062Z","lane":"plant2","event":"done","step":"cat-1","code":0,"ms":193}
{"ts":"2026-06-27T21:10:33.062Z","lane":"plant2","event":"start","step":"cat-2","bin":"node","args":["/Volumes/EOS_DIGITAL/KiriPedia/botnet/workers/cataloger-editor.mjs","--worker","cataloger-2","--batch","1"]}
{"ts":"2026-06-27T21:10:33.141Z","lane":"plant2","event":"done","step":"cat-2","code":0,"ms":77}
{"ts":"2026-06-27T21:10:59.055Z","lane":"rt-snapshot","event":"start","step":null,"bin":"node","args":["/Volumes/EOS_DIGITAL/KiriPedia/botnet/lib/research-team-snapshot.mjs"]}
{"ts":"2026-06-27T21:10:59.438Z","lane":"rt-snapshot","event":"done","step":null,"code":0,"ms":381}
{"ts":"2026-06-27T21:11:29.585Z","lane":"office","event":"start","step":null,"bin":"node","args":["/Volumes/EOS_DIGITAL/KiriPedia/botnet/workers/office-manager.mjs"]}
{"ts":"2026-06-27T21:11:38.167Z","lane":"office","event":"done","step":null,"code":0,"ms":8581}
{"ts":"2026-06-27T21:11:46.399Z","lane":"plant","event":"start","step":"scribe-1","bin":"node","args":["/Volumes/EOS_DIGITAL/KiriPedia/botnet/workers/scribe.mjs","--worker","scribe-1","--batch","1"]}
{"ts":"2026-06-27T21:11:46.534Z","lane":"plant","event":"done","step":"scribe-1","code":0,"ms":134}
{"ts":"2026-06-27T21:11:46.535Z","lane":"plant","event":"start","step":"scribe-2","bin":"node","args":["/Volumes/EOS_DIGITAL/KiriPedia/botnet/workers/scribe.mjs","--worker","scribe-2","--batch","1"]}
{"ts":"2026-06-27T21:11:46.612Z","lane":"plant","event":"done","step":"scribe-2","code":0,"ms":76}
{"ts":"2026-06-27T21:11:46.612Z","lane":"plant","event":"start","step":"scribe-3","bin":"node","args":["/Volumes/EOS_DIGITAL/KiriPedia/botnet/workers/scribe.mjs","--worker","scribe-3","--batch","1"]}
{"ts":"2026-06-27T21:11:46.690Z","lane":"plant","event":"done","step":"scribe-3","code":0,"ms":76}
{"ts":"2026-06-27T21:11:55.155Z","lane":"reviewer","event":"start","step":null,"bin":"node","args":["/Volumes/EOS_DIGITAL/KiriPedia/botnet/workers/reviewer.mjs"]}
{"ts":"2026-06-27T21:11:55.285Z","lane":"reviewer","event":"done","step":null,"code":0,"ms":129}
{"ts":"2026-06-27T21:11:59.491Z","lane":"rt-snapshot","event":"start","step":null,"bin":"node","args":["/Volumes/EOS_DIGITAL/KiriPedia/botnet/lib/research-team-snapshot.mjs"]}
{"ts":"2026-06-27T21:11:59.787Z","lane":"rt-snapshot","event":"done","step":null,"code":0,"ms":294}
{"ts":"2026-06-27T21:12:16.760Z","lane":"triage-patroller","event":"start","step":null,"bin":"node","args":["/Volumes/EOS_DIGITAL/KiriPedia/botnet/workers/triage-patroller.mjs","--per-role","25"]}
{"ts":"2026-06-27T21:12:19.714Z","lane":"triage-patroller","event":"done","step":null,"code":0,"ms":2952}
{"ts":"2026-06-27T21:12:20.123Z","lane":"catch-import","event":"start","step":null,"bin":"node","args":["/Volumes/EOS_DIGITAL/KiriPedia/botnet/workers/catch-importer.mjs","--auto-trust"]}
{"ts":"2026-06-27T21:12:20.273Z","lane":"catch-import","event":"done","step":null,"code":0,"ms":149}
{"ts":"2026-06-27T21:12:35.559Z","lane":"snapshot","event":"start","step":null,"bin":"node","args":["/Volumes/EOS_DIGITAL/KiriPedia/botnet/lib/snapshot-writer.mjs"]}
{"ts":"2026-06-27T21:12:35.696Z","lane":"snapshot","event":"done","step":null,"code":0,"ms":136}
{"ts":"2026-06-27T21:12:46.268Z","lane":"plant2","event":"start","step":"cat-1","bin":"node","args":["/Volumes/EOS_DIGITAL/KiriPedia/botnet/workers/cataloger-editor.mjs","--worker","cataloger-1","--batch","1"]}
{"ts":"2026-06-27T21:12:46.420Z","lane":"plant2","event":"done","step":"cat-1","code":0,"ms":149}
{"ts":"2026-06-27T21:12:46.420Z","lane":"plant2","event":"start","step":"cat-2","bin":"node","args":["/Volumes/EOS_DIGITAL/KiriPedia/botnet/workers/cataloger-editor.mjs","--worker","cataloger-2","--batch","1"]}
{"ts":"2026-06-27T21:12:46.502Z","lane":"plant2","event":"done","step":"cat-2","code":0,"ms":77}
{"ts":"2026-06-27T21:12:55.495Z","lane":"discretion","event":"start","step":null,"bin":"node","args":["/Volumes/EOS_DIGITAL/KiriPedia/botnet/workers/discretion-warden.mjs","--batch","20"]}
{"ts":"2026-06-27T21:12:55.581Z","lane":"discretion","event":"done","step":null,"code":0,"ms":86}
{"ts":"2026-06-27T21:12:59.789Z","lane":"rt-snapshot","event":"start","step":null,"bin":"node","args":["/Volumes/EOS_DIGITAL/KiriPedia/botnet/lib/research-team-snapshot.mjs"]}
{"ts":"2026-06-27T21:13:00.017Z","lane":"rt-snapshot","event":"done","step":null,"code":0,"ms":227}
{"ts":"2026-06-27T21:13:11.557Z","lane":"splitter","event":"start","step":null,"bin":"node","args":["/Volumes/EOS_DIGITAL/KiriPedia/botnet/workers/first-third-splitter.mjs","--batch","30"]}
{"ts":"2026-06-27T21:13:11.673Z","lane":"splitter","event":"done","step":null,"code":0,"ms":115}
{"ts":"2026-06-27T21:13:16.186Z","lane":"plant","event":"start","step":"scribe-1","bin":"node","args":["/Volumes/EOS_DIGITAL/KiriPedia/botnet/workers/scribe.mjs","--worker","scribe-1","--batch","1"]}
{"ts":"2026-06-27T21:13:16.328Z","lane":"plant","event":"done","step":"scribe-1","code":0,"ms":140}
{"ts":"2026-06-27T21:13:16.328Z","lane":"plant","event":"start","step":"scribe-2","bin":"node","args":["/Volumes/EOS_DIGITAL/KiriPedia/botnet/workers/scribe.mjs","--worker","scribe-2","--batch","1"]}
{"ts":"2026-06-27T21:13:16.405Z","lane":"plant","event":"done","step":"scribe-2","code":0,"ms":76}
{"ts":"2026-06-27T21:13:16.405Z","lane":"plant","event":"start","step":"scribe-3","bin":"node","args":["/Volumes/EOS_DIGITAL/KiriPedia/botnet/workers/scribe.mjs","--worker","scribe-3","--batch","1"]}
{"ts":"2026-06-27T21:13:16.486Z","lane":"plant","event":"done","step":"scribe-3","code":0,"ms":80}
{"ts":"2026-06-27T21:13:39.549Z","lane":"triage","event":"start","step":null,"bin":"node","args":["/Volumes/EOS_DIGITAL/KiriPedia/botnet/workers/npp.mjs"]}
{"ts":"2026-06-27T21:13:39.772Z","lane":"triage","event":"done","step":null,"code":0,"ms":221}
{"ts":"2026-06-27T21:14:00.018Z","lane":"rt-snapshot","event":"start","step":null,"bin":"node","args":["/Volumes/EOS_DIGITAL/KiriPedia/botnet/lib/research-team-snapshot.mjs"]}
{"ts":"2026-06-27T21:14:00.226Z","lane":"rt-snapshot","event":"done","step":null,"code":0,"ms":207}
{"ts":"2026-06-27T21:14:34.293Z","lane":"plant","event":"start","step":"scribe-1","bin":"node","args":["/Volumes/EOS_DIGITAL/KiriPedia/botnet/workers/scribe.mjs","--worker","scribe-1","--batch","1"]}
{"ts":"2026-06-27T21:14:34.469Z","lane":"plant","event":"done","step":"scribe-1","code":0,"ms":175}
{"ts":"2026-06-27T21:14:34.469Z","lane":"plant","event":"start","step":"scribe-2","bin":"node","args":["/Volumes/EOS_DIGITAL/KiriPedia/botnet/workers/scribe.mjs","--worker","scribe-2","--batch","1"]}
{"ts":"2026-06-27T21:14:34.548Z","lane":"plant","event":"done","step":"scribe-2","code":0,"ms":78}
{"ts":"2026-06-27T21:14:34.548Z","lane":"plant","event":"start","step":"scribe-3","bin":"node","args":["/Volumes/EOS_DIGITAL/KiriPedia/botnet/workers/scribe.mjs","--worker","scribe-3","--batch","1"]}
{"ts":"2026-06-27T21:14:34.628Z","lane":"plant","event":"done","step":"scribe-3","code":0,"ms":79}
{"ts":"2026-06-27T21:14:57.044Z","lane":"plant2","event":"start","step":"cat-1","bin":"node","args":["/Volumes/EOS_DIGITAL/KiriPedia/botnet/workers/cataloger-editor.mjs","--worker","cataloger-1","--batch","1"]}
{"ts":"2026-06-27T21:14:57.332Z","lane":"plant2","event":"done","step":"cat-1","code":0,"ms":287}
{"ts":"2026-06-27T21:14:57.337Z","lane":"plant2","event":"start","step":"cat-2","bin":"node","args":["/Volumes/EOS_DIGITAL/KiriPedia/botnet/workers/cataloger-editor.mjs","--worker","cataloger-2","--batch","1"]}
{"ts":"2026-06-27T21:14:57.770Z","lane":"plant2","event":"done","step":"cat-2","code":0,"ms":275}
{"ts":"2026-06-27T21:15:00.229Z","lane":"rt-snapshot","event":"start","step":null,"bin":"node","args":["/Volumes/EOS_DIGITAL/KiriPedia/botnet/lib/research-team-snapshot.mjs"]}
{"ts":"2026-06-27T21:15:00.908Z","lane":"rt-snapshot","event":"done","step":null,"code":0,"ms":676}
{"ts":"2026-06-27T21:16:00.912Z","lane":"rt-snapshot","event":"start","step":null,"bin":"node","args":["/Volumes/EOS_DIGITAL/KiriPedia/botnet/lib/research-team-snapshot.mjs"]}
{"ts":"2026-06-27T21:16:01.735Z","lane":"rt-snapshot","event":"done","step":null,"code":0,"ms":669}
{"ts":"2026-06-27T21:16:08.036Z","lane":"plant","event":"start","step":"scribe-1","bin":"node","args":["/Volumes/EOS_DIGITAL/KiriPedia/botnet/workers/scribe.mjs","--worker","scribe-1","--batch","1"]}
{"ts":"2026-06-27T21:16:08.157Z","lane":"plant","event":"done","step":"scribe-1","code":0,"ms":121}
{"ts":"2026-06-27T21:16:08.157Z","lane":"plant","event":"start","step":"scribe-2","bin":"node","args":["/Volumes/EOS_DIGITAL/KiriPedia/botnet/workers/scribe.mjs","--worker","scribe-2","--batch","1"]}
{"ts":"2026-06-27T21:16:08.251Z","lane":"plant","event":"done","step":"scribe-2","code":0,"ms":84}
{"ts":"2026-06-27T21:16:08.251Z","lane":"plant","event":"start","step":"scribe-3","bin":"node","args":["/Volumes/EOS_DIGITAL/KiriPedia/botnet/workers/scribe.mjs","--worker","scribe-3","--batch","1"]}
{"ts":"2026-06-27T21:16:08.346Z","lane":"plant","event":"done","step":"scribe-3","code":0,"ms":85}
{"ts":"2026-06-27T21:16:58.671Z","lane":"reviewer","event":"start","step":null,"bin":"node","args":["/Volumes/EOS_DIGITAL/KiriPedia/botnet/workers/reviewer.mjs"]}
{"ts":"2026-06-27T21:17:01.491Z","lane":"reviewer","event":"done","step":null,"code":0,"ms":285}
{"ts":"2026-06-27T21:17:01.737Z","lane":"rt-snapshot","event":"start","step":null,"bin":"node","args":["/Volumes/EOS_DIGITAL/KiriPedia/botnet/lib/research-team-snapshot.mjs"]}
{"ts":"2026-06-27T21:17:03.060Z","lane":"rt-snapshot","event":"done","step":null,"code":0,"ms":918}
{"ts":"2026-06-27T21:17:14.562Z","lane":"plant2","event":"start","step":"cat-1","bin":"node","args":["/Volumes/EOS_DIGITAL/KiriPedia/botnet/workers/cataloger-editor.mjs","--worker","cataloger-1","--batch","1"]}
{"ts":"2026-06-27T21:17:14.881Z","lane":"plant2","event":"done","step":"cat-1","code":0,"ms":319}
{"ts":"2026-06-27T21:17:14.881Z","lane":"plant2","event":"start","step":"cat-2","bin":"node","args":["/Volumes/EOS_DIGITAL/KiriPedia/botnet/workers/cataloger-editor.mjs","--worker","cataloger-2","--batch","1"]}
{"ts":"2026-06-27T21:17:15.102Z","lane":"plant2","event":"done","step":"cat-2","code":0,"ms":87}
{"ts":"2026-06-27T21:17:30.861Z","lane":"plant","event":"start","step":"scribe-1","bin":"node","args":["/Volumes/EOS_DIGITAL/KiriPedia/botnet/workers/scribe.mjs","--worker","scribe-1","--batch","1"]}
{"ts":"2026-06-27T21:17:30.970Z","lane":"plant","event":"done","step":"scribe-1","code":0,"ms":109}
{"ts":"2026-06-27T21:17:30.970Z","lane":"plant","event":"start","step":"scribe-2","bin":"node","args":["/Volumes/EOS_DIGITAL/KiriPedia/botnet/workers/scribe.mjs","--worker","scribe-2","--batch","1"]}
{"ts":"2026-06-27T21:17:31.071Z","lane":"plant","event":"done","step":"scribe-2","code":0,"ms":92}
{"ts":"2026-06-27T21:17:31.071Z","lane":"plant","event":"start","step":"scribe-3","bin":"node","args":["/Volumes/EOS_DIGITAL/KiriPedia/botnet/workers/scribe.mjs","--worker","scribe-3","--batch","1"]}
{"ts":"2026-06-27T21:17:31.165Z","lane":"plant","event":"done","step":"scribe-3","code":0,"ms":85}
{"ts":"2026-06-27T21:17:35.700Z","lane":"snapshot","event":"start","step":null,"bin":"node","args":["/Volumes/EOS_DIGITAL/KiriPedia/botnet/lib/snapshot-writer.mjs"]}
{"ts":"2026-06-27T21:17:35.838Z","lane":"snapshot","event":"done","step":null,"code":0,"ms":137}
{"ts":"2026-06-27T21:18:03.063Z","lane":"rt-snapshot","event":"start","step":null,"bin":"node","args":["/Volumes/EOS_DIGITAL/KiriPedia/botnet/lib/research-team-snapshot.mjs"]}
{"ts":"2026-06-27T21:18:03.217Z","lane":"rt-snapshot","event":"done","step":null,"code":0,"ms":153}
{"ts":"2026-06-27T21:18:51.030Z","lane":"plant","event":"start","step":"scribe-1","bin":"node","args":["/Volumes/EOS_DIGITAL/KiriPedia/botnet/workers/scribe.mjs","--worker","scribe-1","--batch","1"]}
{"ts":"2026-06-27T21:18:51.168Z","lane":"plant","event":"done","step":"scribe-1","code":0,"ms":134}
{"ts":"2026-06-27T21:18:51.168Z","lane":"plant","event":"start","step":"scribe-2","bin":"node","args":["/Volumes/EOS_DIGITAL/KiriPedia/botnet/workers/scribe.mjs","--worker","scribe-2","--batch","1"]}
{"ts":"2026-06-27T21:18:51.247Z","lane":"plant","event":"done","step":"scribe-2","code":0,"ms":78}
{"ts":"2026-06-27T21:18:51.247Z","lane":"plant","event":"start","step":"scribe-3","bin":"node","args":["/Volumes/EOS_DIGITAL/KiriPedia/botnet/workers/scribe.mjs","--worker","scribe-3","--batch","1"]}
{"ts":"2026-06-27T21:18:51.324Z","lane":"plant","event":"done","step":"scribe-3","code":0,"ms":76}
{"ts":"2026-06-27T21:19:03.221Z","lane":"rt-snapshot","event":"start","step":null,"bin":"node","args":["/Volumes/EOS_DIGITAL/KiriPedia/botnet/lib/research-team-snapshot.mjs"]}
{"ts":"2026-06-27T21:19:03.417Z","lane":"rt-snapshot","event":"done","step":null,"code":0,"ms":195}
{"ts":"2026-06-27T21:19:27.971Z","lane":"coord","event":"start","step":null,"bin":"node","args":["/Volumes/EOS_DIGITAL/KiriPedia/botnet/workers/coordinator.mjs"]}
{"ts":"2026-06-27T21:19:28.066Z","lane":"coord","event":"done","step":null,"code":0,"ms":93}
{"ts":"2026-06-27T21:19:33.825Z","lane":"plant2","event":"start","step":"cat-1","bin":"node","args":["/Volumes/EOS_DIGITAL/KiriPedia/botnet/workers/cataloger-editor.mjs","--worker","cataloger-1","--batch","1"]}
{"ts":"2026-06-27T21:19:33.969Z","lane":"plant2","event":"done","step":"cat-1","code":0,"ms":142}
{"ts":"2026-06-27T21:19:33.969Z","lane":"plant2","event":"start","step":"cat-2","bin":"node","args":["/Volumes/EOS_DIGITAL/KiriPedia/botnet/workers/cataloger-editor.mjs","--worker","cataloger-2","--batch","1"]}
{"ts":"2026-06-27T21:19:34.053Z","lane":"plant2","event":"done","step":"cat-2","code":0,"ms":81}
{"ts":"2026-06-27T21:19:49.720Z","lane":"calendar","event":"start","step":null,"bin":"node","args":["/Volumes/EOS_DIGITAL/KiriPedia/botnet/workers/calendar-keeper.mjs"]}
{"ts":"2026-06-27T21:19:50.864Z","lane":"calendar","event":"done","step":null,"code":0,"ms":1143}
{"ts":"2026-06-27T21:20:03.420Z","lane":"rt-snapshot","event":"start","step":null,"bin":"node","args":["/Volumes/EOS_DIGITAL/KiriPedia/botnet/lib/research-team-snapshot.mjs"]}
{"ts":"2026-06-27T21:20:03.596Z","lane":"rt-snapshot","event":"done","step":null,"code":0,"ms":175}
{"ts":"2026-06-27T21:20:15.138Z","lane":"splitter","event":"start","step":null,"bin":"node","args":["/Volumes/EOS_DIGITAL/KiriPedia/botnet/workers/first-third-splitter.mjs","--batch","30"]}
{"ts":"2026-06-27T21:20:15.268Z","lane":"splitter","event":"done","step":null,"code":0,"ms":127}
{"ts":"2026-06-27T21:20:16.874Z","lane":"discretion","event":"start","step":null,"bin":"node","args":["/Volumes/EOS_DIGITAL/KiriPedia/botnet/workers/discretion-warden.mjs","--batch","20"]}
{"ts":"2026-06-27T21:20:16.989Z","lane":"discretion","event":"done","step":null,"code":0,"ms":113}
{"ts":"2026-06-27T21:20:26.911Z","lane":"plant","event":"start","step":"scribe-1","bin":"node","args":["/Volumes/EOS_DIGITAL/KiriPedia/botnet/workers/scribe.mjs","--worker","scribe-1","--batch","1"]}
{"ts":"2026-06-27T21:20:27.057Z","lane":"plant","event":"done","step":"scribe-1","code":0,"ms":143}
{"ts":"2026-06-27T21:20:27.057Z","lane":"plant","event":"start","step":"scribe-2","bin":"node","args":["/Volumes/EOS_DIGITAL/KiriPedia/botnet/workers/scribe.mjs","--worker","scribe-2","--batch","1"]}
{"ts":"2026-06-27T21:20:27.136Z","lane":"plant","event":"done","step":"scribe-2","code":0,"ms":78}
{"ts":"2026-06-27T21:20:27.136Z","lane":"plant","event":"start","step":"scribe-3","bin":"node","args":["/Volumes/EOS_DIGITAL/KiriPedia/botnet/workers/scribe.mjs","--worker","scribe-3","--batch","1"]}
{"ts":"2026-06-27T21:20:27.216Z","lane":"plant","event":"done","step":"scribe-3","code":0,"ms":79}
{"ts":"2026-06-27T21:21:03.600Z","lane":"rt-snapshot","event":"start","step":null,"bin":"node","args":["/Volumes/EOS_DIGITAL/KiriPedia/botnet/lib/research-team-snapshot.mjs"]}
{"ts":"2026-06-27T21:21:03.968Z","lane":"rt-snapshot","event":"done","step":null,"code":0,"ms":366}
{"ts":"2026-06-27T21:21:40.061Z","lane":"plant2","event":"start","step":"cat-1","bin":"node","args":["/Volumes/EOS_DIGITAL/KiriPedia/botnet/workers/cataloger-editor.mjs","--worker","cataloger-1","--batch","1"]}
{"ts":"2026-06-27T21:21:40.212Z","lane":"plant2","event":"done","step":"cat-1","code":0,"ms":150}
{"ts":"2026-06-27T21:21:40.212Z","lane":"plant2","event":"start","step":"cat-2","bin":"node","args":["/Volumes/EOS_DIGITAL/KiriPedia/botnet/workers/cataloger-editor.mjs","--worker","cataloger-2","--batch","1"]}
{"ts":"2026-06-27T21:21:40.291Z","lane":"plant2","event":"done","step":"cat-2","code":0,"ms":77}
{"ts":"2026-06-27T21:21:48.423Z","lane":"plant","event":"start","step":"scribe-1","bin":"node","args":["/Volumes/EOS_DIGITAL/KiriPedia/botnet/workers/scribe.mjs","--worker","scribe-1","--batch","1"]}
{"ts":"2026-06-27T21:21:48.519Z","lane":"plant","event":"done","step":"scribe-1","code":0,"ms":95}
{"ts":"2026-06-27T21:21:48.519Z","lane":"plant","event":"start","step":"scribe-2","bin":"node","args":["/Volumes/EOS_DIGITAL/KiriPedia/botnet/workers/scribe.mjs","--worker","scribe-2","--batch","1"]}
{"ts":"2026-06-27T21:21:48.599Z","lane":"plant","event":"done","step":"scribe-2","code":0,"ms":78}
{"ts":"2026-06-27T21:21:48.599Z","lane":"plant","event":"start","step":"scribe-3","bin":"node","args":["/Volumes/EOS_DIGITAL/KiriPedia/botnet/workers/scribe.mjs","--worker","scribe-3","--batch","1"]}
{"ts":"2026-06-27T21:21:48.676Z","lane":"plant","event":"done","step":"scribe-3","code":0,"ms":76}
{"ts":"2026-06-27T21:22:03.970Z","lane":"rt-snapshot","event":"start","step":null,"bin":"node","args":["/Volumes/EOS_DIGITAL/KiriPedia/botnet/lib/research-team-snapshot.mjs"]}
{"ts":"2026-06-27T21:22:04.098Z","lane":"rt-snapshot","event":"done","step":null,"code":0,"ms":127}
{"ts":"2026-06-27T21:22:11.122Z","lane":"catch-import","event":"start","step":null,"bin":"node","args":["/Volumes/EOS_DIGITAL/KiriPedia/botnet/workers/catch-importer.mjs","--auto-trust"]}
{"ts":"2026-06-27T21:22:11.260Z","lane":"catch-import","event":"done","step":null,"code":0,"ms":136}
{"ts":"2026-06-27T21:22:19.137Z","lane":"office","event":"start","step":null,"bin":"node","args":["/Volumes/EOS_DIGITAL/KiriPedia/botnet/workers/office-manager.mjs"]}
{"ts":"2026-06-27T21:22:22.550Z","lane":"reviewer","event":"start","step":null,"bin":"node","args":["/Volumes/EOS_DIGITAL/KiriPedia/botnet/workers/reviewer.mjs"]}
{"ts":"2026-06-27T21:22:22.690Z","lane":"reviewer","event":"done","step":null,"code":0,"ms":137}
{"ts":"2026-06-27T21:22:35.841Z","lane":"snapshot","event":"start","step":null,"bin":"node","args":["/Volumes/EOS_DIGITAL/KiriPedia/botnet/lib/snapshot-writer.mjs"]}
{"ts":"2026-06-27T21:22:35.986Z","lane":"snapshot","event":"done","step":null,"code":0,"ms":142}
{"ts":"2026-06-27T21:22:52.751Z","lane":"office","event":"done","step":null,"code":0,"ms":33613}
{"ts":"2026-06-27T21:23:02.840Z","lane":"triage-patroller","event":"start","step":null,"bin":"node","args":["/Volumes/EOS_DIGITAL/KiriPedia/botnet/workers/triage-patroller.mjs","--per-role","25"]}
{"ts":"2026-06-27T21:23:04.099Z","lane":"rt-snapshot","event":"start","step":null,"bin":"node","args":["/Volumes/EOS_DIGITAL/KiriPedia/botnet/lib/research-team-snapshot.mjs"]}
{"ts":"2026-06-27T21:23:04.238Z","lane":"rt-snapshot","event":"done","step":null,"code":0,"ms":138}
{"ts":"2026-06-27T21:23:05.812Z","lane":"triage-patroller","event":"done","step":null,"code":0,"ms":2970}
{"ts":"2026-06-27T21:23:20.979Z","lane":"plant","event":"start","step":"scribe-1","bin":"node","args":["/Volumes/EOS_DIGITAL/KiriPedia/botnet/workers/scribe.mjs","--worker","scribe-1","--batch","1"]}
{"ts":"2026-06-27T21:23:21.110Z","lane":"plant","event":"done","step":"scribe-1","code":0,"ms":130}
{"ts":"2026-06-27T21:23:21.110Z","lane":"plant","event":"start","step":"scribe-2","bin":"node","args":["/Volumes/EOS_DIGITAL/KiriPedia/botnet/workers/scribe.mjs","--worker","scribe-2","--batch","1"]}
{"ts":"2026-06-27T21:23:21.190Z","lane":"plant","event":"done","step":"scribe-2","code":0,"ms":78}
{"ts":"2026-06-27T21:23:21.190Z","lane":"plant","event":"start","step":"scribe-3","bin":"node","args":["/Volumes/EOS_DIGITAL/KiriPedia/botnet/workers/scribe.mjs","--worker","scribe-3","--batch","1"]}
{"ts":"2026-06-27T21:23:21.267Z","lane":"plant","event":"done","step":"scribe-3","code":0,"ms":76}
{"ts":"2026-06-27T21:23:37.883Z","lane":"plant2","event":"start","step":"cat-1","bin":"node","args":["/Volumes/EOS_DIGITAL/KiriPedia/botnet/workers/cataloger-editor.mjs","--worker","cataloger-1","--batch","1"]}
{"ts":"2026-06-27T21:23:38.028Z","lane":"plant2","event":"done","step":"cat-1","code":0,"ms":144}
{"ts":"2026-06-27T21:23:38.028Z","lane":"plant2","event":"start","step":"cat-2","bin":"node","args":["/Volumes/EOS_DIGITAL/KiriPedia/botnet/workers/cataloger-editor.mjs","--worker","cataloger-2","--batch","1"]}
{"ts":"2026-06-27T21:23:38.107Z","lane":"plant2","event":"done","step":"cat-2","code":0,"ms":77}
{"ts":"2026-06-27T21:23:40.476Z","lane":"mining","event":"start","step":"deepener","bin":"node","args":["/Volumes/EOS_DIGITAL/KiriPedia/botnet/workers/deepener.mjs","--batch","5"]}
{"ts":"2026-06-27T21:23:43.701Z","lane":"triage","event":"start","step":null,"bin":"node","args":["/Volumes/EOS_DIGITAL/KiriPedia/botnet/workers/npp.mjs"]}
{"ts":"2026-06-27T21:23:43.775Z","lane":"triage","event":"done","step":null,"code":0,"ms":74}
{"ts":"2026-06-27T21:24:04.241Z","lane":"rt-snapshot","event":"start","step":null,"bin":"node","args":["/Volumes/EOS_DIGITAL/KiriPedia/botnet/lib/research-team-snapshot.mjs"]}
{"ts":"2026-06-27T21:24:04.333Z","lane":"rt-snapshot","event":"done","step":null,"code":0,"ms":92}
{"ts":"2026-06-27T21:24:30.021Z","lane":"mining","event":"done","step":"deepener","code":0,"ms":49544}
{"ts":"2026-06-27T21:24:30.022Z","lane":"mining","event":"start","step":"enricher","bin":"node","args":["/Volumes/EOS_DIGITAL/KiriPedia/botnet/workers/enricher.mjs","--batch","5"]}
{"ts":"2026-06-27T21:24:44.470Z","lane":"plant","event":"start","step":"scribe-1","bin":"node","args":["/Volumes/EOS_DIGITAL/KiriPedia/botnet/workers/scribe.mjs","--worker","scribe-1","--batch","1"]}
{"ts":"2026-06-27T21:24:44.577Z","lane":"plant","event":"done","step":"scribe-1","code":0,"ms":105}
{"ts":"2026-06-27T21:24:44.578Z","lane":"plant","event":"start","step":"scribe-2","bin":"node","args":["/Volumes/EOS_DIGITAL/KiriPedia/botnet/workers/scribe.mjs","--worker","scribe-2","--batch","1"]}
{"ts":"2026-06-27T21:24:44.656Z","lane":"plant","event":"done","step":"scribe-2","code":0,"ms":77}
{"ts":"2026-06-27T21:24:44.656Z","lane":"plant","event":"start","step":"scribe-3","bin":"node","args":["/Volumes/EOS_DIGITAL/KiriPedia/botnet/workers/scribe.mjs","--worker","scribe-3","--batch","1"]}
{"ts":"2026-06-27T21:24:44.734Z","lane":"plant","event":"done","step":"scribe-3","code":0,"ms":76}
{"ts":"2026-06-27T21:24:54.306Z","lane":"mining","event":"done","step":"enricher","code":0,"ms":24282}
{"ts":"2026-06-27T21:24:54.308Z","lane":"mining","event":"start","step":"weaver","bin":"node","args":["/Volumes/EOS_DIGITAL/KiriPedia/botnet/workers/weaver.mjs","--batch","5"]}
{"ts":"2026-06-27T21:24:58.923Z","lane":"mining","event":"done","step":"weaver","code":0,"ms":4614}
{"ts":"2026-06-27T21:25:04.337Z","lane":"rt-snapshot","event":"start","step":null,"bin":"node","args":["/Volumes/EOS_DIGITAL/KiriPedia/botnet/lib/research-team-snapshot.mjs"]}
{"ts":"2026-06-27T21:25:04.497Z","lane":"rt-snapshot","event":"done","step":null,"code":0,"ms":158}
{"ts":"2026-06-27T21:25:27.904Z","lane":"plant2","event":"start","step":"cat-1","bin":"node","args":["/Volumes/EOS_DIGITAL/KiriPedia/botnet/workers/cataloger-editor.mjs","--worker","cataloger-1","--batch","1"]}
{"ts":"2026-06-27T21:25:28.027Z","lane":"plant2","event":"done","step":"cat-1","code":0,"ms":122}
{"ts":"2026-06-27T21:25:28.027Z","lane":"plant2","event":"start","step":"cat-2","bin":"node","args":["/Volumes/EOS_DIGITAL/KiriPedia/botnet/workers/cataloger-editor.mjs","--worker","cataloger-2","--batch","1"]}
{"ts":"2026-06-27T21:25:28.107Z","lane":"plant2","event":"done","step":"cat-2","code":0,"ms":78}
{"ts":"2026-06-27T21:26:01.228Z","lane":"re-reader","event":"start","step":null,"bin":"node","args":["/Volumes/EOS_DIGITAL/KiriPedia/botnet/workers/re-reader.mjs","--worker","re-reader-1","--batch","2"]}
{"ts":"2026-06-27T21:26:03.268Z","lane":"trawler","event":"done","step":null,"code":-1,"ms":1200057,"stderr":"[trawler:youtube] Run 1/4 for 2026-06-27.\n"}
{"ts":"2026-06-27T21:26:03.269Z","lane":"trawler","event":"backoff","ms":240000}
{"ts":"2026-06-27T21:26:04.499Z","lane":"rt-snapshot","event":"start","step":null,"bin":"node","args":["/Volumes/EOS_DIGITAL/KiriPedia/botnet/lib/research-team-snapshot.mjs"]}
{"ts":"2026-06-27T21:26:04.675Z","lane":"rt-snapshot","event":"done","step":null,"code":0,"ms":174}
{"ts":"2026-06-27T21:26:24.011Z","lane":"plant","event":"start","step":"scribe-1","bin":"node","args":["/Volumes/EOS_DIGITAL/KiriPedia/botnet/workers/scribe.mjs","--worker","scribe-1","--batch","1"]}
{"ts":"2026-06-27T21:26:24.137Z","lane":"plant","event":"done","step":"scribe-1","code":0,"ms":123}
{"ts":"2026-06-27T21:26:24.137Z","lane":"plant","event":"start","step":"scribe-2","bin":"node","args":["/Volumes/EOS_DIGITAL/KiriPedia/botnet/workers/scribe.mjs","--worker","scribe-2","--batch","1"]}
{"ts":"2026-06-27T21:26:24.212Z","lane":"plant","event":"done","step":"scribe-2","code":0,"ms":73}
{"ts":"2026-06-27T21:26:24.212Z","lane":"plant","event":"start","step":"scribe-3","bin":"node","args":["/Volumes/EOS_DIGITAL/KiriPedia/botnet/workers/scribe.mjs","--worker","scribe-3","--batch","1"]}
{"ts":"2026-06-27T21:26:24.288Z","lane":"plant","event":"done","step":"scribe-3","code":0,"ms":74}
{"ts":"2026-06-27T21:26:59.483Z","lane":"splitter","event":"start","step":null,"bin":"node","args":["/Volumes/EOS_DIGITAL/KiriPedia/botnet/workers/first-third-splitter.mjs","--batch","30"]}
{"ts":"2026-06-27T21:26:59.625Z","lane":"splitter","event":"done","step":null,"code":0,"ms":139}
{"ts":"2026-06-27T21:27:04.678Z","lane":"rt-snapshot","event":"start","step":null,"bin":"node","args":["/Volumes/EOS_DIGITAL/KiriPedia/botnet/lib/research-team-snapshot.mjs"]}
{"ts":"2026-06-27T21:27:04.857Z","lane":"rt-snapshot","event":"done","step":null,"code":0,"ms":178}
{"ts":"2026-06-27T21:27:06.336Z","lane":"discretion","event":"start","step":null,"bin":"node","args":["/Volumes/EOS_DIGITAL/KiriPedia/botnet/workers/discretion-warden.mjs","--batch","20"]}
{"ts":"2026-06-27T21:27:06.458Z","lane":"discretion","event":"done","step":null,"code":0,"ms":121}
{"ts":"2026-06-27T21:27:11.705Z","lane":"re-reader","event":"done","step":null,"code":0,"ms":70476}
{"ts":"2026-06-27T21:27:19.256Z","lane":"plant2","event":"start","step":"cat-1","bin":"node","args":["/Volumes/EOS_DIGITAL/KiriPedia/botnet/workers/cataloger-editor.mjs","--worker","cataloger-1","--batch","1"]}
{"ts":"2026-06-27T21:27:19.344Z","lane":"plant2","event":"done","step":"cat-1","code":0,"ms":87}
{"ts":"2026-06-27T21:27:19.344Z","lane":"plant2","event":"start","step":"cat-2","bin":"node","args":["/Volumes/EOS_DIGITAL/KiriPedia/botnet/workers/cataloger-editor.mjs","--worker","cataloger-2","--batch","1"]}
{"ts":"2026-06-27T21:27:19.423Z","lane":"plant2","event":"done","step":"cat-2","code":0,"ms":77}
{"ts":"2026-06-27T21:27:35.989Z","lane":"snapshot","event":"start","step":null,"bin":"node","args":["/Volumes/EOS_DIGITAL/KiriPedia/botnet/lib/snapshot-writer.mjs"]}
{"ts":"2026-06-27T21:27:36.110Z","lane":"snapshot","event":"done","step":null,"code":0,"ms":120}
{"ts":"2026-06-27T21:27:43.808Z","lane":"reviewer","event":"start","step":null,"bin":"node","args":["/Volumes/EOS_DIGITAL/KiriPedia/botnet/workers/reviewer.mjs"]}
{"ts":"2026-06-27T21:27:43.929Z","lane":"reviewer","event":"done","step":null,"code":0,"ms":120}
{"ts":"2026-06-27T21:28:04.290Z","lane":"plant","event":"start","step":"scribe-1","bin":"node","args":["/Volumes/EOS_DIGITAL/KiriPedia/botnet/workers/scribe.mjs","--worker","scribe-1","--batch","1"]}
{"ts":"2026-06-27T21:28:04.388Z","lane":"plant","event":"done","step":"scribe-1","code":0,"ms":98}
{"ts":"2026-06-27T21:28:04.389Z","lane":"plant","event":"start","step":"scribe-2","bin":"node","args":["/Volumes/EOS_DIGITAL/KiriPedia/botnet/workers/scribe.mjs","--worker","scribe-2","--batch","1"]}
{"ts":"2026-06-27T21:28:04.468Z","lane":"plant","event":"done","step":"scribe-2","code":0,"ms":78}
{"ts":"2026-06-27T21:28:04.468Z","lane":"plant","event":"start","step":"scribe-3","bin":"node","args":["/Volumes/EOS_DIGITAL/KiriPedia/botnet/workers/scribe.mjs","--worker","scribe-3","--batch","1"]}
{"ts":"2026-06-27T21:28:04.552Z","lane":"plant","event":"done","step":"scribe-3","code":0,"ms":83}
{"ts":"2026-06-27T21:28:04.859Z","lane":"rt-snapshot","event":"start","step":null,"bin":"node","args":["/Volumes/EOS_DIGITAL/KiriPedia/botnet/lib/research-team-snapshot.mjs"]}
{"ts":"2026-06-27T21:28:04.974Z","lane":"rt-snapshot","event":"done","step":null,"code":0,"ms":114}
{"ts":"2026-06-27T21:29:04.978Z","lane":"rt-snapshot","event":"start","step":null,"bin":"node","args":["/Volumes/EOS_DIGITAL/KiriPedia/botnet/lib/research-team-snapshot.mjs"]}
{"ts":"2026-06-27T21:29:05.348Z","lane":"rt-snapshot","event":"done","step":null,"code":0,"ms":366}
{"ts":"2026-06-27T21:29:39.284Z","lane":"plant2","event":"start","step":"cat-1","bin":"node","args":["/Volumes/EOS_DIGITAL/KiriPedia/botnet/workers/cataloger-editor.mjs","--worker","cataloger-1","--batch","1"]}
{"ts":"2026-06-27T21:29:39.387Z","lane":"plant2","event":"done","step":"cat-1","code":0,"ms":102}
{"ts":"2026-06-27T21:29:39.387Z","lane":"plant2","event":"start","step":"cat-2","bin":"node","args":["/Volumes/EOS_DIGITAL/KiriPedia/botnet/workers/cataloger-editor.mjs","--worker","cataloger-2","--batch","1"]}
{"ts":"2026-06-27T21:29:39.469Z","lane":"plant2","event":"done","step":"cat-2","code":0,"ms":81}
{"ts":"2026-06-27T21:29:49.127Z","lane":"plant","event":"start","step":"scribe-1","bin":"node","args":["/Volumes/EOS_DIGITAL/KiriPedia/botnet/workers/scribe.mjs","--worker","scribe-1","--batch","1"]}
{"ts":"2026-06-27T21:29:49.247Z","lane":"plant","event":"done","step":"scribe-1","code":0,"ms":119}
{"ts":"2026-06-27T21:29:49.248Z","lane":"plant","event":"start","step":"scribe-2","bin":"node","args":["/Volumes/EOS_DIGITAL/KiriPedia/botnet/workers/scribe.mjs","--worker","scribe-2","--batch","1"]}
{"ts":"2026-06-27T21:29:49.331Z","lane":"plant","event":"done","step":"scribe-2","code":0,"ms":77}
{"ts":"2026-06-27T21:29:49.331Z","lane":"plant","event":"start","step":"scribe-3","bin":"node","args":["/Volumes/EOS_DIGITAL/KiriPedia/botnet/workers/scribe.mjs","--worker","scribe-3","--batch","1"]}
{"ts":"2026-06-27T21:29:49.409Z","lane":"plant","event":"done","step":"scribe-3","code":0,"ms":77}
{"ts":"2026-06-27T21:30:03.272Z","lane":"trawler","event":"start","step":null,"bin":"node","args":["/Volumes/EOS_DIGITAL/KiriPedia/fleet/trawlers/youtube.mjs"]}
{"ts":"2026-06-27T21:30:05.351Z","lane":"rt-snapshot","event":"start","step":null,"bin":"node","args":["/Volumes/EOS_DIGITAL/KiriPedia/botnet/lib/research-team-snapshot.mjs"]}
{"ts":"2026-06-27T21:30:05.616Z","lane":"rt-snapshot","event":"done","step":null,"code":0,"ms":264}
{"ts":"2026-06-27T21:30:22.786Z","lane":"indexer","event":"start","step":null,"bin":"node","args":["/Volumes/EOS_DIGITAL/KiriPedia/botnet/workers/indexer.mjs"]}
{"ts":"2026-06-27T21:30:26.395Z","lane":"indexer","event":"done","step":null,"code":0,"ms":3606}
{"ts":"2026-06-27T21:31:05.620Z","lane":"rt-snapshot","event":"start","step":null,"bin":"node","args":["/Volumes/EOS_DIGITAL/KiriPedia/botnet/lib/research-team-snapshot.mjs"]}
{"ts":"2026-06-27T21:31:05.989Z","lane":"rt-snapshot","event":"done","step":null,"code":0,"ms":367}
{"ts":"2026-06-27T21:31:25.105Z","lane":"plant2","event":"start","step":"cat-1","bin":"node","args":["/Volumes/EOS_DIGITAL/KiriPedia/botnet/workers/cataloger-editor.mjs","--worker","cataloger-1","--batch","1"]}
{"ts":"2026-06-27T21:31:27.198Z","lane":"plant2","event":"done","step":"cat-1","code":0,"ms":2011}
{"ts":"2026-06-27T21:31:27.198Z","lane":"plant2","event":"start","step":"cat-2","bin":"node","args":["/Volumes/EOS_DIGITAL/KiriPedia/botnet/workers/cataloger-editor.mjs","--worker","cataloger-2","--batch","1"]}
{"ts":"2026-06-27T21:31:27.339Z","lane":"plant2","event":"done","step":"cat-2","code":0,"ms":101}
{"ts":"2026-06-27T21:31:33.625Z","lane":"plant","event":"start","step":"scribe-1","bin":"node","args":["/Volumes/EOS_DIGITAL/KiriPedia/botnet/workers/scribe.mjs","--worker","scribe-1","--batch","1"]}
{"ts":"2026-06-27T21:31:34.008Z","lane":"plant","event":"done","step":"scribe-1","code":0,"ms":343}
{"ts":"2026-06-27T21:31:34.008Z","lane":"plant","event":"start","step":"scribe-2","bin":"node","args":["/Volumes/EOS_DIGITAL/KiriPedia/botnet/workers/scribe.mjs","--worker","scribe-2","--batch","1"]}
{"ts":"2026-06-27T21:31:34.150Z","lane":"plant","event":"done","step":"scribe-2","code":0,"ms":121}
{"ts":"2026-06-27T21:31:34.150Z","lane":"plant","event":"start","step":"scribe-3","bin":"node","args":["/Volumes/EOS_DIGITAL/KiriPedia/botnet/workers/scribe.mjs","--worker","scribe-3","--batch","1"]}
{"ts":"2026-06-27T21:31:34.265Z","lane":"plant","event":"done","step":"scribe-3","code":0,"ms":90}
{"ts":"2026-06-27T21:31:52.523Z","lane":"catch-import","event":"start","step":null,"bin":"node","args":["/Volumes/EOS_DIGITAL/KiriPedia/botnet/workers/catch-importer.mjs","--auto-trust"]}
{"ts":"2026-06-27T21:31:52.798Z","lane":"catch-import","event":"done","step":null,"code":0,"ms":267}
{"ts":"2026-06-27T21:32:05.993Z","lane":"rt-snapshot","event":"start","step":null,"bin":"node","args":["/Volumes/EOS_DIGITAL/KiriPedia/botnet/lib/research-team-snapshot.mjs"]}
{"ts":"2026-06-27T21:32:06.573Z","lane":"rt-snapshot","event":"done","step":null,"code":0,"ms":578}
{"ts":"2026-06-27T21:32:06.978Z","lane":"diff-sentinel","event":"start","step":null,"bin":"node","args":["/Volumes/EOS_DIGITAL/KiriPedia/botnet/workers/diff-sentinel.mjs"]}
{"ts":"2026-06-27T21:32:07.509Z","lane":"diff-sentinel","event":"done","step":null,"code":0,"ms":530}
{"ts":"2026-06-27T21:32:08.911Z","lane":"office","event":"start","step":null,"bin":"node","args":["/Volumes/EOS_DIGITAL/KiriPedia/botnet/workers/office-manager.mjs"]}
{"ts":"2026-06-27T21:32:14.106Z","lane":"office","event":"done","step":null,"code":0,"ms":5194}
{"ts":"2026-06-27T21:32:26.886Z","lane":"reviewer","event":"start","step":null,"bin":"node","args":["/Volumes/EOS_DIGITAL/KiriPedia/botnet/workers/reviewer.mjs"]}
{"ts":"2026-06-27T21:32:27.168Z","lane":"reviewer","event":"done","step":null,"code":0,"ms":279}
{"ts":"2026-06-27T21:32:36.112Z","lane":"snapshot","event":"start","step":null,"bin":"node","args":["/Volumes/EOS_DIGITAL/KiriPedia/botnet/lib/snapshot-writer.mjs"]}
{"ts":"2026-06-27T21:32:36.258Z","lane":"snapshot","event":"done","step":null,"code":0,"ms":145}
{"ts":"2026-06-27T21:33:00.989Z","lane":"plant","event":"start","step":"scribe-1","bin":"node","args":["/Volumes/EOS_DIGITAL/KiriPedia/botnet/workers/scribe.mjs","--worker","scribe-1","--batch","1"]}
{"ts":"2026-06-27T21:33:01.189Z","lane":"plant","event":"done","step":"scribe-1","code":0,"ms":198}
{"ts":"2026-06-27T21:33:01.189Z","lane":"plant","event":"start","step":"scribe-2","bin":"node","args":["/Volumes/EOS_DIGITAL/KiriPedia/botnet/workers/scribe.mjs","--worker","scribe-2","--batch","1"]}
{"ts":"2026-06-27T21:33:01.272Z","lane":"plant","event":"done","step":"scribe-2","code":0,"ms":81}
{"ts":"2026-06-27T21:33:01.272Z","lane":"plant","event":"start","step":"scribe-3","bin":"node","args":["/Volumes/EOS_DIGITAL/KiriPedia/botnet/workers/scribe.mjs","--worker","scribe-3","--batch","1"]}
{"ts":"2026-06-27T21:33:01.360Z","lane":"plant","event":"done","step":"scribe-3","code":0,"ms":84}
{"ts":"2026-06-27T21:33:06.574Z","lane":"rt-snapshot","event":"start","step":null,"bin":"node","args":["/Volumes/EOS_DIGITAL/KiriPedia/botnet/lib/research-team-snapshot.mjs"]}
{"ts":"2026-06-27T21:33:06.882Z","lane":"rt-snapshot","event":"done","step":null,"code":0,"ms":307}
{"ts":"2026-06-27T21:33:16.406Z","lane":"triage-patroller","event":"start","step":null,"bin":"node","args":["/Volumes/EOS_DIGITAL/KiriPedia/botnet/workers/triage-patroller.mjs","--per-role","25"]}
{"ts":"2026-06-27T21:33:19.404Z","lane":"triage-patroller","event":"done","step":null,"code":0,"ms":2997}
{"ts":"2026-06-27T21:33:38.477Z","lane":"plant2","event":"start","step":"cat-1","bin":"node","args":["/Volumes/EOS_DIGITAL/KiriPedia/botnet/workers/cataloger-editor.mjs","--worker","cataloger-1","--batch","1"]}
{"ts":"2026-06-27T21:33:38.630Z","lane":"plant2","event":"done","step":"cat-1","code":0,"ms":152}
{"ts":"2026-06-27T21:33:38.630Z","lane":"plant2","event":"start","step":"cat-2","bin":"node","args":["/Volumes/EOS_DIGITAL/KiriPedia/botnet/workers/cataloger-editor.mjs","--worker","cataloger-2","--batch","1"]}
{"ts":"2026-06-27T21:33:38.718Z","lane":"plant2","event":"done","step":"cat-2","code":0,"ms":85}
{"ts":"2026-06-27T21:34:04.797Z","lane":"triage","event":"start","step":null,"bin":"node","args":["/Volumes/EOS_DIGITAL/KiriPedia/botnet/workers/npp.mjs"]}
{"ts":"2026-06-27T21:34:05.004Z","lane":"triage","event":"done","step":null,"code":0,"ms":205}
{"ts":"2026-06-27T21:34:06.885Z","lane":"rt-snapshot","event":"start","step":null,"bin":"node","args":["/Volumes/EOS_DIGITAL/KiriPedia/botnet/lib/research-team-snapshot.mjs"]}
{"ts":"2026-06-27T21:34:07.083Z","lane":"rt-snapshot","event":"done","step":null,"code":0,"ms":197}
{"ts":"2026-06-27T21:34:21.992Z","lane":"discretion","event":"start","step":null,"bin":"node","args":["/Volumes/EOS_DIGITAL/KiriPedia/botnet/workers/discretion-warden.mjs","--batch","20"]}
{"ts":"2026-06-27T21:34:22.105Z","lane":"splitter","event":"start","step":null,"bin":"node","args":["/Volumes/EOS_DIGITAL/KiriPedia/botnet/workers/first-third-splitter.mjs","--batch","30"]}
{"ts":"2026-06-27T21:34:22.159Z","lane":"discretion","event":"done","step":null,"code":0,"ms":165}
{"ts":"2026-06-27T21:34:22.180Z","lane":"splitter","event":"done","step":null,"code":0,"ms":74}
{"ts":"2026-06-27T21:34:23.012Z","lane":"coord","event":"start","step":null,"bin":"node","args":["/Volumes/EOS_DIGITAL/KiriPedia/botnet/workers/coordinator.mjs"]}
{"ts":"2026-06-27T21:34:23.143Z","lane":"coord","event":"done","step":null,"code":0,"ms":130}
{"ts":"2026-06-27T21:34:39.890Z","lane":"prospect","event":"start","step":null,"bin":"node","args":["/Volumes/EOS_DIGITAL/KiriPedia/botnet/workers/prospector.mjs","--batch","2"]}
{"ts":"2026-06-27T21:34:41.585Z","lane":"plant","event":"start","step":"scribe-1","bin":"node","args":["/Volumes/EOS_DIGITAL/KiriPedia/botnet/workers/scribe.mjs","--worker","scribe-1","--batch","1"]}
{"ts":"2026-06-27T21:34:41.678Z","lane":"plant","event":"done","step":"scribe-1","code":0,"ms":92}
{"ts":"2026-06-27T21:34:41.679Z","lane":"plant","event":"start","step":"scribe-2","bin":"node","args":["/Volumes/EOS_DIGITAL/KiriPedia/botnet/workers/scribe.mjs","--worker","scribe-2","--batch","1"]}
{"ts":"2026-06-27T21:34:41.759Z","lane":"plant","event":"done","step":"scribe-2","code":0,"ms":79}
{"ts":"2026-06-27T21:34:41.759Z","lane":"plant","event":"start","step":"scribe-3","bin":"node","args":["/Volumes/EOS_DIGITAL/KiriPedia/botnet/workers/scribe.mjs","--worker","scribe-3","--batch","1"]}
{"ts":"2026-06-27T21:34:41.840Z","lane":"plant","event":"done","step":"scribe-3","code":0,"ms":79}
{"ts":"2026-06-27T21:35:07.085Z","lane":"rt-snapshot","event":"start","step":null,"bin":"node","args":["/Volumes/EOS_DIGITAL/KiriPedia/botnet/lib/research-team-snapshot.mjs"]}
{"ts":"2026-06-27T21:35:07.361Z","lane":"rt-snapshot","event":"done","step":null,"code":0,"ms":274}
{"ts":"2026-06-27T21:35:07.790Z","lane":"prospect","event":"done","step":null,"code":0,"ms":27897}
{"ts":"2026-06-27T21:35:45.852Z","lane":"plant2","event":"start","step":"cat-1","bin":"node","args":["/Volumes/EOS_DIGITAL/KiriPedia/botnet/workers/cataloger-editor.mjs","--worker","cataloger-1","--batch","1"]}
{"ts":"2026-06-27T21:35:46.059Z","lane":"plant2","event":"done","step":"cat-1","code":0,"ms":205}
{"ts":"2026-06-27T21:35:46.060Z","lane":"plant2","event":"start","step":"cat-2","bin":"node","args":["/Volumes/EOS_DIGITAL/KiriPedia/botnet/workers/cataloger-editor.mjs","--worker","cataloger-2","--batch","1"]}
{"ts":"2026-06-27T21:35:46.154Z","lane":"plant2","event":"done","step":"cat-2","code":0,"ms":93}
{"ts":"2026-06-27T21:36:00.783Z","lane":"plant","event":"start","step":"scribe-1","bin":"node","args":["/Volumes/EOS_DIGITAL/KiriPedia/botnet/workers/scribe.mjs","--worker","scribe-1","--batch","1"]}
{"ts":"2026-06-27T21:36:01.008Z","lane":"plant","event":"done","step":"scribe-1","code":0,"ms":213}
{"ts":"2026-06-27T21:36:01.008Z","lane":"plant","event":"start","step":"scribe-2","bin":"node","args":["/Volumes/EOS_DIGITAL/KiriPedia/botnet/workers/scribe.mjs","--worker","scribe-2","--batch","1"]}
{"ts":"2026-06-27T21:36:01.101Z","lane":"plant","event":"done","step":"scribe-2","code":0,"ms":81}
{"ts":"2026-06-27T21:36:01.101Z","lane":"plant","event":"start","step":"scribe-3","bin":"node","args":["/Volumes/EOS_DIGITAL/KiriPedia/botnet/workers/scribe.mjs","--worker","scribe-3","--batch","1"]}
{"ts":"2026-06-27T21:36:01.181Z","lane":"plant","event":"done","step":"scribe-3","code":0,"ms":78}
{"ts":"2026-06-27T21:36:07.364Z","lane":"rt-snapshot","event":"start","step":null,"bin":"node","args":["/Volumes/EOS_DIGITAL/KiriPedia/botnet/lib/research-team-snapshot.mjs"]}
{"ts":"2026-06-27T21:36:07.678Z","lane":"rt-snapshot","event":"done","step":null,"code":0,"ms":311}
{"ts":"2026-06-27T21:37:07.681Z","lane":"rt-snapshot","event":"start","step":null,"bin":"node","args":["/Volumes/EOS_DIGITAL/KiriPedia/botnet/lib/research-team-snapshot.mjs"]}
{"ts":"2026-06-27T21:37:08.077Z","lane":"rt-snapshot","event":"done","step":null,"code":0,"ms":394}
{"ts":"2026-06-27T21:37:29.381Z","lane":"plant","event":"start","step":"scribe-1","bin":"node","args":["/Volumes/EOS_DIGITAL/KiriPedia/botnet/workers/scribe.mjs","--worker","scribe-1","--batch","1"]}
{"ts":"2026-06-27T21:37:29.552Z","lane":"plant","event":"done","step":"scribe-1","code":0,"ms":169}
{"ts":"2026-06-27T21:37:29.552Z","lane":"plant","event":"start","step":"scribe-2","bin":"node","args":["/Volumes/EOS_DIGITAL/KiriPedia/botnet/workers/scribe.mjs","--worker","scribe-2","--batch","1"]}
{"ts":"2026-06-27T21:37:29.657Z","lane":"plant","event":"done","step":"scribe-2","code":0,"ms":99}
{"ts":"2026-06-27T21:37:29.657Z","lane":"plant","event":"start","step":"scribe-3","bin":"node","args":["/Volumes/EOS_DIGITAL/KiriPedia/botnet/workers/scribe.mjs","--worker","scribe-3","--batch","1"]}
{"ts":"2026-06-27T21:37:29.759Z","lane":"plant","event":"done","step":"scribe-3","code":0,"ms":100}
{"ts":"2026-06-27T21:37:36.253Z","lane":"snapshot","event":"start","step":null,"bin":"node","args":["/Volumes/EOS_DIGITAL/KiriPedia/botnet/lib/snapshot-writer.mjs"]}
{"ts":"2026-06-27T21:37:36.408Z","lane":"snapshot","event":"done","step":null,"code":0,"ms":155}
{"ts":"2026-06-27T21:37:43.718Z","lane":"reviewer","event":"start","step":null,"bin":"node","args":["/Volumes/EOS_DIGITAL/KiriPedia/botnet/workers/reviewer.mjs"]}
{"ts":"2026-06-27T21:37:43.840Z","lane":"reviewer","event":"done","step":null,"code":0,"ms":120}
{"ts":"2026-06-27T21:37:44.944Z","lane":"plant2","event":"start","step":"cat-1","bin":"node","args":["/Volumes/EOS_DIGITAL/KiriPedia/botnet/workers/cataloger-editor.mjs","--worker","cataloger-1","--batch","1"]}
{"ts":"2026-06-27T21:37:45.065Z","lane":"plant2","event":"done","step":"cat-1","code":0,"ms":121}
{"ts":"2026-06-27T21:37:45.065Z","lane":"plant2","event":"start","step":"cat-2","bin":"node","args":["/Volumes/EOS_DIGITAL/KiriPedia/botnet/workers/cataloger-editor.mjs","--worker","cataloger-2","--batch","1"]}
{"ts":"2026-06-27T21:37:45.147Z","lane":"plant2","event":"done","step":"cat-2","code":0,"ms":80}
{"ts":"2026-06-27T21:38:08.067Z","lane":"rt-snapshot","event":"start","step":null,"bin":"node","args":["/Volumes/EOS_DIGITAL/KiriPedia/botnet/lib/research-team-snapshot.mjs"]}
{"ts":"2026-06-27T21:38:08.423Z","lane":"rt-snapshot","event":"done","step":null,"code":0,"ms":354}
{"ts":"2026-06-27T21:38:36.143Z","lane":"weaver2","event":"start","step":null,"bin":"node","args":["/Volumes/EOS_DIGITAL/KiriPedia/botnet/workers/reweaver.mjs","--batch","3"]}
{"ts":"2026-06-27T21:38:40.344Z","lane":"weaver2","event":"done","step":null,"code":0,"ms":4199}
{"ts":"2026-06-27T21:39:08.392Z","lane":"plant","event":"start","step":"scribe-1","bin":"node","args":["/Volumes/EOS_DIGITAL/KiriPedia/botnet/workers/scribe.mjs","--worker","scribe-1","--batch","1"]}
{"ts":"2026-06-27T21:39:08.425Z","lane":"rt-snapshot","event":"start","step":null,"bin":"node","args":["/Volumes/EOS_DIGITAL/KiriPedia/botnet/lib/research-team-snapshot.mjs"]}
{"ts":"2026-06-27T21:39:08.578Z","lane":"plant","event":"done","step":"scribe-1","code":0,"ms":183}
{"ts":"2026-06-27T21:39:08.578Z","lane":"plant","event":"start","step":"scribe-2","bin":"node","args":["/Volumes/EOS_DIGITAL/KiriPedia/botnet/workers/scribe.mjs","--worker","scribe-2","--batch","1"]}
{"ts":"2026-06-27T21:39:08.672Z","lane":"plant","event":"done","step":"scribe-2","code":0,"ms":92}
{"ts":"2026-06-27T21:39:08.672Z","lane":"plant","event":"start","step":"scribe-3","bin":"node","args":["/Volumes/EOS_DIGITAL/KiriPedia/botnet/workers/scribe.mjs","--worker","scribe-3","--batch","1"]}
{"ts":"2026-06-27T21:39:08.725Z","lane":"rt-snapshot","event":"done","step":null,"code":0,"ms":300}
{"ts":"2026-06-27T21:39:08.785Z","lane":"plant","event":"done","step":"scribe-3","code":0,"ms":111}
{"ts":"2026-06-27T21:39:34.485Z","lane":"plant2","event":"start","step":"cat-1","bin":"node","args":["/Volumes/EOS_DIGITAL/KiriPedia/botnet/workers/cataloger-editor.mjs","--worker","cataloger-1","--batch","1"]}
{"ts":"2026-06-27T21:39:34.675Z","lane":"plant2","event":"done","step":"cat-1","code":0,"ms":188}
{"ts":"2026-06-27T21:39:34.675Z","lane":"plant2","event":"start","step":"cat-2","bin":"node","args":["/Volumes/EOS_DIGITAL/KiriPedia/botnet/workers/cataloger-editor.mjs","--worker","cataloger-2","--batch","1"]}
{"ts":"2026-06-27T21:39:34.778Z","lane":"plant2","event":"done","step":"cat-2","code":0,"ms":101}
{"ts":"2026-06-27T21:40:08.730Z","lane":"rt-snapshot","event":"start","step":null,"bin":"node","args":["/Volumes/EOS_DIGITAL/KiriPedia/botnet/lib/research-team-snapshot.mjs"]}
{"ts":"2026-06-27T21:40:09.115Z","lane":"rt-snapshot","event":"done","step":null,"code":0,"ms":380}
{"ts":"2026-06-27T21:40:24.265Z","lane":"plant","event":"start","step":"scribe-1","bin":"node","args":["/Volumes/EOS_DIGITAL/KiriPedia/botnet/workers/scribe.mjs","--worker","scribe-1","--batch","1"]}
{"ts":"2026-06-27T21:40:24.449Z","lane":"plant","event":"done","step":"scribe-1","code":0,"ms":181}
{"ts":"2026-06-27T21:40:24.449Z","lane":"plant","event":"start","step":"scribe-2","bin":"node","args":["/Volumes/EOS_DIGITAL/KiriPedia/botnet/workers/scribe.mjs","--worker","scribe-2","--batch","1"]}
{"ts":"2026-06-27T21:40:24.557Z","lane":"plant","event":"done","step":"scribe-2","code":0,"ms":95}
{"ts":"2026-06-27T21:40:24.557Z","lane":"plant","event":"start","step":"scribe-3","bin":"node","args":["/Volumes/EOS_DIGITAL/KiriPedia/botnet/workers/scribe.mjs","--worker","scribe-3","--batch","1"]}
{"ts":"2026-06-27T21:40:24.663Z","lane":"plant","event":"done","step":"scribe-3","code":0,"ms":101}
{"ts":"2026-06-27T21:41:01.700Z","lane":"splitter","event":"start","step":null,"bin":"node","args":["/Volumes/EOS_DIGITAL/KiriPedia/botnet/workers/first-third-splitter.mjs","--batch","30"]}
{"ts":"2026-06-27T21:41:01.881Z","lane":"splitter","event":"done","step":null,"code":0,"ms":178}
{"ts":"2026-06-27T21:41:09.117Z","lane":"rt-snapshot","event":"start","step":null,"bin":"node","args":["/Volumes/EOS_DIGITAL/KiriPedia/botnet/lib/research-team-snapshot.mjs"]}
{"ts":"2026-06-27T21:41:09.414Z","lane":"rt-snapshot","event":"done","step":null,"code":0,"ms":296}
{"ts":"2026-06-27T21:41:16.157Z","lane":"plant2","event":"start","step":"cat-1","bin":"node","args":["/Volumes/EOS_DIGITAL/KiriPedia/botnet/workers/cataloger-editor.mjs","--worker","cataloger-1","--batch","1"]}
{"ts":"2026-06-27T21:41:16.297Z","lane":"plant2","event":"done","step":"cat-1","code":0,"ms":138}
{"ts":"2026-06-27T21:41:16.297Z","lane":"plant2","event":"start","step":"cat-2","bin":"node","args":["/Volumes/EOS_DIGITAL/KiriPedia/botnet/workers/cataloger-editor.mjs","--worker","cataloger-2","--batch","1"]}
{"ts":"2026-06-27T21:41:16.392Z","lane":"plant2","event":"done","step":"cat-2","code":0,"ms":94}
{"ts":"2026-06-27T21:41:49.125Z","lane":"plant","event":"start","step":"scribe-1","bin":"node","args":["/Volumes/EOS_DIGITAL/KiriPedia/botnet/workers/scribe.mjs","--worker","scribe-1","--batch","1"]}
{"ts":"2026-06-27T21:41:49.309Z","lane":"plant","event":"done","step":"scribe-1","code":0,"ms":179}
{"ts":"2026-06-27T21:41:49.309Z","lane":"plant","event":"start","step":"scribe-2","bin":"node","args":["/Volumes/EOS_DIGITAL/KiriPedia/botnet/workers/scribe.mjs","--worker","scribe-2","--batch","1"]}
{"ts":"2026-06-27T21:41:49.402Z","lane":"plant","event":"done","step":"scribe-2","code":0,"ms":91}
{"ts":"2026-06-27T21:41:49.402Z","lane":"plant","event":"start","step":"scribe-3","bin":"node","args":["/Volumes/EOS_DIGITAL/KiriPedia/botnet/workers/scribe.mjs","--worker","scribe-3","--batch","1"]}
{"ts":"2026-06-27T21:41:49.494Z","lane":"plant","event":"done","step":"scribe-3","code":0,"ms":90}
{"ts":"2026-06-27T21:41:50.436Z","lane":"discretion","event":"start","step":null,"bin":"node","args":["/Volumes/EOS_DIGITAL/KiriPedia/botnet/workers/discretion-warden.mjs","--batch","20"]}
{"ts":"2026-06-27T21:41:50.543Z","lane":"discretion","event":"done","step":null,"code":0,"ms":106}
{"ts":"2026-06-27T21:42:02.066Z","lane":"catch-import","event":"start","step":null,"bin":"node","args":["/Volumes/EOS_DIGITAL/KiriPedia/botnet/workers/catch-importer.mjs","--auto-trust"]}
{"ts":"2026-06-27T21:42:02.282Z","lane":"catch-import","event":"done","step":null,"code":0,"ms":214}
{"ts":"2026-06-27T21:42:05.387Z","lane":"office","event":"start","step":null,"bin":"node","args":["/Volumes/EOS_DIGITAL/KiriPedia/botnet/workers/office-manager.mjs"]}
{"ts":"2026-06-27T21:42:09.416Z","lane":"rt-snapshot","event":"start","step":null,"bin":"node","args":["/Volumes/EOS_DIGITAL/KiriPedia/botnet/lib/research-team-snapshot.mjs"]}
{"ts":"2026-06-27T21:42:09.601Z","lane":"rt-snapshot","event":"done","step":null,"code":0,"ms":184}
{"ts":"2026-06-27T21:42:09.948Z","lane":"office","event":"done","step":null,"code":0,"ms":4560}
{"ts":"2026-06-27T21:42:36.406Z","lane":"snapshot","event":"start","step":null,"bin":"node","args":["/Volumes/EOS_DIGITAL/KiriPedia/botnet/lib/snapshot-writer.mjs"]}
{"ts":"2026-06-27T21:42:36.642Z","lane":"snapshot","event":"done","step":null,"code":0,"ms":234}
{"ts":"2026-06-27T21:42:39.953Z","lane":"reviewer","event":"start","step":null,"bin":"node","args":["/Volumes/EOS_DIGITAL/KiriPedia/botnet/workers/reviewer.mjs"]}
{"ts":"2026-06-27T21:42:40.060Z","lane":"reviewer","event":"done","step":null,"code":0,"ms":106}
{"ts":"2026-06-27T21:43:08.104Z","lane":"plant2","event":"start","step":"cat-1","bin":"node","args":["/Volumes/EOS_DIGITAL/KiriPedia/botnet/workers/cataloger-editor.mjs","--worker","cataloger-1","--batch","1"]}
{"ts":"2026-06-27T21:43:08.307Z","lane":"plant2","event":"done","step":"cat-1","code":0,"ms":201}
{"ts":"2026-06-27T21:43:08.308Z","lane":"plant2","event":"start","step":"cat-2","bin":"node","args":["/Volumes/EOS_DIGITAL/KiriPedia/botnet/workers/cataloger-editor.mjs","--worker","cataloger-2","--batch","1"]}
{"ts":"2026-06-27T21:43:08.405Z","lane":"plant2","event":"done","step":"cat-2","code":0,"ms":96}
{"ts":"2026-06-27T21:43:09.603Z","lane":"rt-snapshot","event":"start","step":null,"bin":"node","args":["/Volumes/EOS_DIGITAL/KiriPedia/botnet/lib/research-team-snapshot.mjs"]}
{"ts":"2026-06-27T21:43:09.868Z","lane":"rt-snapshot","event":"done","step":null,"code":0,"ms":264}
{"ts":"2026-06-27T21:43:19.303Z","lane":"triage-patroller","event":"start","step":null,"bin":"node","args":["/Volumes/EOS_DIGITAL/KiriPedia/botnet/workers/triage-patroller.mjs","--per-role","25"]}
{"ts":"2026-06-27T21:43:22.524Z","lane":"triage-patroller","event":"done","step":null,"code":0,"ms":3219}
{"ts":"2026-06-27T21:43:27.945Z","lane":"plant","event":"start","step":"scribe-1","bin":"node","args":["/Volumes/EOS_DIGITAL/KiriPedia/botnet/workers/scribe.mjs","--worker","scribe-1","--batch","1"]}
{"ts":"2026-06-27T21:43:28.110Z","lane":"plant","event":"done","step":"scribe-1","code":0,"ms":162}
{"ts":"2026-06-27T21:43:28.110Z","lane":"plant","event":"start","step":"scribe-2","bin":"node","args":["/Volumes/EOS_DIGITAL/KiriPedia/botnet/workers/scribe.mjs","--worker","scribe-2","--batch","1"]}
{"ts":"2026-06-27T21:43:28.206Z","lane":"plant","event":"done","step":"scribe-2","code":0,"ms":94}
{"ts":"2026-06-27T21:43:28.206Z","lane":"plant","event":"start","step":"scribe-3","bin":"node","args":["/Volumes/EOS_DIGITAL/KiriPedia/botnet/workers/scribe.mjs","--worker","scribe-3","--batch","1"]}
{"ts":"2026-06-27T21:43:28.303Z","lane":"plant","event":"done","step":"scribe-3","code":0,"ms":92}
{"ts":"2026-06-27T21:43:56.735Z","lane":"calendar","event":"start","step":null,"bin":"node","args":["/Volumes/EOS_DIGITAL/KiriPedia/botnet/workers/calendar-keeper.mjs"]}
{"ts":"2026-06-27T21:43:57.980Z","lane":"calendar","event":"done","step":null,"code":0,"ms":1242}
{"ts":"2026-06-27T21:44:09.872Z","lane":"rt-snapshot","event":"start","step":null,"bin":"node","args":["/Volumes/EOS_DIGITAL/KiriPedia/botnet/lib/research-team-snapshot.mjs"]}
{"ts":"2026-06-27T21:44:10.231Z","lane":"rt-snapshot","event":"done","step":null,"code":0,"ms":356}
{"ts":"2026-06-27T21:44:59.674Z","lane":"plant","event":"start","step":"scribe-1","bin":"node","args":["/Volumes/EOS_DIGITAL/KiriPedia/botnet/workers/scribe.mjs","--worker","scribe-1","--batch","1"]}
{"ts":"2026-06-27T21:44:59.856Z","lane":"triage","event":"start","step":null,"bin":"node","args":["/Volumes/EOS_DIGITAL/KiriPedia/botnet/workers/npp.mjs"]}
{"ts":"2026-06-27T21:44:59.894Z","lane":"plant","event":"done","step":"scribe-1","code":0,"ms":216}
{"ts":"2026-06-27T21:44:59.894Z","lane":"plant","event":"start","step":"scribe-2","bin":"node","args":["/Volumes/EOS_DIGITAL/KiriPedia/botnet/workers/scribe.mjs","--worker","scribe-2","--batch","1"]}
{"ts":"2026-06-27T21:44:59.976Z","lane":"triage","event":"done","step":null,"code":0,"ms":120}
{"ts":"2026-06-27T21:45:00.003Z","lane":"plant","event":"done","step":"scribe-2","code":0,"ms":107}
{"ts":"2026-06-27T21:45:00.003Z","lane":"plant","event":"start","step":"scribe-3","bin":"node","args":["/Volumes/EOS_DIGITAL/KiriPedia/botnet/workers/scribe.mjs","--worker","scribe-3","--batch","1"]}
{"ts":"2026-06-27T21:45:00.094Z","lane":"plant","event":"done","step":"scribe-3","code":0,"ms":90}
{"ts":"2026-06-27T21:45:10.235Z","lane":"rt-snapshot","event":"start","step":null,"bin":"node","args":["/Volumes/EOS_DIGITAL/KiriPedia/botnet/lib/research-team-snapshot.mjs"]}
{"ts":"2026-06-27T21:45:10.549Z","lane":"plant2","event":"start","step":"cat-1","bin":"node","args":["/Volumes/EOS_DIGITAL/KiriPedia/botnet/workers/cataloger-editor.mjs","--worker","cataloger-1","--batch","1"]}
{"ts":"2026-06-27T21:45:10.649Z","lane":"rt-snapshot","event":"done","step":null,"code":0,"ms":413}
{"ts":"2026-06-27T21:45:10.668Z","lane":"plant2","event":"done","step":"cat-1","code":0,"ms":119}
{"ts":"2026-06-27T21:45:10.668Z","lane":"plant2","event":"start","step":"cat-2","bin":"node","args":["/Volumes/EOS_DIGITAL/KiriPedia/botnet/workers/cataloger-editor.mjs","--worker","cataloger-2","--batch","1"]}
{"ts":"2026-06-27T21:45:10.765Z","lane":"plant2","event":"done","step":"cat-2","code":0,"ms":96}
{"ts":"2026-06-27T21:45:55.996Z","lane":"mining","event":"start","step":"deepener","bin":"node","args":["/Volumes/EOS_DIGITAL/KiriPedia/botnet/workers/deepener.mjs","--batch","5"]}
{"ts":"2026-06-27T21:46:10.656Z","lane":"rt-snapshot","event":"start","step":null,"bin":"node","args":["/Volumes/EOS_DIGITAL/KiriPedia/botnet/lib/research-team-snapshot.mjs"]}
{"ts":"2026-06-27T21:46:10.982Z","lane":"rt-snapshot","event":"done","step":null,"code":0,"ms":324}
{"ts":"2026-06-27T21:46:11.051Z","lane":"re-reader","event":"start","step":null,"bin":"node","args":["/Volumes/EOS_DIGITAL/KiriPedia/botnet/workers/re-reader.mjs","--worker","re-reader-1","--batch","2"]}
{"ts":"2026-06-27T21:46:18.507Z","lane":"plant","event":"start","step":"scribe-1","bin":"node","args":["/Volumes/EOS_DIGITAL/KiriPedia/botnet/workers/scribe.mjs","--worker","scribe-1","--batch","1"]}
{"ts":"2026-06-27T21:46:18.684Z","lane":"plant","event":"done","step":"scribe-1","code":0,"ms":176}
{"ts":"2026-06-27T21:46:18.685Z","lane":"plant","event":"start","step":"scribe-2","bin":"node","args":["/Volumes/EOS_DIGITAL/KiriPedia/botnet/workers/scribe.mjs","--worker","scribe-2","--batch","1"]}
{"ts":"2026-06-27T21:46:18.908Z","lane":"plant","event":"done","step":"scribe-2","code":0,"ms":90}
{"ts":"2026-06-27T21:46:18.957Z","lane":"plant","event":"start","step":"scribe-3","bin":"node","args":["/Volumes/EOS_DIGITAL/KiriPedia/botnet/workers/scribe.mjs","--worker","scribe-3","--batch","1"]}
{"ts":"2026-06-27T21:46:19.191Z","lane":"plant","event":"done","step":"scribe-3","code":0,"ms":99}
{"ts":"2026-06-27T21:46:52.324Z","lane":"plant2","event":"start","step":"cat-1","bin":"node","args":["/Volumes/EOS_DIGITAL/KiriPedia/botnet/workers/cataloger-editor.mjs","--worker","cataloger-1","--batch","1"]}
{"ts":"2026-06-27T21:46:52.482Z","lane":"plant2","event":"done","step":"cat-1","code":0,"ms":152}
{"ts":"2026-06-27T21:46:52.483Z","lane":"plant2","event":"start","step":"cat-2","bin":"node","args":["/Volumes/EOS_DIGITAL/KiriPedia/botnet/workers/cataloger-editor.mjs","--worker","cataloger-2","--batch","1"]}
{"ts":"2026-06-27T21:46:52.584Z","lane":"plant2","event":"done","step":"cat-2","code":0,"ms":92}
{"ts":"2026-06-27T21:46:57.458Z","lane":"mining","event":"done","step":"deepener","code":0,"ms":61457}
{"ts":"2026-06-27T21:46:57.459Z","lane":"mining","event":"start","step":"enricher","bin":"node","args":["/Volumes/EOS_DIGITAL/KiriPedia/botnet/workers/enricher.mjs","--batch","5"]}
{"ts":"2026-06-27T21:47:10.985Z","lane":"rt-snapshot","event":"start","step":null,"bin":"node","args":["/Volumes/EOS_DIGITAL/KiriPedia/botnet/lib/research-team-snapshot.mjs"]}
{"ts":"2026-06-27T21:47:11.228Z","lane":"rt-snapshot","event":"done","step":null,"code":0,"ms":236}
{"ts":"2026-06-27T21:47:22.527Z","lane":"re-reader","event":"done","step":null,"code":0,"ms":71302}
{"ts":"2026-06-27T21:47:28.505Z","lane":"mining","event":"done","step":"enricher","code":0,"ms":31037}
{"ts":"2026-06-27T21:47:28.506Z","lane":"mining","event":"start","step":"weaver","bin":"node","args":["/Volumes/EOS_DIGITAL/KiriPedia/botnet/workers/weaver.mjs","--batch","5"]}
{"ts":"2026-06-27T21:47:30.530Z","lane":"reviewer","event":"start","step":null,"bin":"node","args":["/Volumes/EOS_DIGITAL/KiriPedia/botnet/workers/reviewer.mjs"]}
{"ts":"2026-06-27T21:47:30.627Z","lane":"reviewer","event":"done","step":null,"code":0,"ms":96}
{"ts":"2026-06-27T21:47:36.643Z","lane":"snapshot","event":"start","step":null,"bin":"node","args":["/Volumes/EOS_DIGITAL/KiriPedia/botnet/lib/snapshot-writer.mjs"]}
{"ts":"2026-06-27T21:47:36.785Z","lane":"snapshot","event":"done","step":null,"code":0,"ms":139}
{"ts":"2026-06-27T21:47:36.917Z","lane":"plant","event":"start","step":"scribe-1","bin":"node","args":["/Volumes/EOS_DIGITAL/KiriPedia/botnet/workers/scribe.mjs","--worker","scribe-1","--batch","1"]}
{"ts":"2026-06-27T21:47:37.009Z","lane":"plant","event":"done","step":"scribe-1","code":0,"ms":92}
{"ts":"2026-06-27T21:47:37.009Z","lane":"plant","event":"start","step":"scribe-2","bin":"node","args":["/Volumes/EOS_DIGITAL/KiriPedia/botnet/workers/scribe.mjs","--worker","scribe-2","--batch","1"]}
{"ts":"2026-06-27T21:47:37.095Z","lane":"plant","event":"done","step":"scribe-2","code":0,"ms":85}
{"ts":"2026-06-27T21:47:37.095Z","lane":"plant","event":"start","step":"scribe-3","bin":"node","args":["/Volumes/EOS_DIGITAL/KiriPedia/botnet/workers/scribe.mjs","--worker","scribe-3","--batch","1"]}
{"ts":"2026-06-27T21:47:37.182Z","lane":"plant","event":"done","step":"scribe-3","code":0,"ms":85}
{"ts":"2026-06-27T21:47:37.608Z","lane":"splitter","event":"start","step":null,"bin":"node","args":["/Volumes/EOS_DIGITAL/KiriPedia/botnet/workers/first-third-splitter.mjs","--batch","30"]}
{"ts":"2026-06-27T21:47:37.700Z","lane":"splitter","event":"done","step":null,"code":0,"ms":92}
{"ts":"2026-06-27T21:47:39.941Z","lane":"mining","event":"done","step":"weaver","code":0,"ms":11431}
{"ts":"2026-06-27T21:48:11.231Z","lane":"rt-snapshot","event":"start","step":null,"bin":"node","args":["/Volumes/EOS_DIGITAL/KiriPedia/botnet/lib/research-team-snapshot.mjs"]}
{"ts":"2026-06-27T21:48:11.603Z","lane":"rt-snapshot","event":"done","step":null,"code":0,"ms":368}
{"ts":"2026-06-27T21:48:50.596Z","lane":"plant2","event":"start","step":"cat-1","bin":"node","args":["/Volumes/EOS_DIGITAL/KiriPedia/botnet/workers/cataloger-editor.mjs","--worker","cataloger-1","--batch","1"]}
{"ts":"2026-06-27T21:48:50.799Z","lane":"plant2","event":"done","step":"cat-1","code":0,"ms":198}
{"ts":"2026-06-27T21:48:50.799Z","lane":"plant2","event":"start","step":"cat-2","bin":"node","args":["/Volumes/EOS_DIGITAL/KiriPedia/botnet/workers/cataloger-editor.mjs","--worker","cataloger-2","--batch","1"]}
{"ts":"2026-06-27T21:48:50.894Z","lane":"plant2","event":"done","step":"cat-2","code":0,"ms":93}
{"ts":"2026-06-27T21:48:57.260Z","lane":"discretion","event":"start","step":null,"bin":"node","args":["/Volumes/EOS_DIGITAL/KiriPedia/botnet/workers/discretion-warden.mjs","--batch","20"]}
{"ts":"2026-06-27T21:48:57.374Z","lane":"discretion","event":"done","step":null,"code":0,"ms":112}
{"ts":"2026-06-27T21:49:11.606Z","lane":"rt-snapshot","event":"start","step":null,"bin":"node","args":["/Volumes/EOS_DIGITAL/KiriPedia/botnet/lib/research-team-snapshot.mjs"]}
{"ts":"2026-06-27T21:49:11.670Z","lane":"coord","event":"start","step":null,"bin":"node","args":["/Volumes/EOS_DIGITAL/KiriPedia/botnet/workers/coordinator.mjs"]}
{"ts":"2026-06-27T21:49:11.780Z","lane":"coord","event":"done","step":null,"code":0,"ms":110}
{"ts":"2026-06-27T21:49:11.930Z","lane":"rt-snapshot","event":"done","step":null,"code":0,"ms":323}
{"ts":"2026-06-27T21:49:16.569Z","lane":"plant","event":"start","step":"scribe-1","bin":"node","args":["/Volumes/EOS_DIGITAL/KiriPedia/botnet/workers/scribe.mjs","--worker","scribe-1","--batch","1"]}
{"ts":"2026-06-27T21:49:16.672Z","lane":"plant","event":"done","step":"scribe-1","code":0,"ms":101}
{"ts":"2026-06-27T21:49:16.673Z","lane":"plant","event":"start","step":"scribe-2","bin":"node","args":["/Volumes/EOS_DIGITAL/KiriPedia/botnet/workers/scribe.mjs","--worker","scribe-2","--batch","1"]}
{"ts":"2026-06-27T21:49:16.782Z","lane":"plant","event":"done","step":"scribe-2","code":0,"ms":108}
{"ts":"2026-06-27T21:49:16.783Z","lane":"plant","event":"start","step":"scribe-3","bin":"node","args":["/Volumes/EOS_DIGITAL/KiriPedia/botnet/workers/scribe.mjs","--worker","scribe-3","--batch","1"]}
{"ts":"2026-06-27T21:49:16.877Z","lane":"plant","event":"done","step":"scribe-3","code":0,"ms":93}
{"ts":"2026-06-27T21:50:03.269Z","lane":"trawler","event":"done","step":null,"code":-1,"ms":1199996,"stderr":"[trawler:youtube] Run 1/4 for 2026-06-27.\n"}
{"ts":"2026-06-27T21:50:03.275Z","lane":"trawler","event":"backoff","ms":480000}
{"ts":"2026-06-27T21:50:11.932Z","lane":"rt-snapshot","event":"start","step":null,"bin":"node","args":["/Volumes/EOS_DIGITAL/KiriPedia/botnet/lib/research-team-snapshot.mjs"]}
{"ts":"2026-06-27T21:50:12.303Z","lane":"rt-snapshot","event":"done","step":null,"code":0,"ms":368}
{"ts":"2026-06-27T21:50:42.192Z","lane":"plant","event":"start","step":"scribe-1","bin":"node","args":["/Volumes/EOS_DIGITAL/KiriPedia/botnet/workers/scribe.mjs","--worker","scribe-1","--batch","1"]}
{"ts":"2026-06-27T21:50:42.361Z","lane":"plant","event":"done","step":"scribe-1","code":0,"ms":167}
{"ts":"2026-06-27T21:50:42.361Z","lane":"plant","event":"start","step":"scribe-2","bin":"node","args":["/Volumes/EOS_DIGITAL/KiriPedia/botnet/workers/scribe.mjs","--worker","scribe-2","--batch","1"]}
{"ts":"2026-06-27T21:50:42.462Z","lane":"plant","event":"done","step":"scribe-2","code":0,"ms":100}
{"ts":"2026-06-27T21:50:42.462Z","lane":"plant","event":"start","step":"scribe-3","bin":"node","args":["/Volumes/EOS_DIGITAL/KiriPedia/botnet/workers/scribe.mjs","--worker","scribe-3","--batch","1"]}
{"ts":"2026-06-27T21:50:42.554Z","lane":"plant","event":"done","step":"scribe-3","code":0,"ms":90}
{"ts":"2026-06-27T21:50:46.534Z","lane":"plant2","event":"start","step":"cat-1","bin":"node","args":["/Volumes/EOS_DIGITAL/KiriPedia/botnet/workers/cataloger-editor.mjs","--worker","cataloger-1","--batch","1"]}
{"ts":"2026-06-27T21:50:46.646Z","lane":"plant2","event":"done","step":"cat-1","code":0,"ms":109}
{"ts":"2026-06-27T21:50:46.646Z","lane":"plant2","event":"start","step":"cat-2","bin":"node","args":["/Volumes/EOS_DIGITAL/KiriPedia/botnet/workers/cataloger-editor.mjs","--worker","cataloger-2","--batch","1"]}
{"ts":"2026-06-27T21:50:46.740Z","lane":"plant2","event":"done","step":"cat-2","code":0,"ms":93}
{"ts":"2026-06-27T21:51:12.307Z","lane":"rt-snapshot","event":"start","step":null,"bin":"node","args":["/Volumes/EOS_DIGITAL/KiriPedia/botnet/lib/research-team-snapshot.mjs"]}
{"ts":"2026-06-27T21:51:12.685Z","lane":"rt-snapshot","event":"done","step":null,"code":0,"ms":376}
{"ts":"2026-06-27T21:51:33.219Z","lane":"office","event":"start","step":null,"bin":"node","args":["/Volumes/EOS_DIGITAL/KiriPedia/botnet/workers/office-manager.mjs"]}
{"ts":"2026-06-27T21:51:39.209Z","lane":"office","event":"done","step":null,"code":0,"ms":5988}
{"ts":"2026-06-27T21:51:43.747Z","lane":"catch-import","event":"start","step":null,"bin":"node","args":["/Volumes/EOS_DIGITAL/KiriPedia/botnet/workers/catch-importer.mjs","--auto-trust"]}
{"ts":"2026-06-27T21:51:44.032Z","lane":"catch-import","event":"done","step":null,"code":0,"ms":283}
{"ts":"2026-06-27T21:52:08.287Z","lane":"reviewer","event":"start","step":null,"bin":"node","args":["/Volumes/EOS_DIGITAL/KiriPedia/botnet/workers/reviewer.mjs"]}
{"ts":"2026-06-27T21:52:08.463Z","lane":"reviewer","event":"done","step":null,"code":0,"ms":173}
{"ts":"2026-06-27T21:52:12.687Z","lane":"rt-snapshot","event":"start","step":null,"bin":"node","args":["/Volumes/EOS_DIGITAL/KiriPedia/botnet/lib/research-team-snapshot.mjs"]}
{"ts":"2026-06-27T21:52:18.380Z","lane":"rt-snapshot","event":"done","step":null,"code":0,"ms":5693}
{"ts":"2026-06-27T21:52:18.577Z","lane":"plant","event":"start","step":"scribe-1","bin":"node","args":["/Volumes/EOS_DIGITAL/KiriPedia/botnet/workers/scribe.mjs","--worker","scribe-1","--batch","1"]}
{"ts":"2026-06-27T21:52:18.680Z","lane":"plant","event":"done","step":"scribe-1","code":0,"ms":103}
{"ts":"2026-06-27T21:52:18.680Z","lane":"plant","event":"start","step":"scribe-2","bin":"node","args":["/Volumes/EOS_DIGITAL/KiriPedia/botnet/workers/scribe.mjs","--worker","scribe-2","--batch","1"]}
{"ts":"2026-06-27T21:52:18.781Z","lane":"plant","event":"done","step":"scribe-2","code":0,"ms":99}
{"ts":"2026-06-27T21:52:18.781Z","lane":"plant","event":"start","step":"scribe-3","bin":"node","args":["/Volumes/EOS_DIGITAL/KiriPedia/botnet/workers/scribe.mjs","--worker","scribe-3","--batch","1"]}
{"ts":"2026-06-27T21:52:18.874Z","lane":"plant","event":"done","step":"scribe-3","code":0,"ms":91}
{"ts":"2026-06-27T21:52:36.789Z","lane":"snapshot","event":"start","step":null,"bin":"node","args":["/Volumes/EOS_DIGITAL/KiriPedia/botnet/lib/snapshot-writer.mjs"]}
{"ts":"2026-06-27T21:52:37.007Z","lane":"snapshot","event":"done","step":null,"code":0,"ms":216}
{"ts":"2026-06-27T21:52:53.540Z","lane":"plant2","event":"start","step":"cat-1","bin":"node","args":["/Volumes/EOS_DIGITAL/KiriPedia/botnet/workers/cataloger-editor.mjs","--worker","cataloger-1","--batch","1"]}
{"ts":"2026-06-27T21:52:53.739Z","lane":"plant2","event":"done","step":"cat-1","code":0,"ms":197}
{"ts":"2026-06-27T21:52:53.739Z","lane":"plant2","event":"start","step":"cat-2","bin":"node","args":["/Volumes/EOS_DIGITAL/KiriPedia/botnet/workers/cataloger-editor.mjs","--worker","cataloger-2","--batch","1"]}
{"ts":"2026-06-27T21:52:53.837Z","lane":"plant2","event":"done","step":"cat-2","code":0,"ms":93}
{"ts":"2026-06-27T21:53:00.178Z","lane":"triage-patroller","event":"start","step":null,"bin":"node","args":["/Volumes/EOS_DIGITAL/KiriPedia/botnet/workers/triage-patroller.mjs","--per-role","25"]}
{"ts":"2026-06-27T21:53:03.419Z","lane":"triage-patroller","event":"done","step":null,"code":0,"ms":3240}
{"ts":"2026-06-27T21:53:18.385Z","lane":"rt-snapshot","event":"start","step":null,"bin":"node","args":["/Volumes/EOS_DIGITAL/KiriPedia/botnet/lib/research-team-snapshot.mjs"]}
{"ts":"2026-06-27T21:53:18.742Z","lane":"rt-snapshot","event":"done","step":null,"code":0,"ms":355}
{"ts":"2026-06-27T21:53:41.641Z","lane":"plant","event":"start","step":"scribe-1","bin":"node","args":["/Volumes/EOS_DIGITAL/KiriPedia/botnet/workers/scribe.mjs","--worker","scribe-1","--batch","1"]}
{"ts":"2026-06-27T21:53:41.820Z","lane":"plant","event":"done","step":"scribe-1","code":0,"ms":177}
{"ts":"2026-06-27T21:53:41.820Z","lane":"plant","event":"start","step":"scribe-2","bin":"node","args":["/Volumes/EOS_DIGITAL/KiriPedia/botnet/workers/scribe.mjs","--worker","scribe-2","--batch","1"]}
{"ts":"2026-06-27T21:53:41.914Z","lane":"plant","event":"done","step":"scribe-2","code":0,"ms":89}
{"ts":"2026-06-27T21:53:41.914Z","lane":"plant","event":"start","step":"scribe-3","bin":"node","args":["/Volumes/EOS_DIGITAL/KiriPedia/botnet/workers/scribe.mjs","--worker","scribe-3","--batch","1"]}
{"ts":"2026-06-27T21:53:42.015Z","lane":"plant","event":"done","step":"scribe-3","code":0,"ms":100}
{"ts":"2026-06-27T21:54:10.862Z","lane":"splitter","event":"start","step":null,"bin":"node","args":["/Volumes/EOS_DIGITAL/KiriPedia/botnet/workers/first-third-splitter.mjs","--batch","30"]}
{"ts":"2026-06-27T21:54:11.035Z","lane":"splitter","event":"done","step":null,"code":0,"ms":171}
{"ts":"2026-06-27T21:54:18.746Z","lane":"rt-snapshot","event":"start","step":null,"bin":"node","args":["/Volumes/EOS_DIGITAL/KiriPedia/botnet/lib/research-team-snapshot.mjs"]}
{"ts":"2026-06-27T21:54:19.041Z","lane":"rt-snapshot","event":"done","step":null,"code":0,"ms":293}
{"ts":"2026-06-27T21:54:38.543Z","lane":"plant2","event":"start","step":"cat-1","bin":"node","args":["/Volumes/EOS_DIGITAL/KiriPedia/botnet/workers/cataloger-editor.mjs","--worker","cataloger-1","--batch","1"]}
{"ts":"2026-06-27T21:54:38.733Z","lane":"plant2","event":"done","step":"cat-1","code":0,"ms":187}
{"ts":"2026-06-27T21:54:38.733Z","lane":"plant2","event":"start","step":"cat-2","bin":"node","args":["/Volumes/EOS_DIGITAL/KiriPedia/botnet/workers/cataloger-editor.mjs","--worker","cataloger-2","--batch","1"]}
{"ts":"2026-06-27T21:54:38.826Z","lane":"plant2","event":"done","step":"cat-2","code":0,"ms":91}
{"ts":"2026-06-27T21:55:19.046Z","lane":"rt-snapshot","event":"start","step":null,"bin":"node","args":["/Volumes/EOS_DIGITAL/KiriPedia/botnet/lib/research-team-snapshot.mjs"]}
{"ts":"2026-06-27T21:55:19.421Z","lane":"rt-snapshot","event":"done","step":null,"code":0,"ms":368}
{"ts":"2026-06-27T21:55:20.907Z","lane":"plant","event":"start","step":"scribe-1","bin":"node","args":["/Volumes/EOS_DIGITAL/KiriPedia/botnet/workers/scribe.mjs","--worker","scribe-1","--batch","1"]}
{"ts":"2026-06-27T21:55:21.012Z","lane":"plant","event":"done","step":"scribe-1","code":0,"ms":104}
{"ts":"2026-06-27T21:55:21.012Z","lane":"plant","event":"start","step":"scribe-2","bin":"node","args":["/Volumes/EOS_DIGITAL/KiriPedia/botnet/workers/scribe.mjs","--worker","scribe-2","--batch","1"]}
{"ts":"2026-06-27T21:55:21.107Z","lane":"plant","event":"done","step":"scribe-2","code":0,"ms":93}
{"ts":"2026-06-27T21:55:21.107Z","lane":"plant","event":"start","step":"scribe-3","bin":"node","args":["/Volumes/EOS_DIGITAL/KiriPedia/botnet/workers/scribe.mjs","--worker","scribe-3","--batch","1"]}
{"ts":"2026-06-27T21:55:21.199Z","lane":"plant","event":"done","step":"scribe-3","code":0,"ms":90}
{"ts":"2026-06-27T21:55:32.561Z","lane":"discretion","event":"start","step":null,"bin":"node","args":["/Volumes/EOS_DIGITAL/KiriPedia/botnet/workers/discretion-warden.mjs","--batch","20"]}
{"ts":"2026-06-27T21:55:32.731Z","lane":"discretion","event":"done","step":null,"code":0,"ms":168}
{"ts":"2026-06-27T21:55:59.420Z","lane":"triage","event":"start","step":null,"bin":"node","args":["/Volumes/EOS_DIGITAL/KiriPedia/botnet/workers/npp.mjs"]}
{"ts":"2026-06-27T21:55:59.639Z","lane":"triage","event":"done","step":null,"code":0,"ms":217}
{"ts":"2026-06-27T21:56:19.425Z","lane":"rt-snapshot","event":"start","step":null,"bin":"node","args":["/Volumes/EOS_DIGITAL/KiriPedia/botnet/lib/research-team-snapshot.mjs"]}
{"ts":"2026-06-27T21:56:19.774Z","lane":"rt-snapshot","event":"done","step":null,"code":0,"ms":347}
{"ts":"2026-06-27T21:56:43.637Z","lane":"plant2","event":"start","step":"cat-1","bin":"node","args":["/Volumes/EOS_DIGITAL/KiriPedia/botnet/workers/cataloger-editor.mjs","--worker","cataloger-1","--batch","1"]}
{"ts":"2026-06-27T21:56:43.815Z","lane":"plant2","event":"done","step":"cat-1","code":0,"ms":175}
{"ts":"2026-06-27T21:56:43.815Z","lane":"plant2","event":"start","step":"cat-2","bin":"node","args":["/Volumes/EOS_DIGITAL/KiriPedia/botnet/workers/cataloger-editor.mjs","--worker","cataloger-2","--batch","1"]}
{"ts":"2026-06-27T21:56:43.916Z","lane":"plant2","event":"done","step":"cat-2","code":0,"ms":98}
{"ts":"2026-06-27T21:56:56.666Z","lane":"plant","event":"start","step":"scribe-1","bin":"node","args":["/Volumes/EOS_DIGITAL/KiriPedia/botnet/workers/scribe.mjs","--worker","scribe-1","--batch","1"]}
{"ts":"2026-06-27T21:56:56.851Z","lane":"plant","event":"done","step":"scribe-1","code":0,"ms":183}
{"ts":"2026-06-27T21:56:56.852Z","lane":"plant","event":"start","step":"scribe-2","bin":"node","args":["/Volumes/EOS_DIGITAL/KiriPedia/botnet/workers/scribe.mjs","--worker","scribe-2","--batch","1"]}
{"ts":"2026-06-27T21:56:56.944Z","lane":"plant","event":"done","step":"scribe-2","code":0,"ms":89}
{"ts":"2026-06-27T21:56:56.945Z","lane":"plant","event":"start","step":"scribe-3","bin":"node","args":["/Volumes/EOS_DIGITAL/KiriPedia/botnet/workers/scribe.mjs","--worker","scribe-3","--batch","1"]}
{"ts":"2026-06-27T21:56:57.041Z","lane":"plant","event":"done","step":"scribe-3","code":0,"ms":94}
{"ts":"2026-06-27T21:57:01.828Z","lane":"reviewer","event":"start","step":null,"bin":"node","args":["/Volumes/EOS_DIGITAL/KiriPedia/botnet/workers/reviewer.mjs"]}
{"ts":"2026-06-27T21:57:01.933Z","lane":"reviewer","event":"done","step":null,"code":0,"ms":104}
{"ts":"2026-06-27T21:57:19.778Z","lane":"rt-snapshot","event":"start","step":null,"bin":"node","args":["/Volumes/EOS_DIGITAL/KiriPedia/botnet/lib/research-team-snapshot.mjs"]}
{"ts":"2026-06-27T21:57:20.129Z","lane":"rt-snapshot","event":"done","step":null,"code":0,"ms":348}
{"ts":"2026-06-27T21:57:37.010Z","lane":"snapshot","event":"start","step":null,"bin":"node","args":["/Volumes/EOS_DIGITAL/KiriPedia/botnet/lib/snapshot-writer.mjs"]}
{"ts":"2026-06-27T21:57:37.203Z","lane":"snapshot","event":"done","step":null,"code":0,"ms":190}
{"ts":"2026-06-27T21:58:03.279Z","lane":"trawler","event":"start","step":null,"bin":"node","args":["/Volumes/EOS_DIGITAL/KiriPedia/fleet/trawlers/youtube.mjs"]}
{"ts":"2026-06-27T21:58:20.132Z","lane":"rt-snapshot","event":"start","step":null,"bin":"node","args":["/Volumes/EOS_DIGITAL/KiriPedia/botnet/lib/research-team-snapshot.mjs"]}
{"ts":"2026-06-27T21:58:20.496Z","lane":"rt-snapshot","event":"done","step":null,"code":0,"ms":361}
{"ts":"2026-06-27T21:58:20.708Z","lane":"plant","event":"start","step":"scribe-1","bin":"node","args":["/Volumes/EOS_DIGITAL/KiriPedia/botnet/workers/scribe.mjs","--worker","scribe-1","--batch","1"]}
{"ts":"2026-06-27T21:58:20.826Z","lane":"plant","event":"done","step":"scribe-1","code":0,"ms":117}
{"ts":"2026-06-27T21:58:20.826Z","lane":"plant","event":"start","step":"scribe-2","bin":"node","args":["/Volumes/EOS_DIGITAL/KiriPedia/botnet/workers/scribe.mjs","--worker","scribe-2","--batch","1"]}
{"ts":"2026-06-27T21:58:20.919Z","lane":"plant","event":"done","step":"scribe-2","code":0,"ms":90}
{"ts":"2026-06-27T21:58:20.919Z","lane":"plant","event":"start","step":"scribe-3","bin":"node","args":["/Volumes/EOS_DIGITAL/KiriPedia/botnet/workers/scribe.mjs","--worker","scribe-3","--batch","1"]}
{"ts":"2026-06-27T21:58:21.019Z","lane":"plant","event":"done","step":"scribe-3","code":0,"ms":94}
{"ts":"2026-06-27T21:58:27.060Z","lane":"plant2","event":"start","step":"cat-1","bin":"node","args":["/Volumes/EOS_DIGITAL/KiriPedia/botnet/workers/cataloger-editor.mjs","--worker","cataloger-1","--batch","1"]}
{"ts":"2026-06-27T21:58:27.182Z","lane":"plant2","event":"done","step":"cat-1","code":0,"ms":119}
{"ts":"2026-06-27T21:58:27.182Z","lane":"plant2","event":"start","step":"cat-2","bin":"node","args":["/Volumes/EOS_DIGITAL/KiriPedia/botnet/workers/cataloger-editor.mjs","--worker","cataloger-2","--batch","1"]}
{"ts":"2026-06-27T21:58:27.279Z","lane":"plant2","event":"done","step":"cat-2","code":0,"ms":93}
{"ts":"2026-06-27T21:58:32.385Z","lane":"indexer","event":"start","step":null,"bin":"node","args":["/Volumes/EOS_DIGITAL/KiriPedia/botnet/workers/indexer.mjs"]}
{"ts":"2026-06-27T21:58:36.081Z","lane":"indexer","event":"done","step":null,"code":0,"ms":3695}
{"ts":"2026-06-27T21:59:20.498Z","lane":"rt-snapshot","event":"start","step":null,"bin":"node","args":["/Volumes/EOS_DIGITAL/KiriPedia/botnet/lib/research-team-snapshot.mjs"]}
{"ts":"2026-06-27T21:59:20.879Z","lane":"rt-snapshot","event":"done","step":null,"code":0,"ms":372}
{"ts":"2026-06-27T21:59:53.169Z","lane":"plant","event":"start","step":"scribe-1","bin":"node","args":["/Volumes/EOS_DIGITAL/KiriPedia/botnet/workers/scribe.mjs","--worker","scribe-1","--batch","1"]}
{"ts":"2026-06-27T21:59:53.355Z","lane":"plant","event":"done","step":"scribe-1","code":0,"ms":180}
{"ts":"2026-06-27T21:59:53.355Z","lane":"plant","event":"start","step":"scribe-2","bin":"node","args":["/Volumes/EOS_DIGITAL/KiriPedia/botnet/workers/scribe.mjs","--worker","scribe-2","--batch","1"]}
{"ts":"2026-06-27T21:59:53.447Z","lane":"plant","event":"done","step":"scribe-2","code":0,"ms":89}
{"ts":"2026-06-27T21:59:53.447Z","lane":"plant","event":"start","step":"scribe-3","bin":"node","args":["/Volumes/EOS_DIGITAL/KiriPedia/botnet/workers/scribe.mjs","--worker","scribe-3","--batch","1"]}
{"ts":"2026-06-27T21:59:53.544Z","lane":"plant","event":"done","step":"scribe-3","code":0,"ms":88}
{"ts":"2026-06-27T22:00:20.883Z","lane":"rt-snapshot","event":"start","step":null,"bin":"node","args":["/Volumes/EOS_DIGITAL/KiriPedia/botnet/lib/research-team-snapshot.mjs"]}
{"ts":"2026-06-27T22:00:21.248Z","lane":"rt-snapshot","event":"done","step":null,"code":0,"ms":361}
{"ts":"2026-06-27T22:00:35.547Z","lane":"plant2","event":"start","step":"cat-1","bin":"node","args":["/Volumes/EOS_DIGITAL/KiriPedia/botnet/workers/cataloger-editor.mjs","--worker","cataloger-1","--batch","1"]}
{"ts":"2026-06-27T22:00:35.721Z","lane":"plant2","event":"done","step":"cat-1","code":0,"ms":171}
{"ts":"2026-06-27T22:00:35.722Z","lane":"plant2","event":"start","step":"cat-2","bin":"node","args":["/Volumes/EOS_DIGITAL/KiriPedia/botnet/workers/cataloger-editor.mjs","--worker","cataloger-2","--batch","1"]}
{"ts":"2026-06-27T22:00:35.816Z","lane":"plant2","event":"done","step":"cat-2","code":0,"ms":91}
{"ts":"2026-06-27T22:00:58.271Z","lane":"splitter","event":"start","step":null,"bin":"node","args":["/Volumes/EOS_DIGITAL/KiriPedia/botnet/workers/first-third-splitter.mjs","--batch","30"]}
{"ts":"2026-06-27T22:00:58.796Z","lane":"splitter","event":"done","step":null,"code":0,"ms":521}
{"ts":"2026-06-27T22:01:21.252Z","lane":"rt-snapshot","event":"start","step":null,"bin":"node","args":["/Volumes/EOS_DIGITAL/KiriPedia/botnet/lib/research-team-snapshot.mjs"]}
{"ts":"2026-06-27T22:01:21.665Z","lane":"rt-snapshot","event":"done","step":null,"code":0,"ms":409}
{"ts":"2026-06-27T22:01:37.005Z","lane":"plant","event":"start","step":"scribe-1","bin":"node","args":["/Volumes/EOS_DIGITAL/KiriPedia/botnet/workers/scribe.mjs","--worker","scribe-1","--batch","1"]}
{"ts":"2026-06-27T22:01:37.185Z","lane":"plant","event":"done","step":"scribe-1","code":0,"ms":178}
{"ts":"2026-06-27T22:01:37.185Z","lane":"plant","event":"start","step":"scribe-2","bin":"node","args":["/Volumes/EOS_DIGITAL/KiriPedia/botnet/workers/scribe.mjs","--worker","scribe-2","--batch","1"]}
{"ts":"2026-06-27T22:01:37.303Z","lane":"plant","event":"done","step":"scribe-2","code":0,"ms":99}
{"ts":"2026-06-27T22:01:37.304Z","lane":"plant","event":"start","step":"scribe-3","bin":"node","args":["/Volumes/EOS_DIGITAL/KiriPedia/botnet/workers/scribe.mjs","--worker","scribe-3","--batch","1"]}
{"ts":"2026-06-27T22:01:37.403Z","lane":"plant","event":"done","step":"scribe-3","code":0,"ms":89}
{"ts":"2026-06-27T22:01:39.601Z","lane":"reviewer","event":"start","step":null,"bin":"node","args":["/Volumes/EOS_DIGITAL/KiriPedia/botnet/workers/reviewer.mjs"]}
{"ts":"2026-06-27T22:01:39.702Z","lane":"reviewer","event":"done","step":null,"code":0,"ms":99}
{"ts":"2026-06-27T22:01:58.863Z","lane":"office","event":"start","step":null,"bin":"node","args":["/Volumes/EOS_DIGITAL/KiriPedia/botnet/workers/office-manager.mjs"]}
{"ts":"2026-06-27T22:02:05.478Z","lane":"office","event":"done","step":null,"code":0,"ms":6612}
{"ts":"2026-06-27T22:02:05.681Z","lane":"catch-import","event":"start","step":null,"bin":"node","args":["/Volumes/EOS_DIGITAL/KiriPedia/botnet/workers/catch-importer.mjs","--auto-trust"]}
{"ts":"2026-06-27T22:02:05.824Z","lane":"catch-import","event":"done","step":null,"code":0,"ms":143}
{"ts":"2026-06-27T22:02:21.669Z","lane":"rt-snapshot","event":"start","step":null,"bin":"node","args":["/Volumes/EOS_DIGITAL/KiriPedia/botnet/lib/research-team-snapshot.mjs"]}
{"ts":"2026-06-27T22:02:22.037Z","lane":"rt-snapshot","event":"done","step":null,"code":0,"ms":365}
{"ts":"2026-06-27T22:02:36.345Z","lane":"plant2","event":"start","step":"cat-1","bin":"node","args":["/Volumes/EOS_DIGITAL/KiriPedia/botnet/workers/cataloger-editor.mjs","--worker","cataloger-1","--batch","1"]}
{"ts":"2026-06-27T22:02:36.526Z","lane":"plant2","event":"done","step":"cat-1","code":0,"ms":178}
{"ts":"2026-06-27T22:02:36.526Z","lane":"plant2","event":"start","step":"cat-2","bin":"node","args":["/Volumes/EOS_DIGITAL/KiriPedia/botnet/workers/cataloger-editor.mjs","--worker","cataloger-2","--batch","1"]}
{"ts":"2026-06-27T22:02:36.621Z","lane":"plant2","event":"done","step":"cat-2","code":0,"ms":93}
{"ts":"2026-06-27T22:02:37.201Z","lane":"snapshot","event":"start","step":null,"bin":"node","args":["/Volumes/EOS_DIGITAL/KiriPedia/botnet/lib/snapshot-writer.mjs"]}
{"ts":"2026-06-27T22:02:37.383Z","lane":"snapshot","event":"done","step":null,"code":0,"ms":182}
{"ts":"2026-06-27T22:02:40.653Z","lane":"diff-sentinel","event":"start","step":null,"bin":"node","args":["/Volumes/EOS_DIGITAL/KiriPedia/botnet/workers/diff-sentinel.mjs"]}
{"ts":"2026-06-27T22:02:40.993Z","lane":"diff-sentinel","event":"done","step":null,"code":0,"ms":339}
{"ts":"2026-06-27T22:02:43.460Z","lane":"discretion","event":"start","step":null,"bin":"node","args":["/Volumes/EOS_DIGITAL/KiriPedia/botnet/workers/discretion-warden.mjs","--batch","20"]}
{"ts":"2026-06-27T22:02:43.568Z","lane":"discretion","event":"done","step":null,"code":0,"ms":106}
{"ts":"2026-06-27T22:03:00.288Z","lane":"triage-patroller","event":"start","step":null,"bin":"node","args":["/Volumes/EOS_DIGITAL/KiriPedia/botnet/workers/triage-patroller.mjs","--per-role","25"]}
{"ts":"2026-06-27T22:03:03.445Z","lane":"triage-patroller","event":"done","step":null,"code":0,"ms":3155}
{"ts":"2026-06-27T22:03:13.098Z","lane":"plant","event":"start","step":"scribe-1","bin":"node","args":["/Volumes/EOS_DIGITAL/KiriPedia/botnet/workers/scribe.mjs","--worker","scribe-1","--batch","1"]}
{"ts":"2026-06-27T22:03:13.256Z","lane":"plant","event":"done","step":"scribe-1","code":0,"ms":156}
{"ts":"2026-06-27T22:03:13.256Z","lane":"plant","event":"start","step":"scribe-2","bin":"node","args":["/Volumes/EOS_DIGITAL/KiriPedia/botnet/workers/scribe.mjs","--worker","scribe-2","--batch","1"]}
{"ts":"2026-06-27T22:03:13.367Z","lane":"plant","event":"done","step":"scribe-2","code":0,"ms":110}
{"ts":"2026-06-27T22:03:13.368Z","lane":"plant","event":"start","step":"scribe-3","bin":"node","args":["/Volumes/EOS_DIGITAL/KiriPedia/botnet/workers/scribe.mjs","--worker","scribe-3","--batch","1"]}
{"ts":"2026-06-27T22:03:13.459Z","lane":"plant","event":"done","step":"scribe-3","code":0,"ms":90}
{"ts":"2026-06-27T22:03:22.040Z","lane":"rt-snapshot","event":"start","step":null,"bin":"node","args":["/Volumes/EOS_DIGITAL/KiriPedia/botnet/lib/research-team-snapshot.mjs"]}
{"ts":"2026-06-27T22:03:22.334Z","lane":"rt-snapshot","event":"done","step":null,"code":0,"ms":293}
{"ts":"2026-06-27T22:03:44.622Z","lane":"shape-auditor","event":"start","step":null,"bin":"node","args":["/Volumes/EOS_DIGITAL/KiriPedia/botnet/workers/shape-auditor.mjs","--threshold","5"]}
{"ts":"2026-06-27T22:03:45.175Z","lane":"shape-auditor","event":"done","step":null,"code":0,"ms":551}
{"ts":"2026-06-27T22:04:01.909Z","lane":"coord","event":"start","step":null,"bin":"node","args":["/Volumes/EOS_DIGITAL/KiriPedia/botnet/workers/coordinator.mjs"]}
{"ts":"2026-06-27T22:04:02.093Z","lane":"coord","event":"done","step":null,"code":0,"ms":181}
{"ts":"2026-06-27T22:04:12.227Z","lane":"mos-enforcer","event":"start","step":null,"bin":"node","args":["/Volumes/EOS_DIGITAL/KiriPedia/botnet/workers/mos-enforcer.mjs"]}
{"ts":"2026-06-27T22:04:13.727Z","lane":"mos-enforcer","event":"done","step":null,"code":0,"ms":1498}
{"ts":"2026-06-27T22:04:22.337Z","lane":"rt-snapshot","event":"start","step":null,"bin":"node","args":["/Volumes/EOS_DIGITAL/KiriPedia/botnet/lib/research-team-snapshot.mjs"]}
{"ts":"2026-06-27T22:04:22.647Z","lane":"rt-snapshot","event":"done","step":null,"code":0,"ms":308}
{"ts":"2026-06-27T22:04:45.276Z","lane":"plant2","event":"start","step":"cat-1","bin":"node","args":["/Volumes/EOS_DIGITAL/KiriPedia/botnet/workers/cataloger-editor.mjs","--worker","cataloger-1","--batch","1"]}
{"ts":"2026-06-27T22:04:45.477Z","lane":"plant2","event":"done","step":"cat-1","code":0,"ms":199}
{"ts":"2026-06-27T22:04:45.477Z","lane":"plant2","event":"start","step":"cat-2","bin":"node","args":["/Volumes/EOS_DIGITAL/KiriPedia/botnet/workers/cataloger-editor.mjs","--worker","cataloger-2","--batch","1"]}
{"ts":"2026-06-27T22:04:45.574Z","lane":"plant2","event":"done","step":"cat-2","code":0,"ms":93}
{"ts":"2026-06-27T22:04:58.318Z","lane":"plant","event":"start","step":"scribe-1","bin":"node","args":["/Volumes/EOS_DIGITAL/KiriPedia/botnet/workers/scribe.mjs","--worker","scribe-1","--batch","1"]}
{"ts":"2026-06-27T22:04:58.498Z","lane":"plant","event":"done","step":"scribe-1","code":0,"ms":178}
{"ts":"2026-06-27T22:04:58.499Z","lane":"plant","event":"start","step":"scribe-2","bin":"node","args":["/Volumes/EOS_DIGITAL/KiriPedia/botnet/workers/scribe.mjs","--worker","scribe-2","--batch","1"]}
{"ts":"2026-06-27T22:04:58.591Z","lane":"plant","event":"done","step":"scribe-2","code":0,"ms":91}
{"ts":"2026-06-27T22:04:58.591Z","lane":"plant","event":"start","step":"scribe-3","bin":"node","args":["/Volumes/EOS_DIGITAL/KiriPedia/botnet/workers/scribe.mjs","--worker","scribe-3","--batch","1"]}
{"ts":"2026-06-27T22:04:58.685Z","lane":"plant","event":"done","step":"scribe-3","code":0,"ms":93}
{"ts":"2026-06-27T22:05:22.651Z","lane":"rt-snapshot","event":"start","step":null,"bin":"node","args":["/Volumes/EOS_DIGITAL/KiriPedia/botnet/lib/research-team-snapshot.mjs"]}
{"ts":"2026-06-27T22:05:23.089Z","lane":"rt-snapshot","event":"done","step":null,"code":0,"ms":436}
{"ts":"2026-06-27T22:05:39.838Z","lane":"prospect","event":"start","step":null,"bin":"node","args":["/Volumes/EOS_DIGITAL/KiriPedia/botnet/workers/prospector.mjs","--batch","2"]}
{"ts":"2026-06-27T22:05:55.544Z","lane":"triage","event":"start","step":null,"bin":"node","args":["/Volumes/EOS_DIGITAL/KiriPedia/botnet/workers/npp.mjs"]}
{"ts":"2026-06-27T22:05:55.733Z","lane":"triage","event":"done","step":null,"code":0,"ms":187}
{"ts":"2026-06-27T22:06:04.566Z","lane":"prospect","event":"done","step":null,"code":0,"ms":24726}
{"ts":"2026-06-27T22:06:23.093Z","lane":"rt-snapshot","event":"start","step":null,"bin":"node","args":["/Volumes/EOS_DIGITAL/KiriPedia/botnet/lib/research-team-snapshot.mjs"]}
{"ts":"2026-06-27T22:06:23.543Z","lane":"rt-snapshot","event":"done","step":null,"code":0,"ms":447}
{"ts":"2026-06-27T22:06:24.018Z","lane":"reviewer","event":"start","step":null,"bin":"node","args":["/Volumes/EOS_DIGITAL/KiriPedia/botnet/workers/reviewer.mjs"]}
{"ts":"2026-06-27T22:06:24.140Z","lane":"reviewer","event":"done","step":null,"code":0,"ms":121}
{"ts":"2026-06-27T22:06:28.729Z","lane":"re-reader","event":"start","step":null,"bin":"node","args":["/Volumes/EOS_DIGITAL/KiriPedia/botnet/workers/re-reader.mjs","--worker","re-reader-1","--batch","2"]}
{"ts":"2026-06-27T22:06:29.873Z","lane":"plant","event":"start","step":"scribe-1","bin":"node","args":["/Volumes/EOS_DIGITAL/KiriPedia/botnet/workers/scribe.mjs","--worker","scribe-1","--batch","1"]}
{"ts":"2026-06-27T22:06:29.971Z","lane":"plant","event":"done","step":"scribe-1","code":0,"ms":94}
{"ts":"2026-06-27T22:06:29.971Z","lane":"plant","event":"start","step":"scribe-2","bin":"node","args":["/Volumes/EOS_DIGITAL/KiriPedia/botnet/workers/scribe.mjs","--worker","scribe-2","--batch","1"]}
{"ts":"2026-06-27T22:06:30.066Z","lane":"plant","event":"done","step":"scribe-2","code":0,"ms":86}
{"ts":"2026-06-27T22:06:30.066Z","lane":"plant","event":"start","step":"scribe-3","bin":"node","args":["/Volumes/EOS_DIGITAL/KiriPedia/botnet/workers/scribe.mjs","--worker","scribe-3","--batch","1"]}
{"ts":"2026-06-27T22:06:30.164Z","lane":"plant","event":"done","step":"scribe-3","code":0,"ms":86}
{"ts":"2026-06-27T22:06:45.639Z","lane":"plant2","event":"start","step":"cat-1","bin":"node","args":["/Volumes/EOS_DIGITAL/KiriPedia/botnet/workers/cataloger-editor.mjs","--worker","cataloger-1","--batch","1"]}
{"ts":"2026-06-27T22:06:45.775Z","lane":"plant2","event":"done","step":"cat-1","code":0,"ms":133}
{"ts":"2026-06-27T22:06:45.775Z","lane":"plant2","event":"start","step":"cat-2","bin":"node","args":["/Volumes/EOS_DIGITAL/KiriPedia/botnet/workers/cataloger-editor.mjs","--worker","cataloger-2","--batch","1"]}
{"ts":"2026-06-27T22:06:45.877Z","lane":"plant2","event":"done","step":"cat-2","code":0,"ms":97}
{"ts":"2026-06-27T22:06:58.932Z","lane":"sentry","event":"start","step":null,"bin":"node","args":["/Volumes/EOS_DIGITAL/KiriPedia/botnet/workers/mouth-sentry.mjs"]}
{"ts":"2026-06-27T22:06:59.061Z","lane":"sentry","event":"done","step":null,"code":0,"ms":127}
{"ts":"2026-06-27T22:07:11.821Z","lane":"re-reader","event":"done","step":null,"code":0,"ms":43078}
{"ts":"2026-06-27T22:07:23.547Z","lane":"rt-snapshot","event":"start","step":null,"bin":"node","args":["/Volumes/EOS_DIGITAL/KiriPedia/botnet/lib/research-team-snapshot.mjs"]}
{"ts":"2026-06-27T22:07:23.785Z","lane":"rt-snapshot","event":"done","step":null,"code":0,"ms":235}
{"ts":"2026-06-27T22:07:31.867Z","lane":"mining","event":"start","step":"deepener","bin":"node","args":["/Volumes/EOS_DIGITAL/KiriPedia/botnet/workers/deepener.mjs","--batch","5"]}
{"ts":"2026-06-27T22:07:37.384Z","lane":"snapshot","event":"start","step":null,"bin":"node","args":["/Volumes/EOS_DIGITAL/KiriPedia/botnet/lib/snapshot-writer.mjs"]}
{"ts":"2026-06-27T22:07:37.522Z","lane":"snapshot","event":"done","step":null,"code":0,"ms":136}
{"ts":"2026-06-27T22:07:47.717Z","lane":"plant","event":"start","step":"scribe-1","bin":"node","args":["/Volumes/EOS_DIGITAL/KiriPedia/botnet/workers/scribe.mjs","--worker","scribe-1","--batch","1"]}
{"ts":"2026-06-27T22:07:47.844Z","lane":"plant","event":"done","step":"scribe-1","code":0,"ms":125}
{"ts":"2026-06-27T22:07:47.844Z","lane":"plant","event":"start","step":"scribe-2","bin":"node","args":["/Volumes/EOS_DIGITAL/KiriPedia/botnet/workers/scribe.mjs","--worker","scribe-2","--batch","1"]}
{"ts":"2026-06-27T22:07:47.943Z","lane":"plant","event":"done","step":"scribe-2","code":0,"ms":97}
{"ts":"2026-06-27T22:07:47.944Z","lane":"plant","event":"start","step":"scribe-3","bin":"node","args":["/Volumes/EOS_DIGITAL/KiriPedia/botnet/workers/scribe.mjs","--worker","scribe-3","--batch","1"]}
{"ts":"2026-06-27T22:07:48.041Z","lane":"plant","event":"done","step":"scribe-3","code":0,"ms":93}
{"ts":"2026-06-27T22:08:06.332Z","lane":"calendar","event":"start","step":null,"bin":"node","args":["/Volumes/EOS_DIGITAL/KiriPedia/botnet/workers/calendar-keeper.mjs"]}
{"ts":"2026-06-27T22:08:07.159Z","lane":"calendar","event":"done","step":null,"code":0,"ms":824}
{"ts":"2026-06-27T22:08:20.331Z","lane":"splitter","event":"start","step":null,"bin":"node","args":["/Volumes/EOS_DIGITAL/KiriPedia/botnet/workers/first-third-splitter.mjs","--batch","30"]}
{"ts":"2026-06-27T22:08:20.477Z","lane":"splitter","event":"done","step":null,"code":0,"ms":144}
{"ts":"2026-06-27T22:08:23.786Z","lane":"rt-snapshot","event":"start","step":null,"bin":"node","args":["/Volumes/EOS_DIGITAL/KiriPedia/botnet/lib/research-team-snapshot.mjs"]}
{"ts":"2026-06-27T22:08:23.995Z","lane":"rt-snapshot","event":"done","step":null,"code":0,"ms":208}
{"ts":"2026-06-27T22:08:28.791Z","lane":"mining","event":"done","step":"deepener","code":0,"ms":56921}
{"ts":"2026-06-27T22:08:28.794Z","lane":"mining","event":"start","step":"enricher","bin":"node","args":["/Volumes/EOS_DIGITAL/KiriPedia/botnet/workers/enricher.mjs","--batch","5"]}
{"ts":"2026-06-27T22:08:50.210Z","lane":"plant2","event":"start","step":"cat-1","bin":"node","args":["/Volumes/EOS_DIGITAL/KiriPedia/botnet/workers/cataloger-editor.mjs","--worker","cataloger-1","--batch","1"]}
{"ts":"2026-06-27T22:08:50.344Z","lane":"plant2","event":"done","step":"cat-1","code":0,"ms":131}
{"ts":"2026-06-27T22:08:50.344Z","lane":"plant2","event":"start","step":"cat-2","bin":"node","args":["/Volumes/EOS_DIGITAL/KiriPedia/botnet/workers/cataloger-editor.mjs","--worker","cataloger-2","--batch","1"]}
{"ts":"2026-06-27T22:08:50.440Z","lane":"plant2","event":"done","step":"cat-2","code":0,"ms":91}
{"ts":"2026-06-27T22:08:59.230Z","lane":"mining","event":"done","step":"enricher","code":0,"ms":30435}
{"ts":"2026-06-27T22:08:59.232Z","lane":"mining","event":"start","step":"weaver","bin":"node","args":["/Volumes/EOS_DIGITAL/KiriPedia/botnet/workers/weaver.mjs","--batch","5"]}
{"ts":"2026-06-27T22:09:06.570Z","lane":"mining","event":"done","step":"weaver","code":0,"ms":7336}
{"ts":"2026-06-27T22:09:12.081Z","lane":"plant","event":"start","step":"scribe-1","bin":"node","args":["/Volumes/EOS_DIGITAL/KiriPedia/botnet/workers/scribe.mjs","--worker","scribe-1","--batch","1"]}
{"ts":"2026-06-27T22:09:12.211Z","lane":"plant","event":"done","step":"scribe-1","code":0,"ms":129}
{"ts":"2026-06-27T22:09:12.214Z","lane":"plant","event":"start","step":"scribe-2","bin":"node","args":["/Volumes/EOS_DIGITAL/KiriPedia/botnet/workers/scribe.mjs","--worker","scribe-2","--batch","1"]}
{"ts":"2026-06-27T22:09:12.311Z","lane":"plant","event":"done","step":"scribe-2","code":0,"ms":92}
{"ts":"2026-06-27T22:09:12.311Z","lane":"plant","event":"start","step":"scribe-3","bin":"node","args":["/Volumes/EOS_DIGITAL/KiriPedia/botnet/workers/scribe.mjs","--worker","scribe-3","--batch","1"]}
{"ts":"2026-06-27T22:09:12.408Z","lane":"plant","event":"done","step":"scribe-3","code":0,"ms":95}
{"ts":"2026-06-27T22:09:24.000Z","lane":"rt-snapshot","event":"start","step":null,"bin":"node","args":["/Volumes/EOS_DIGITAL/KiriPedia/botnet/lib/research-team-snapshot.mjs"]}
{"ts":"2026-06-27T22:09:24.357Z","lane":"rt-snapshot","event":"done","step":null,"code":0,"ms":354}
{"ts":"2026-06-27T22:09:52.524Z","lane":"discretion","event":"start","step":null,"bin":"node","args":["/Volumes/EOS_DIGITAL/KiriPedia/botnet/workers/discretion-warden.mjs","--batch","20"]}
{"ts":"2026-06-27T22:09:52.700Z","lane":"discretion","event":"done","step":null,"code":0,"ms":173}
{"ts":"2026-06-27T22:10:24.361Z","lane":"rt-snapshot","event":"start","step":null,"bin":"node","args":["/Volumes/EOS_DIGITAL/KiriPedia/botnet/lib/research-team-snapshot.mjs"]}
{"ts":"2026-06-27T22:10:24.713Z","lane":"rt-snapshot","event":"done","step":null,"code":0,"ms":349}
{"ts":"2026-06-27T22:10:40.881Z","lane":"plant","event":"start","step":"scribe-1","bin":"node","args":["/Volumes/EOS_DIGITAL/KiriPedia/botnet/workers/scribe.mjs","--worker","scribe-1","--batch","1"]}
{"ts":"2026-06-27T22:10:41.063Z","lane":"plant","event":"done","step":"scribe-1","code":0,"ms":180}
{"ts":"2026-06-27T22:10:41.063Z","lane":"plant","event":"start","step":"scribe-2","bin":"node","args":["/Volumes/EOS_DIGITAL/KiriPedia/botnet/workers/scribe.mjs","--worker","scribe-2","--batch","1"]}
{"ts":"2026-06-27T22:10:41.153Z","lane":"plant","event":"done","step":"scribe-2","code":0,"ms":88}
{"ts":"2026-06-27T22:10:41.154Z","lane":"plant","event":"start","step":"scribe-3","bin":"node","args":["/Volumes/EOS_DIGITAL/KiriPedia/botnet/workers/scribe.mjs","--worker","scribe-3","--batch","1"]}
{"ts":"2026-06-27T22:10:41.245Z","lane":"plant","event":"done","step":"scribe-3","code":0,"ms":90}
{"ts":"2026-06-27T22:11:00.387Z","lane":"plant2","event":"start","step":"cat-1","bin":"node","args":["/Volumes/EOS_DIGITAL/KiriPedia/botnet/workers/cataloger-editor.mjs","--worker","cataloger-1","--batch","1"]}
{"ts":"2026-06-27T22:11:00.567Z","lane":"plant2","event":"done","step":"cat-1","code":0,"ms":177}
{"ts":"2026-06-27T22:11:00.567Z","lane":"plant2","event":"start","step":"cat-2","bin":"node","args":["/Volumes/EOS_DIGITAL/KiriPedia/botnet/workers/cataloger-editor.mjs","--worker","cataloger-2","--batch","1"]}
{"ts":"2026-06-27T22:11:00.661Z","lane":"plant2","event":"done","step":"cat-2","code":0,"ms":91}
{"ts":"2026-06-27T22:11:04.269Z","lane":"reviewer","event":"start","step":null,"bin":"node","args":["/Volumes/EOS_DIGITAL/KiriPedia/botnet/workers/reviewer.mjs"]}
{"ts":"2026-06-27T22:11:04.373Z","lane":"reviewer","event":"done","step":null,"code":0,"ms":103}
{"ts":"2026-06-27T22:11:24.717Z","lane":"rt-snapshot","event":"start","step":null,"bin":"node","args":["/Volumes/EOS_DIGITAL/KiriPedia/botnet/lib/research-team-snapshot.mjs"]}
{"ts":"2026-06-27T22:11:25.079Z","lane":"rt-snapshot","event":"done","step":null,"code":0,"ms":360}
{"ts":"2026-06-27T22:11:43.422Z","lane":"catch-import","event":"start","step":null,"bin":"node","args":["/Volumes/EOS_DIGITAL/KiriPedia/botnet/workers/catch-importer.mjs","--auto-trust"]}
{"ts":"2026-06-27T22:11:43.613Z","lane":"catch-import","event":"done","step":null,"code":0,"ms":188}
{"ts":"2026-06-27T22:12:00.980Z","lane":"plant","event":"start","step":"scribe-1","bin":"node","args":["/Volumes/EOS_DIGITAL/KiriPedia/botnet/workers/scribe.mjs","--worker","scribe-1","--batch","1"]}
{"ts":"2026-06-27T22:12:01.179Z","lane":"plant","event":"done","step":"scribe-1","code":0,"ms":197}
{"ts":"2026-06-27T22:12:01.179Z","lane":"plant","event":"start","step":"scribe-2","bin":"node","args":["/Volumes/EOS_DIGITAL/KiriPedia/botnet/workers/scribe.mjs","--worker","scribe-2","--batch","1"]}
{"ts":"2026-06-27T22:12:01.273Z","lane":"plant","event":"done","step":"scribe-2","code":0,"ms":92}
{"ts":"2026-06-27T22:12:01.273Z","lane":"plant","event":"start","step":"scribe-3","bin":"node","args":["/Volumes/EOS_DIGITAL/KiriPedia/botnet/workers/scribe.mjs","--worker","scribe-3","--batch","1"]}
{"ts":"2026-06-27T22:12:01.361Z","lane":"plant","event":"done","step":"scribe-3","code":0,"ms":87}
{"ts":"2026-06-27T22:12:25.083Z","lane":"rt-snapshot","event":"start","step":null,"bin":"node","args":["/Volumes/EOS_DIGITAL/KiriPedia/botnet/lib/research-team-snapshot.mjs"]}
{"ts":"2026-06-27T22:12:25.444Z","lane":"rt-snapshot","event":"done","step":null,"code":0,"ms":359}
{"ts":"2026-06-27T22:12:37.457Z","lane":"office","event":"start","step":null,"bin":"node","args":["/Volumes/EOS_DIGITAL/KiriPedia/botnet/workers/office-manager.mjs"]}
{"ts":"2026-06-27T22:12:37.525Z","lane":"snapshot","event":"start","step":null,"bin":"node","args":["/Volumes/EOS_DIGITAL/KiriPedia/botnet/lib/snapshot-writer.mjs"]}
{"ts":"2026-06-27T22:12:37.625Z","lane":"snapshot","event":"done","step":null,"code":0,"ms":99}
{"ts":"2026-06-27T22:12:48.701Z","lane":"office","event":"done","step":null,"code":0,"ms":11242}
{"ts":"2026-06-27T22:12:56.460Z","lane":"plant2","event":"start","step":"cat-1","bin":"node","args":["/Volumes/EOS_DIGITAL/KiriPedia/botnet/workers/cataloger-editor.mjs","--worker","cataloger-1","--batch","1"]}
{"ts":"2026-06-27T22:12:57.256Z","lane":"plant2","event":"done","step":"cat-1","code":0,"ms":794}
{"ts":"2026-06-27T22:12:57.256Z","lane":"plant2","event":"start","step":"cat-2","bin":"node","args":["/Volumes/EOS_DIGITAL/KiriPedia/botnet/workers/cataloger-editor.mjs","--worker","cataloger-2","--batch","1"]}
{"ts":"2026-06-27T22:12:57.837Z","lane":"plant2","event":"done","step":"cat-2","code":0,"ms":447}
{"ts":"2026-06-27T22:13:25.449Z","lane":"rt-snapshot","event":"start","step":null,"bin":"node","args":["/Volumes/EOS_DIGITAL/KiriPedia/botnet/lib/research-team-snapshot.mjs"]}
{"ts":"2026-06-27T22:13:25.911Z","lane":"rt-snapshot","event":"done","step":null,"code":0,"ms":460}
{"ts":"2026-06-27T22:13:37.010Z","lane":"plant","event":"start","step":"scribe-1","bin":"node","args":["/Volumes/EOS_DIGITAL/KiriPedia/botnet/workers/scribe.mjs","--worker","scribe-1","--batch","1"]}
{"ts":"2026-06-27T22:13:37.199Z","lane":"plant","event":"done","step":"scribe-1","code":0,"ms":186}
{"ts":"2026-06-27T22:13:37.199Z","lane":"plant","event":"start","step":"scribe-2","bin":"node","args":["/Volumes/EOS_DIGITAL/KiriPedia/botnet/workers/scribe.mjs","--worker","scribe-2","--batch","1"]}
{"ts":"2026-06-27T22:13:37.316Z","lane":"plant","event":"done","step":"scribe-2","code":0,"ms":108}
{"ts":"2026-06-27T22:13:37.316Z","lane":"plant","event":"start","step":"scribe-3","bin":"node","args":["/Volumes/EOS_DIGITAL/KiriPedia/botnet/workers/scribe.mjs","--worker","scribe-3","--batch","1"]}
{"ts":"2026-06-27T22:13:37.435Z","lane":"plant","event":"done","step":"scribe-3","code":0,"ms":110}
{"ts":"2026-06-27T22:13:46.783Z","lane":"triage-patroller","event":"start","step":null,"bin":"node","args":["/Volumes/EOS_DIGITAL/KiriPedia/botnet/workers/triage-patroller.mjs","--per-role","25"]}
{"ts":"2026-06-27T22:13:49.976Z","lane":"triage-patroller","event":"done","step":null,"code":0,"ms":3191}
{"ts":"2026-06-27T22:14:25.916Z","lane":"rt-snapshot","event":"start","step":null,"bin":"node","args":["/Volumes/EOS_DIGITAL/KiriPedia/botnet/lib/research-team-snapshot.mjs"]}
{"ts":"2026-06-27T22:14:26.305Z","lane":"rt-snapshot","event":"done","step":null,"code":0,"ms":384}
{"ts":"2026-06-27T22:14:56.138Z","lane":"plant2","event":"start","step":"cat-1","bin":"node","args":["/Volumes/EOS_DIGITAL/KiriPedia/botnet/workers/cataloger-editor.mjs","--worker","cataloger-1","--batch","1"]}
{"ts":"2026-06-27T22:14:56.340Z","lane":"plant2","event":"done","step":"cat-1","code":0,"ms":199}
{"ts":"2026-06-27T22:14:56.341Z","lane":"plant2","event":"start","step":"cat-2","bin":"node","args":["/Volumes/EOS_DIGITAL/KiriPedia/botnet/workers/cataloger-editor.mjs","--worker","cataloger-2","--batch","1"]}
{"ts":"2026-06-27T22:14:56.432Z","lane":"plant2","event":"done","step":"cat-2","code":0,"ms":90}
{"ts":"2026-06-27T22:15:04.029Z","lane":"plant","event":"start","step":"scribe-1","bin":"node","args":["/Volumes/EOS_DIGITAL/KiriPedia/botnet/workers/scribe.mjs","--worker","scribe-1","--batch","1"]}
{"ts":"2026-06-27T22:15:04.149Z","lane":"plant","event":"done","step":"scribe-1","code":0,"ms":118}
{"ts":"2026-06-27T22:15:04.150Z","lane":"plant","event":"start","step":"scribe-2","bin":"node","args":["/Volumes/EOS_DIGITAL/KiriPedia/botnet/workers/scribe.mjs","--worker","scribe-2","--batch","1"]}
{"ts":"2026-06-27T22:15:04.255Z","lane":"plant","event":"done","step":"scribe-2","code":0,"ms":104}
{"ts":"2026-06-27T22:15:04.255Z","lane":"plant","event":"start","step":"scribe-3","bin":"node","args":["/Volumes/EOS_DIGITAL/KiriPedia/botnet/workers/scribe.mjs","--worker","scribe-3","--batch","1"]}
{"ts":"2026-06-27T22:15:04.346Z","lane":"plant","event":"done","step":"scribe-3","code":0,"ms":90}
{"ts":"2026-06-27T22:15:26.308Z","lane":"rt-snapshot","event":"start","step":null,"bin":"node","args":["/Volumes/EOS_DIGITAL/KiriPedia/botnet/lib/research-team-snapshot.mjs"]}
{"ts":"2026-06-27T22:15:26.677Z","lane":"rt-snapshot","event":"done","step":null,"code":0,"ms":366}
{"ts":"2026-06-27T22:15:35.609Z","lane":"splitter","event":"start","step":null,"bin":"node","args":["/Volumes/EOS_DIGITAL/KiriPedia/botnet/workers/first-third-splitter.mjs","--batch","30"]}
{"ts":"2026-06-27T22:15:35.742Z","lane":"splitter","event":"done","step":null,"code":0,"ms":130}
{"ts":"2026-06-27T22:15:56.014Z","lane":"triage","event":"start","step":null,"bin":"node","args":["/Volumes/EOS_DIGITAL/KiriPedia/botnet/workers/npp.mjs"]}
{"ts":"2026-06-27T22:15:56.210Z","lane":"triage","event":"done","step":null,"code":0,"ms":194}
{"ts":"2026-06-27T22:16:21.029Z","lane":"reviewer","event":"start","step":null,"bin":"node","args":["/Volumes/EOS_DIGITAL/KiriPedia/botnet/workers/reviewer.mjs"]}
{"ts":"2026-06-27T22:16:21.213Z","lane":"reviewer","event":"done","step":null,"code":0,"ms":182}
{"ts":"2026-06-27T22:16:26.682Z","lane":"rt-snapshot","event":"start","step":null,"bin":"node","args":["/Volumes/EOS_DIGITAL/KiriPedia/botnet/lib/research-team-snapshot.mjs"]}
{"ts":"2026-06-27T22:16:26.973Z","lane":"rt-snapshot","event":"done","step":null,"code":0,"ms":290}
{"ts":"2026-06-27T22:16:37.198Z","lane":"plant","event":"start","step":"scribe-1","bin":"node","args":["/Volumes/EOS_DIGITAL/KiriPedia/botnet/workers/scribe.mjs","--worker","scribe-1","--batch","1"]}
{"ts":"2026-06-27T22:16:37.378Z","lane":"plant","event":"done","step":"scribe-1","code":0,"ms":178}
{"ts":"2026-06-27T22:16:37.378Z","lane":"plant","event":"start","step":"scribe-2","bin":"node","args":["/Volumes/EOS_DIGITAL/KiriPedia/botnet/workers/scribe.mjs","--worker","scribe-2","--batch","1"]}
{"ts":"2026-06-27T22:16:37.469Z","lane":"plant","event":"done","step":"scribe-2","code":0,"ms":90}
{"ts":"2026-06-27T22:16:37.469Z","lane":"plant","event":"start","step":"scribe-3","bin":"node","args":["/Volumes/EOS_DIGITAL/KiriPedia/botnet/workers/scribe.mjs","--worker","scribe-3","--batch","1"]}
{"ts":"2026-06-27T22:16:37.566Z","lane":"plant","event":"done","step":"scribe-3","code":0,"ms":92}
{"ts":"2026-06-27T22:16:43.613Z","lane":"discretion","event":"start","step":null,"bin":"node","args":["/Volumes/EOS_DIGITAL/KiriPedia/botnet/workers/discretion-warden.mjs","--batch","20"]}
{"ts":"2026-06-27T22:16:43.718Z","lane":"discretion","event":"done","step":null,"code":0,"ms":104}
{"ts":"2026-06-27T22:16:58.200Z","lane":"plant2","event":"start","step":"cat-1","bin":"node","args":["/Volumes/EOS_DIGITAL/KiriPedia/botnet/workers/cataloger-editor.mjs","--worker","cataloger-1","--batch","1"]}
{"ts":"2026-06-27T22:16:58.406Z","lane":"plant2","event":"done","step":"cat-1","code":0,"ms":204}
{"ts":"2026-06-27T22:16:58.406Z","lane":"plant2","event":"start","step":"cat-2","bin":"node","args":["/Volumes/EOS_DIGITAL/KiriPedia/botnet/workers/cataloger-editor.mjs","--worker","cataloger-2","--batch","1"]}
{"ts":"2026-06-27T22:16:58.510Z","lane":"plant2","event":"done","step":"cat-2","code":0,"ms":102}
{"ts":"2026-06-27T22:17:26.979Z","lane":"rt-snapshot","event":"start","step":null,"bin":"node","args":["/Volumes/EOS_DIGITAL/KiriPedia/botnet/lib/research-team-snapshot.mjs"]}
{"ts":"2026-06-27T22:17:27.380Z","lane":"rt-snapshot","event":"done","step":null,"code":0,"ms":399}
{"ts":"2026-06-27T22:17:37.629Z","lane":"snapshot","event":"start","step":null,"bin":"node","args":["/Volumes/EOS_DIGITAL/KiriPedia/botnet/lib/snapshot-writer.mjs"]}
{"ts":"2026-06-27T22:17:37.814Z","lane":"snapshot","event":"done","step":null,"code":0,"ms":183}
{"ts":"2026-06-27T22:18:03.282Z","lane":"trawler","event":"done","step":null,"code":-1,"ms":1200001,"stderr":"[trawler:youtube] Run 1/4 for 2026-06-27.\n"}
{"ts":"2026-06-27T22:18:03.284Z","lane":"trawler","event":"backoff","ms":960000}
{"ts":"2026-06-27T22:18:15.152Z","lane":"plant","event":"start","step":"scribe-1","bin":"node","args":["/Volumes/EOS_DIGITAL/KiriPedia/botnet/workers/scribe.mjs","--worker","scribe-1","--batch","1"]}
{"ts":"2026-06-27T22:18:15.368Z","lane":"plant","event":"done","step":"scribe-1","code":0,"ms":214}
{"ts":"2026-06-27T22:18:15.368Z","lane":"plant","event":"start","step":"scribe-2","bin":"node","args":["/Volumes/EOS_DIGITAL/KiriPedia/botnet/workers/scribe.mjs","--worker","scribe-2","--batch","1"]}
{"ts":"2026-06-27T22:18:15.470Z","lane":"plant","event":"done","step":"scribe-2","code":0,"ms":101}
{"ts":"2026-06-27T22:18:15.470Z","lane":"plant","event":"start","step":"scribe-3","bin":"node","args":["/Volumes/EOS_DIGITAL/KiriPedia/botnet/workers/scribe.mjs","--worker","scribe-3","--batch","1"]}
{"ts":"2026-06-27T22:18:15.579Z","lane":"plant","event":"done","step":"scribe-3","code":0,"ms":106}
{"ts":"2026-06-27T22:18:27.384Z","lane":"rt-snapshot","event":"start","step":null,"bin":"node","args":["/Volumes/EOS_DIGITAL/KiriPedia/botnet/lib/research-team-snapshot.mjs"]}
{"ts":"2026-06-27T22:18:27.746Z","lane":"rt-snapshot","event":"done","step":null,"code":0,"ms":359}
{"ts":"2026-06-27T22:18:55.043Z","lane":"plant2","event":"start","step":"cat-1","bin":"node","args":["/Volumes/EOS_DIGITAL/KiriPedia/botnet/workers/cataloger-editor.mjs","--worker","cataloger-1","--batch","1"]}
{"ts":"2026-06-27T22:18:55.244Z","lane":"plant2","event":"done","step":"cat-1","code":0,"ms":198}
{"ts":"2026-06-27T22:18:55.245Z","lane":"plant2","event":"start","step":"cat-2","bin":"node","args":["/Volumes/EOS_DIGITAL/KiriPedia/botnet/workers/cataloger-editor.mjs","--worker","cataloger-2","--batch","1"]}
{"ts":"2026-06-27T22:18:55.338Z","lane":"plant2","event":"done","step":"cat-2","code":0,"ms":91}
{"ts":"2026-06-27T22:19:27.750Z","lane":"rt-snapshot","event":"start","step":null,"bin":"node","args":["/Volumes/EOS_DIGITAL/KiriPedia/botnet/lib/research-team-snapshot.mjs"]}
{"ts":"2026-06-27T22:19:28.131Z","lane":"rt-snapshot","event":"done","step":null,"code":0,"ms":376}
{"ts":"2026-06-27T22:19:37.019Z","lane":"plant","event":"start","step":"scribe-1","bin":"node","args":["/Volumes/EOS_DIGITAL/KiriPedia/botnet/workers/scribe.mjs","--worker","scribe-1","--batch","1"]}
{"ts":"2026-06-27T22:19:37.178Z","lane":"plant","event":"done","step":"scribe-1","code":0,"ms":157}
{"ts":"2026-06-27T22:19:37.179Z","lane":"plant","event":"start","step":"scribe-2","bin":"node","args":["/Volumes/EOS_DIGITAL/KiriPedia/botnet/workers/scribe.mjs","--worker","scribe-2","--batch","1"]}
{"ts":"2026-06-27T22:19:37.269Z","lane":"plant","event":"done","step":"scribe-2","code":0,"ms":89}
{"ts":"2026-06-27T22:19:37.269Z","lane":"plant","event":"start","step":"scribe-3","bin":"node","args":["/Volumes/EOS_DIGITAL/KiriPedia/botnet/workers/scribe.mjs","--worker","scribe-3","--batch","1"]}
{"ts":"2026-06-27T22:19:37.362Z","lane":"plant","event":"done","step":"scribe-3","code":0,"ms":91}
{"ts":"2026-06-27T22:19:41.395Z","lane":"coord","event":"start","step":null,"bin":"node","args":["/Volumes/EOS_DIGITAL/KiriPedia/botnet/workers/coordinator.mjs"]}
{"ts":"2026-06-27T22:19:41.499Z","lane":"coord","event":"done","step":null,"code":0,"ms":103}
{"ts":"2026-06-27T22:20:28.196Z","lane":"rt-snapshot","event":"start","step":null,"bin":"node","args":["/Volumes/EOS_DIGITAL/KiriPedia/botnet/lib/research-team-snapshot.mjs"]}
{"ts":"2026-06-27T22:20:28.631Z","lane":"rt-snapshot","event":"done","step":null,"code":0,"ms":430}
{"ts":"2026-06-27T22:21:05.952Z","lane":"plant2","event":"start","step":"cat-1","bin":"node","args":["/Volumes/EOS_DIGITAL/KiriPedia/botnet/workers/cataloger-editor.mjs","--worker","cataloger-1","--batch","1"]}
{"ts":"2026-06-27T22:21:06.227Z","lane":"plant2","event":"done","step":"cat-1","code":0,"ms":270}
{"ts":"2026-06-27T22:21:06.227Z","lane":"plant2","event":"start","step":"cat-2","bin":"node","args":["/Volumes/EOS_DIGITAL/KiriPedia/botnet/workers/cataloger-editor.mjs","--worker","cataloger-2","--batch","1"]}
{"ts":"2026-06-27T22:21:06.324Z","lane":"plant2","event":"done","step":"cat-2","code":0,"ms":94}
{"ts":"2026-06-27T22:21:11.530Z","lane":"plant","event":"start","step":"scribe-1","bin":"node","args":["/Volumes/EOS_DIGITAL/KiriPedia/botnet/workers/scribe.mjs","--worker","scribe-1","--batch","1"]}
{"ts":"2026-06-27T22:21:11.623Z","lane":"plant","event":"done","step":"scribe-1","code":0,"ms":93}
{"ts":"2026-06-27T22:21:11.625Z","lane":"plant","event":"start","step":"scribe-2","bin":"node","args":["/Volumes/EOS_DIGITAL/KiriPedia/botnet/workers/scribe.mjs","--worker","scribe-2","--batch","1"]}
{"ts":"2026-06-27T22:21:11.728Z","lane":"plant","event":"done","step":"scribe-2","code":0,"ms":102}
{"ts":"2026-06-27T22:21:11.728Z","lane":"plant","event":"start","step":"scribe-3","bin":"node","args":["/Volumes/EOS_DIGITAL/KiriPedia/botnet/workers/scribe.mjs","--worker","scribe-3","--batch","1"]}
{"ts":"2026-06-27T22:21:11.816Z","lane":"plant","event":"done","step":"scribe-3","code":0,"ms":86}
{"ts":"2026-06-27T22:21:28.637Z","lane":"rt-snapshot","event":"start","step":null,"bin":"node","args":["/Volumes/EOS_DIGITAL/KiriPedia/botnet/lib/research-team-snapshot.mjs"]}
{"ts":"2026-06-27T22:21:29.001Z","lane":"rt-snapshot","event":"done","step":null,"code":0,"ms":362}
{"ts":"2026-06-27T22:21:42.529Z","lane":"reviewer","event":"start","step":null,"bin":"node","args":["/Volumes/EOS_DIGITAL/KiriPedia/botnet/workers/reviewer.mjs"]}
{"ts":"2026-06-27T22:21:42.706Z","lane":"reviewer","event":"done","step":null,"code":0,"ms":175}
{"ts":"2026-06-27T22:21:56.027Z","lane":"catch-import","event":"start","step":null,"bin":"node","args":["/Volumes/EOS_DIGITAL/KiriPedia/botnet/workers/catch-importer.mjs","--auto-trust"]}
{"ts":"2026-06-27T22:21:56.220Z","lane":"catch-import","event":"done","step":null,"code":0,"ms":191}
{"ts":"2026-06-27T22:22:20.052Z","lane":"office","event":"start","step":null,"bin":"node","args":["/Volumes/EOS_DIGITAL/KiriPedia/botnet/workers/office-manager.mjs"]}
{"ts":"2026-06-27T22:22:23.079Z","lane":"office","event":"done","step":null,"code":0,"ms":3025}
{"ts":"2026-06-27T22:22:29.006Z","lane":"rt-snapshot","event":"start","step":null,"bin":"node","args":["/Volumes/EOS_DIGITAL/KiriPedia/botnet/lib/research-team-snapshot.mjs"]}
{"ts":"2026-06-27T22:22:29.327Z","lane":"rt-snapshot","event":"done","step":null,"code":0,"ms":319}
{"ts":"2026-06-27T22:22:37.705Z","lane":"splitter","event":"start","step":null,"bin":"node","args":["/Volumes/EOS_DIGITAL/KiriPedia/botnet/workers/first-third-splitter.mjs","--batch","30"]}
{"ts":"2026-06-27T22:22:37.836Z","lane":"splitter","event":"done","step":null,"code":0,"ms":129}
{"ts":"2026-06-27T22:22:37.877Z","lane":"snapshot","event":"start","step":null,"bin":"node","args":["/Volumes/EOS_DIGITAL/KiriPedia/botnet/lib/snapshot-writer.mjs"]}
{"ts":"2026-06-27T22:22:37.982Z","lane":"snapshot","event":"done","step":null,"code":0,"ms":104}
{"ts":"2026-06-27T22:22:46.971Z","lane":"plant2","event":"start","step":"cat-1","bin":"node","args":["/Volumes/EOS_DIGITAL/KiriPedia/botnet/workers/cataloger-editor.mjs","--worker","cataloger-1","--batch","1"]}
{"ts":"2026-06-27T22:22:47.090Z","lane":"plant2","event":"done","step":"cat-1","code":0,"ms":117}
{"ts":"2026-06-27T22:22:47.090Z","lane":"plant2","event":"start","step":"cat-2","bin":"node","args":["/Volumes/EOS_DIGITAL/KiriPedia/botnet/workers/cataloger-editor.mjs","--worker","cataloger-2","--batch","1"]}
{"ts":"2026-06-27T22:22:47.182Z","lane":"plant2","event":"done","step":"cat-2","code":0,"ms":91}
{"ts":"2026-06-27T22:22:53.131Z","lane":"plant","event":"start","step":"scribe-1","bin":"node","args":["/Volumes/EOS_DIGITAL/KiriPedia/botnet/workers/scribe.mjs","--worker","scribe-1","--batch","1"]}
{"ts":"2026-06-27T22:22:53.236Z","lane":"plant","event":"done","step":"scribe-1","code":0,"ms":104}
{"ts":"2026-06-27T22:22:53.236Z","lane":"plant","event":"start","step":"scribe-2","bin":"node","args":["/Volumes/EOS_DIGITAL/KiriPedia/botnet/workers/scribe.mjs","--worker","scribe-2","--batch","1"]}
{"ts":"2026-06-27T22:22:53.329Z","lane":"plant","event":"done","step":"scribe-2","code":0,"ms":91}
{"ts":"2026-06-27T22:22:53.329Z","lane":"plant","event":"start","step":"scribe-3","bin":"node","args":["/Volumes/EOS_DIGITAL/KiriPedia/botnet/workers/scribe.mjs","--worker","scribe-3","--batch","1"]}
{"ts":"2026-06-27T22:22:53.421Z","lane":"plant","event":"done","step":"scribe-3","code":0,"ms":90}
{"ts":"2026-06-27T22:23:26.677Z","lane":"discretion","event":"start","step":null,"bin":"node","args":["/Volumes/EOS_DIGITAL/KiriPedia/botnet/workers/discretion-warden.mjs","--batch","20"]}
{"ts":"2026-06-27T22:23:26.890Z","lane":"discretion","event":"done","step":null,"code":0,"ms":208}
{"ts":"2026-06-27T22:23:29.328Z","lane":"rt-snapshot","event":"start","step":null,"bin":"node","args":["/Volumes/EOS_DIGITAL/KiriPedia/botnet/lib/research-team-snapshot.mjs"]}
{"ts":"2026-06-27T22:23:29.581Z","lane":"rt-snapshot","event":"done","step":null,"code":0,"ms":252}
{"ts":"2026-06-27T22:23:46.362Z","lane":"triage-patroller","event":"start","step":null,"bin":"node","args":["/Volumes/EOS_DIGITAL/KiriPedia/botnet/workers/triage-patroller.mjs","--per-role","25"]}
{"ts":"2026-06-27T22:23:49.610Z","lane":"triage-patroller","event":"done","step":null,"code":0,"ms":3246}
{"ts":"2026-06-27T22:24:20.688Z","lane":"plant","event":"start","step":"scribe-1","bin":"node","args":["/Volumes/EOS_DIGITAL/KiriPedia/botnet/workers/scribe.mjs","--worker","scribe-1","--batch","1"]}
{"ts":"2026-06-27T22:24:20.902Z","lane":"plant","event":"done","step":"scribe-1","code":0,"ms":209}
{"ts":"2026-06-27T22:24:20.903Z","lane":"plant","event":"start","step":"scribe-2","bin":"node","args":["/Volumes/EOS_DIGITAL/KiriPedia/botnet/workers/scribe.mjs","--worker","scribe-2","--batch","1"]}
{"ts":"2026-06-27T22:24:21.004Z","lane":"plant","event":"done","step":"scribe-2","code":0,"ms":99}
{"ts":"2026-06-27T22:24:21.004Z","lane":"plant","event":"start","step":"scribe-3","bin":"node","args":["/Volumes/EOS_DIGITAL/KiriPedia/botnet/workers/scribe.mjs","--worker","scribe-3","--batch","1"]}
{"ts":"2026-06-27T22:24:21.100Z","lane":"plant","event":"done","step":"scribe-3","code":0,"ms":92}
{"ts":"2026-06-27T22:24:29.583Z","lane":"rt-snapshot","event":"start","step":null,"bin":"node","args":["/Volumes/EOS_DIGITAL/KiriPedia/botnet/lib/research-team-snapshot.mjs"]}
{"ts":"2026-06-27T22:24:29.865Z","lane":"rt-snapshot","event":"done","step":null,"code":0,"ms":280}
{"ts":"2026-06-27T22:25:02.674Z","lane":"plant2","event":"start","step":"cat-1","bin":"node","args":["/Volumes/EOS_DIGITAL/KiriPedia/botnet/workers/cataloger-editor.mjs","--worker","cataloger-1","--batch","1"]}
{"ts":"2026-06-27T22:25:02.893Z","lane":"plant2","event":"done","step":"cat-1","code":0,"ms":214}
{"ts":"2026-06-27T22:25:02.893Z","lane":"plant2","event":"start","step":"cat-2","bin":"node","args":["/Volumes/EOS_DIGITAL/KiriPedia/botnet/workers/cataloger-editor.mjs","--worker","cataloger-2","--batch","1"]}
{"ts":"2026-06-27T22:25:02.990Z","lane":"plant2","event":"done","step":"cat-2","code":0,"ms":90}
{"ts":"2026-06-27T22:25:29.871Z","lane":"rt-snapshot","event":"start","step":null,"bin":"node","args":["/Volumes/EOS_DIGITAL/KiriPedia/botnet/lib/research-team-snapshot.mjs"]}
{"ts":"2026-06-27T22:25:30.218Z","lane":"rt-snapshot","event":"done","step":null,"code":0,"ms":345}
{"ts":"2026-06-27T22:25:33.429Z","lane":"re-reader","event":"start","step":null,"bin":"node","args":["/Volumes/EOS_DIGITAL/KiriPedia/botnet/workers/re-reader.mjs","--worker","re-reader-1","--batch","2"]}
{"ts":"2026-06-27T22:25:52.855Z","lane":"plant","event":"start","step":"scribe-1","bin":"node","args":["/Volumes/EOS_DIGITAL/KiriPedia/botnet/workers/scribe.mjs","--worker","scribe-1","--batch","1"]}
{"ts":"2026-06-27T22:25:53.008Z","lane":"plant","event":"done","step":"scribe-1","code":0,"ms":151}
{"ts":"2026-06-27T22:25:53.008Z","lane":"plant","event":"start","step":"scribe-2","bin":"node","args":["/Volumes/EOS_DIGITAL/KiriPedia/botnet/workers/scribe.mjs","--worker","scribe-2","--batch","1"]}
{"ts":"2026-06-27T22:25:53.096Z","lane":"plant","event":"done","step":"scribe-2","code":0,"ms":87}
{"ts":"2026-06-27T22:25:53.096Z","lane":"plant","event":"start","step":"scribe-3","bin":"node","args":["/Volumes/EOS_DIGITAL/KiriPedia/botnet/workers/scribe.mjs","--worker","scribe-3","--batch","1"]}
{"ts":"2026-06-27T22:25:53.184Z","lane":"plant","event":"done","step":"scribe-3","code":0,"ms":86}
{"ts":"2026-06-27T22:26:30.223Z","lane":"rt-snapshot","event":"start","step":null,"bin":"node","args":["/Volumes/EOS_DIGITAL/KiriPedia/botnet/lib/research-team-snapshot.mjs"]}
{"ts":"2026-06-27T22:26:30.462Z","lane":"rt-snapshot","event":"done","step":null,"code":0,"ms":235}
{"ts":"2026-06-27T22:26:30.619Z","lane":"re-reader","event":"done","step":null,"code":0,"ms":57190}
{"ts":"2026-06-27T22:26:37.151Z","lane":"triage","event":"start","step":null,"bin":"node","args":["/Volumes/EOS_DIGITAL/KiriPedia/botnet/workers/npp.mjs"]}
{"ts":"2026-06-27T22:26:37.293Z","lane":"triage","event":"done","step":null,"code":0,"ms":140}
{"ts":"2026-06-27T22:26:43.730Z","lane":"plant2","event":"start","step":"cat-1","bin":"node","args":["/Volumes/EOS_DIGITAL/KiriPedia/botnet/workers/cataloger-editor.mjs","--worker","cataloger-1","--batch","1"]}
{"ts":"2026-06-27T22:26:44.289Z","lane":"plant2","event":"done","step":"cat-1","code":0,"ms":558}
{"ts":"2026-06-27T22:26:44.289Z","lane":"plant2","event":"start","step":"cat-2","bin":"node","args":["/Volumes/EOS_DIGITAL/KiriPedia/botnet/workers/cataloger-editor.mjs","--worker","cataloger-2","--batch","1"]}
{"ts":"2026-06-27T22:26:44.710Z","lane":"plant2","event":"done","step":"cat-2","code":0,"ms":287}
{"ts":"2026-06-27T22:26:46.386Z","lane":"reviewer","event":"start","step":null,"bin":"node","args":["/Volumes/EOS_DIGITAL/KiriPedia/botnet/workers/reviewer.mjs"]}
{"ts":"2026-06-27T22:26:47.495Z","lane":"reviewer","event":"done","step":null,"code":0,"ms":1109}
{"ts":"2026-06-27T22:26:55.967Z","lane":"weaver2","event":"start","step":null,"bin":"node","args":["/Volumes/EOS_DIGITAL/KiriPedia/botnet/workers/reweaver.mjs","--batch","3"]}
{"ts":"2026-06-27T22:26:58.886Z","lane":"weaver2","event":"done","step":null,"code":0,"ms":2917}
{"ts":"2026-06-27T22:27:26.148Z","lane":"plant","event":"start","step":"scribe-1","bin":"node","args":["/Volumes/EOS_DIGITAL/KiriPedia/botnet/workers/scribe.mjs","--worker","scribe-1","--batch","1"]}
{"ts":"2026-06-27T22:27:26.342Z","lane":"plant","event":"done","step":"scribe-1","code":0,"ms":191}
{"ts":"2026-06-27T22:27:26.343Z","lane":"plant","event":"start","step":"scribe-2","bin":"node","args":["/Volumes/EOS_DIGITAL/KiriPedia/botnet/workers/scribe.mjs","--worker","scribe-2","--batch","1"]}
{"ts":"2026-06-27T22:27:26.495Z","lane":"plant","event":"done","step":"scribe-2","code":0,"ms":142}
{"ts":"2026-06-27T22:27:26.495Z","lane":"plant","event":"start","step":"scribe-3","bin":"node","args":["/Volumes/EOS_DIGITAL/KiriPedia/botnet/workers/scribe.mjs","--worker","scribe-3","--batch","1"]}
{"ts":"2026-06-27T22:27:26.607Z","lane":"plant","event":"done","step":"scribe-3","code":0,"ms":97}
{"ts":"2026-06-27T22:27:30.465Z","lane":"rt-snapshot","event":"start","step":null,"bin":"node","args":["/Volumes/EOS_DIGITAL/KiriPedia/botnet/lib/research-team-snapshot.mjs"]}
{"ts":"2026-06-27T22:27:30.823Z","lane":"rt-snapshot","event":"done","step":null,"code":0,"ms":357}
{"ts":"2026-06-27T22:27:37.989Z","lane":"snapshot","event":"start","step":null,"bin":"node","args":["/Volumes/EOS_DIGITAL/KiriPedia/botnet/lib/snapshot-writer.mjs"]}
{"ts":"2026-06-27T22:27:38.129Z","lane":"snapshot","event":"done","step":null,"code":0,"ms":138}
{"ts":"2026-06-27T22:28:21.595Z","lane":"mining","event":"start","step":"deepener","bin":"node","args":["/Volumes/EOS_DIGITAL/KiriPedia/botnet/workers/deepener.mjs","--batch","5"]}
{"ts":"2026-06-27T22:28:30.826Z","lane":"rt-snapshot","event":"start","step":null,"bin":"node","args":["/Volumes/EOS_DIGITAL/KiriPedia/botnet/lib/research-team-snapshot.mjs"]}
{"ts":"2026-06-27T22:28:31.102Z","lane":"rt-snapshot","event":"done","step":null,"code":0,"ms":274}
{"ts":"2026-06-27T22:28:50.130Z","lane":"plant","event":"start","step":"scribe-1","bin":"node","args":["/Volumes/EOS_DIGITAL/KiriPedia/botnet/workers/scribe.mjs","--worker","scribe-1","--batch","1"]}
{"ts":"2026-06-27T22:28:50.284Z","lane":"plant","event":"done","step":"scribe-1","code":0,"ms":152}
{"ts":"2026-06-27T22:28:50.284Z","lane":"plant","event":"start","step":"scribe-2","bin":"node","args":["/Volumes/EOS_DIGITAL/KiriPedia/botnet/workers/scribe.mjs","--worker","scribe-2","--batch","1"]}
{"ts":"2026-06-27T22:28:50.377Z","lane":"plant","event":"done","step":"scribe-2","code":0,"ms":91}
{"ts":"2026-06-27T22:28:50.377Z","lane":"plant","event":"start","step":"scribe-3","bin":"node","args":["/Volumes/EOS_DIGITAL/KiriPedia/botnet/workers/scribe.mjs","--worker","scribe-3","--batch","1"]}
{"ts":"2026-06-27T22:28:50.469Z","lane":"plant","event":"done","step":"scribe-3","code":0,"ms":90}
{"ts":"2026-06-27T22:29:04.406Z","lane":"plant2","event":"start","step":"cat-1","bin":"node","args":["/Volumes/EOS_DIGITAL/KiriPedia/botnet/workers/cataloger-editor.mjs","--worker","cataloger-1","--batch","1"]}
{"ts":"2026-06-27T22:29:04.553Z","lane":"plant2","event":"done","step":"cat-1","code":0,"ms":145}
{"ts":"2026-06-27T22:29:04.553Z","lane":"plant2","event":"start","step":"cat-2","bin":"node","args":["/Volumes/EOS_DIGITAL/KiriPedia/botnet/workers/cataloger-editor.mjs","--worker","cataloger-2","--batch","1"]}
{"ts":"2026-06-27T22:29:04.646Z","lane":"plant2","event":"done","step":"cat-2","code":0,"ms":92}
{"ts":"2026-06-27T22:29:05.705Z","lane":"indexer","event":"start","step":null,"bin":"node","args":["/Volumes/EOS_DIGITAL/KiriPedia/botnet/workers/indexer.mjs"]}
{"ts":"2026-06-27T22:29:09.102Z","lane":"indexer","event":"done","step":null,"code":0,"ms":3395}
{"ts":"2026-06-27T22:29:18.914Z","lane":"mining","event":"done","step":"deepener","code":0,"ms":57312}
{"ts":"2026-06-27T22:29:18.916Z","lane":"mining","event":"start","step":"enricher","bin":"node","args":["/Volumes/EOS_DIGITAL/KiriPedia/botnet/workers/enricher.mjs","--batch","5"]}
{"ts":"2026-06-27T22:29:27.253Z","lane":"splitter","event":"start","step":null,"bin":"node","args":["/Volumes/EOS_DIGITAL/KiriPedia/botnet/workers/first-third-splitter.mjs","--batch","30"]}
{"ts":"2026-06-27T22:29:27.401Z","lane":"splitter","event":"done","step":null,"code":0,"ms":146}
{"ts":"2026-06-27T22:29:31.107Z","lane":"rt-snapshot","event":"start","step":null,"bin":"node","args":["/Volumes/EOS_DIGITAL/KiriPedia/botnet/lib/research-team-snapshot.mjs"]}
{"ts":"2026-06-27T22:29:31.296Z","lane":"rt-snapshot","event":"done","step":null,"code":0,"ms":188}
{"ts":"2026-06-27T22:29:49.485Z","lane":"mining","event":"done","step":"enricher","code":0,"ms":30568}
{"ts":"2026-06-27T22:29:49.487Z","lane":"mining","event":"start","step":"weaver","bin":"node","args":["/Volumes/EOS_DIGITAL/KiriPedia/botnet/workers/weaver.mjs","--batch","5"]}
{"ts":"2026-06-27T22:29:54.615Z","lane":"mining","event":"done","step":"weaver","code":0,"ms":5127}
{"ts":"2026-06-27T22:30:08.868Z","lane":"plant","event":"start","step":"scribe-1","bin":"node","args":["/Volumes/EOS_DIGITAL/KiriPedia/botnet/workers/scribe.mjs","--worker","scribe-1","--batch","1"]}
{"ts":"2026-06-27T22:30:09.044Z","lane":"plant","event":"done","step":"scribe-1","code":0,"ms":174}
{"ts":"2026-06-27T22:30:09.044Z","lane":"plant","event":"start","step":"scribe-2","bin":"node","args":["/Volumes/EOS_DIGITAL/KiriPedia/botnet/workers/scribe.mjs","--worker","scribe-2","--batch","1"]}
{"ts":"2026-06-27T22:30:09.133Z","lane":"plant","event":"done","step":"scribe-2","code":0,"ms":88}
{"ts":"2026-06-27T22:30:09.133Z","lane":"plant","event":"start","step":"scribe-3","bin":"node","args":["/Volumes/EOS_DIGITAL/KiriPedia/botnet/workers/scribe.mjs","--worker","scribe-3","--batch","1"]}
{"ts":"2026-06-27T22:30:09.223Z","lane":"plant","event":"done","step":"scribe-3","code":0,"ms":89}
{"ts":"2026-06-27T22:30:22.017Z","lane":"discretion","event":"start","step":null,"bin":"node","args":["/Volumes/EOS_DIGITAL/KiriPedia/botnet/workers/discretion-warden.mjs","--batch","20"]}
{"ts":"2026-06-27T22:30:22.192Z","lane":"discretion","event":"done","step":null,"code":0,"ms":172}
{"ts":"2026-06-27T22:30:31.301Z","lane":"rt-snapshot","event":"start","step":null,"bin":"node","args":["/Volumes/EOS_DIGITAL/KiriPedia/botnet/lib/research-team-snapshot.mjs"]}
{"ts":"2026-06-27T22:30:31.638Z","lane":"rt-snapshot","event":"done","step":null,"code":0,"ms":335}
{"ts":"2026-06-27T22:30:51.140Z","lane":"plant2","event":"start","step":"cat-1","bin":"node","args":["/Volumes/EOS_DIGITAL/KiriPedia/botnet/workers/cataloger-editor.mjs","--worker","cataloger-1","--batch","1"]}
{"ts":"2026-06-27T22:30:51.349Z","lane":"plant2","event":"done","step":"cat-1","code":0,"ms":207}
{"ts":"2026-06-27T22:30:51.349Z","lane":"plant2","event":"start","step":"cat-2","bin":"node","args":["/Volumes/EOS_DIGITAL/KiriPedia/botnet/workers/cataloger-editor.mjs","--worker","cataloger-2","--batch","1"]}
{"ts":"2026-06-27T22:30:51.441Z","lane":"plant2","event":"done","step":"cat-2","code":0,"ms":91}
{"ts":"2026-06-27T22:31:31.643Z","lane":"rt-snapshot","event":"start","step":null,"bin":"node","args":["/Volumes/EOS_DIGITAL/KiriPedia/botnet/lib/research-team-snapshot.mjs"]}
{"ts":"2026-06-27T22:31:32.021Z","lane":"rt-snapshot","event":"done","step":null,"code":0,"ms":371}
{"ts":"2026-06-27T22:31:41.425Z","lane":"plant","event":"start","step":"scribe-1","bin":"node","args":["/Volumes/EOS_DIGITAL/KiriPedia/botnet/workers/scribe.mjs","--worker","scribe-1","--batch","1"]}
{"ts":"2026-06-27T22:31:41.533Z","lane":"plant","event":"done","step":"scribe-1","code":0,"ms":107}
{"ts":"2026-06-27T22:31:41.533Z","lane":"plant","event":"start","step":"scribe-2","bin":"node","args":["/Volumes/EOS_DIGITAL/KiriPedia/botnet/workers/scribe.mjs","--worker","scribe-2","--batch","1"]}
{"ts":"2026-06-27T22:31:41.623Z","lane":"plant","event":"done","step":"scribe-2","code":0,"ms":88}
{"ts":"2026-06-27T22:31:41.623Z","lane":"plant","event":"start","step":"scribe-3","bin":"node","args":["/Volumes/EOS_DIGITAL/KiriPedia/botnet/workers/scribe.mjs","--worker","scribe-3","--batch","1"]}
{"ts":"2026-06-27T22:31:41.714Z","lane":"plant","event":"done","step":"scribe-3","code":0,"ms":90}
{"ts":"2026-06-27T22:32:06.107Z","lane":"reviewer","event":"start","step":null,"bin":"node","args":["/Volumes/EOS_DIGITAL/KiriPedia/botnet/workers/reviewer.mjs"]}
{"ts":"2026-06-27T22:32:06.310Z","lane":"reviewer","event":"done","step":null,"code":0,"ms":200}
{"ts":"2026-06-27T22:32:06.547Z","lane":"diff-sentinel","event":"start","step":null,"bin":"node","args":["/Volumes/EOS_DIGITAL/KiriPedia/botnet/workers/diff-sentinel.mjs"]}
{"ts":"2026-06-27T22:32:06.913Z","lane":"diff-sentinel","event":"done","step":null,"code":0,"ms":365}
{"ts":"2026-06-27T22:32:26.180Z","lane":"catch-import","event":"start","step":null,"bin":"node","args":["/Volumes/EOS_DIGITAL/KiriPedia/botnet/workers/catch-importer.mjs","--auto-trust"]}
{"ts":"2026-06-27T22:32:26.379Z","lane":"catch-import","event":"done","step":null,"code":0,"ms":197}
{"ts":"2026-06-27T22:32:32.025Z","lane":"rt-snapshot","event":"start","step":null,"bin":"node","args":["/Volumes/EOS_DIGITAL/KiriPedia/botnet/lib/research-team-snapshot.mjs"]}
{"ts":"2026-06-27T22:32:32.349Z","lane":"rt-snapshot","event":"done","step":null,"code":0,"ms":323}
{"ts":"2026-06-27T22:32:35.274Z","lane":"calendar","event":"start","step":null,"bin":"node","args":["/Volumes/EOS_DIGITAL/KiriPedia/botnet/workers/calendar-keeper.mjs"]}
{"ts":"2026-06-27T22:32:38.134Z","lane":"snapshot","event":"start","step":null,"bin":"node","args":["/Volumes/EOS_DIGITAL/KiriPedia/botnet/lib/snapshot-writer.mjs"]}
{"ts":"2026-06-27T22:32:38.310Z","lane":"snapshot","event":"done","step":null,"code":0,"ms":174}
{"ts":"2026-06-27T22:32:39.910Z","lane":"calendar","event":"done","step":null,"code":0,"ms":4635}
{"ts":"2026-06-27T22:33:00.609Z","lane":"office","event":"start","step":null,"bin":"node","args":["/Volumes/EOS_DIGITAL/KiriPedia/botnet/workers/office-manager.mjs"]}
{"ts":"2026-06-27T22:33:03.818Z","lane":"office","event":"done","step":null,"code":0,"ms":3207}
{"ts":"2026-06-27T22:33:04.612Z","lane":"plant2","event":"start","step":"cat-1","bin":"node","args":["/Volumes/EOS_DIGITAL/KiriPedia/botnet/workers/cataloger-editor.mjs","--worker","cataloger-1","--batch","1"]}
{"ts":"2026-06-27T22:33:04.768Z","lane":"plant2","event":"done","step":"cat-1","code":0,"ms":156}
{"ts":"2026-06-27T22:33:04.768Z","lane":"plant2","event":"start","step":"cat-2","bin":"node","args":["/Volumes/EOS_DIGITAL/KiriPedia/botnet/workers/cataloger-editor.mjs","--worker","cataloger-2","--batch","1"]}
{"ts":"2026-06-27T22:33:04.879Z","lane":"plant2","event":"done","step":"cat-2","code":0,"ms":102}
{"ts":"2026-06-27T22:33:15.866Z","lane":"plant","event":"start","step":"scribe-1","bin":"node","args":["/Volumes/EOS_DIGITAL/KiriPedia/botnet/workers/scribe.mjs","--worker","scribe-1","--batch","1"]}
{"ts":"2026-06-27T22:33:16.049Z","lane":"plant","event":"done","step":"scribe-1","code":0,"ms":180}
{"ts":"2026-06-27T22:33:16.049Z","lane":"plant","event":"start","step":"scribe-2","bin":"node","args":["/Volumes/EOS_DIGITAL/KiriPedia/botnet/workers/scribe.mjs","--worker","scribe-2","--batch","1"]}
{"ts":"2026-06-27T22:33:16.153Z","lane":"plant","event":"done","step":"scribe-2","code":0,"ms":99}
{"ts":"2026-06-27T22:33:16.153Z","lane":"plant","event":"start","step":"scribe-3","bin":"node","args":["/Volumes/EOS_DIGITAL/KiriPedia/botnet/workers/scribe.mjs","--worker","scribe-3","--batch","1"]}
{"ts":"2026-06-27T22:33:16.250Z","lane":"plant","event":"done","step":"scribe-3","code":0,"ms":96}
{"ts":"2026-06-27T22:33:32.354Z","lane":"rt-snapshot","event":"start","step":null,"bin":"node","args":["/Volumes/EOS_DIGITAL/KiriPedia/botnet/lib/research-team-snapshot.mjs"]}
{"ts":"2026-06-27T22:33:32.730Z","lane":"rt-snapshot","event":"done","step":null,"code":0,"ms":373}
{"ts":"2026-06-27T22:34:03.360Z","lane":"trawler","event":"start","step":null,"bin":"node","args":["/Volumes/EOS_DIGITAL/KiriPedia/fleet/trawlers/youtube.mjs"]}
{"ts":"2026-06-27T22:34:16.111Z","lane":"triage-patroller","event":"start","step":null,"bin":"node","args":["/Volumes/EOS_DIGITAL/KiriPedia/botnet/workers/triage-patroller.mjs","--per-role","25"]}
{"ts":"2026-06-27T22:34:19.386Z","lane":"triage-patroller","event":"done","step":null,"code":0,"ms":3272}
{"ts":"2026-06-27T22:34:22.186Z","lane":"coord","event":"start","step":null,"bin":"node","args":["/Volumes/EOS_DIGITAL/KiriPedia/botnet/workers/coordinator.mjs"]}
{"ts":"2026-06-27T22:34:22.322Z","lane":"coord","event":"done","step":null,"code":0,"ms":133}
{"ts":"2026-06-27T22:34:23.702Z","lane":"prospect","event":"start","step":null,"bin":"node","args":["/Volumes/EOS_DIGITAL/KiriPedia/botnet/workers/prospector.mjs","--batch","2"]}
{"ts":"2026-06-27T22:34:32.734Z","lane":"rt-snapshot","event":"start","step":null,"bin":"node","args":["/Volumes/EOS_DIGITAL/KiriPedia/botnet/lib/research-team-snapshot.mjs"]}
{"ts":"2026-06-27T22:34:32.986Z","lane":"rt-snapshot","event":"done","step":null,"code":0,"ms":249}
{"ts":"2026-06-27T22:34:36.537Z","lane":"prospect","event":"done","step":null,"code":0,"ms":12835}
{"ts":"2026-06-27T22:34:39.618Z","lane":"plant","event":"start","step":"scribe-1","bin":"node","args":["/Volumes/EOS_DIGITAL/KiriPedia/botnet/workers/scribe.mjs","--worker","scribe-1","--batch","1"]}
{"ts":"2026-06-27T22:34:39.717Z","lane":"plant","event":"done","step":"scribe-1","code":0,"ms":98}
{"ts":"2026-06-27T22:34:39.717Z","lane":"plant","event":"start","step":"scribe-2","bin":"node","args":["/Volumes/EOS_DIGITAL/KiriPedia/botnet/workers/scribe.mjs","--worker","scribe-2","--batch","1"]}
{"ts":"2026-06-27T22:34:39.809Z","lane":"plant","event":"done","step":"scribe-2","code":0,"ms":90}
{"ts":"2026-06-27T22:34:39.809Z","lane":"plant","event":"start","step":"scribe-3","bin":"node","args":["/Volumes/EOS_DIGITAL/KiriPedia/botnet/workers/scribe.mjs","--worker","scribe-3","--batch","1"]}
{"ts":"2026-06-27T22:34:39.908Z","lane":"plant","event":"done","step":"scribe-3","code":0,"ms":98}
{"ts":"2026-06-27T22:35:08.520Z","lane":"plant2","event":"start","step":"cat-1","bin":"node","args":["/Volumes/EOS_DIGITAL/KiriPedia/botnet/workers/cataloger-editor.mjs","--worker","cataloger-1","--batch","1"]}
{"ts":"2026-06-27T22:35:08.708Z","lane":"plant2","event":"done","step":"cat-1","code":0,"ms":185}
{"ts":"2026-06-27T22:35:08.708Z","lane":"plant2","event":"start","step":"cat-2","bin":"node","args":["/Volumes/EOS_DIGITAL/KiriPedia/botnet/workers/cataloger-editor.mjs","--worker","cataloger-2","--batch","1"]}
{"ts":"2026-06-27T22:35:08.804Z","lane":"plant2","event":"done","step":"cat-2","code":0,"ms":94}
{"ts":"2026-06-27T22:35:32.992Z","lane":"rt-snapshot","event":"start","step":null,"bin":"node","args":["/Volumes/EOS_DIGITAL/KiriPedia/botnet/lib/research-team-snapshot.mjs"]}
{"ts":"2026-06-27T22:35:33.365Z","lane":"rt-snapshot","event":"done","step":null,"code":0,"ms":370}
{"ts":"2026-06-27T22:36:19.525Z","lane":"plant","event":"start","step":"scribe-1","bin":"node","args":["/Volumes/EOS_DIGITAL/KiriPedia/botnet/workers/scribe.mjs","--worker","scribe-1","--batch","1"]}
{"ts":"2026-06-27T22:36:19.740Z","lane":"plant","event":"done","step":"scribe-1","code":0,"ms":208}
{"ts":"2026-06-27T22:36:19.740Z","lane":"plant","event":"start","step":"scribe-2","bin":"node","args":["/Volumes/EOS_DIGITAL/KiriPedia/botnet/workers/scribe.mjs","--worker","scribe-2","--batch","1"]}
{"ts":"2026-06-27T22:36:19.839Z","lane":"plant","event":"done","step":"scribe-2","code":0,"ms":97}
{"ts":"2026-06-27T22:36:19.840Z","lane":"plant","event":"start","step":"scribe-3","bin":"node","args":["/Volumes/EOS_DIGITAL/KiriPedia/botnet/workers/scribe.mjs","--worker","scribe-3","--batch","1"]}
{"ts":"2026-06-27T22:36:19.931Z","lane":"plant","event":"done","step":"scribe-3","code":0,"ms":90}
{"ts":"2026-06-27T22:36:24.103Z","lane":"splitter","event":"start","step":null,"bin":"node","args":["/Volumes/EOS_DIGITAL/KiriPedia/botnet/workers/first-third-splitter.mjs","--batch","30"]}
{"ts":"2026-06-27T22:36:24.210Z","lane":"splitter","event":"done","step":null,"code":0,"ms":106}
{"ts":"2026-06-27T22:36:33.368Z","lane":"rt-snapshot","event":"start","step":null,"bin":"node","args":["/Volumes/EOS_DIGITAL/KiriPedia/botnet/lib/research-team-snapshot.mjs"]}
{"ts":"2026-06-27T22:36:33.723Z","lane":"rt-snapshot","event":"done","step":null,"code":0,"ms":353}
{"ts":"2026-06-27T22:36:42.221Z","lane":"triage","event":"start","step":null,"bin":"node","args":["/Volumes/EOS_DIGITAL/KiriPedia/botnet/workers/npp.mjs"]}
{"ts":"2026-06-27T22:36:42.390Z","lane":"triage","event":"done","step":null,"code":0,"ms":166}
{"ts":"2026-06-27T22:37:02.166Z","lane":"plant2","event":"start","step":"cat-1","bin":"node","args":["/Volumes/EOS_DIGITAL/KiriPedia/botnet/workers/cataloger-editor.mjs","--worker","cataloger-1","--batch","1"]}
{"ts":"2026-06-27T22:37:02.451Z","lane":"plant2","event":"done","step":"cat-1","code":0,"ms":282}
{"ts":"2026-06-27T22:37:02.453Z","lane":"plant2","event":"start","step":"cat-2","bin":"node","args":["/Volumes/EOS_DIGITAL/KiriPedia/botnet/workers/cataloger-editor.mjs","--worker","cataloger-2","--batch","1"]}
{"ts":"2026-06-27T22:37:02.560Z","lane":"plant2","event":"done","step":"cat-2","code":0,"ms":106}
{"ts":"2026-06-27T22:37:31.523Z","lane":"reviewer","event":"start","step":null,"bin":"node","args":["/Volumes/EOS_DIGITAL/KiriPedia/botnet/workers/reviewer.mjs"]}
{"ts":"2026-06-27T22:37:31.722Z","lane":"reviewer","event":"done","step":null,"code":0,"ms":197}
{"ts":"2026-06-27T22:37:33.726Z","lane":"rt-snapshot","event":"start","step":null,"bin":"node","args":["/Volumes/EOS_DIGITAL/KiriPedia/botnet/lib/research-team-snapshot.mjs"]}
{"ts":"2026-06-27T22:37:33.985Z","lane":"rt-snapshot","event":"done","step":null,"code":0,"ms":258}
{"ts":"2026-06-27T22:37:38.316Z","lane":"snapshot","event":"start","step":null,"bin":"node","args":["/Volumes/EOS_DIGITAL/KiriPedia/botnet/lib/snapshot-writer.mjs"]}
{"ts":"2026-06-27T22:37:38.424Z","lane":"snapshot","event":"done","step":null,"code":0,"ms":104}
{"ts":"2026-06-27T22:37:39.629Z","lane":"discretion","event":"start","step":null,"bin":"node","args":["/Volumes/EOS_DIGITAL/KiriPedia/botnet/workers/discretion-warden.mjs","--batch","20"]}
{"ts":"2026-06-27T22:37:39.724Z","lane":"discretion","event":"done","step":null,"code":0,"ms":94}
{"ts":"2026-06-27T22:37:59.470Z","lane":"plant","event":"start","step":"scribe-1","bin":"node","args":["/Volumes/EOS_DIGITAL/KiriPedia/botnet/workers/scribe.mjs","--worker","scribe-1","--batch","1"]}
{"ts":"2026-06-27T22:37:59.678Z","lane":"plant","event":"done","step":"scribe-1","code":0,"ms":206}
{"ts":"2026-06-27T22:37:59.679Z","lane":"plant","event":"start","step":"scribe-2","bin":"node","args":["/Volumes/EOS_DIGITAL/KiriPedia/botnet/workers/scribe.mjs","--worker","scribe-2","--batch","1"]}
{"ts":"2026-06-27T22:37:59.778Z","lane":"plant","event":"done","step":"scribe-2","code":0,"ms":98}
{"ts":"2026-06-27T22:37:59.778Z","lane":"plant","event":"start","step":"scribe-3","bin":"node","args":["/Volumes/EOS_DIGITAL/KiriPedia/botnet/workers/scribe.mjs","--worker","scribe-3","--batch","1"]}
{"ts":"2026-06-27T22:37:59.874Z","lane":"plant","event":"done","step":"scribe-3","code":0,"ms":95}
{"ts":"2026-06-27T22:38:33.990Z","lane":"rt-snapshot","event":"start","step":null,"bin":"node","args":["/Volumes/EOS_DIGITAL/KiriPedia/botnet/lib/research-team-snapshot.mjs"]}
{"ts":"2026-06-27T22:38:34.377Z","lane":"rt-snapshot","event":"done","step":null,"code":0,"ms":381}
{"ts":"2026-06-27T22:38:54.161Z","lane":"plant2","event":"start","step":"cat-1","bin":"node","args":["/Volumes/EOS_DIGITAL/KiriPedia/botnet/workers/cataloger-editor.mjs","--worker","cataloger-1","--batch","1"]}
{"ts":"2026-06-27T22:38:54.348Z","lane":"plant2","event":"done","step":"cat-1","code":0,"ms":185}
{"ts":"2026-06-27T22:38:54.348Z","lane":"plant2","event":"start","step":"cat-2","bin":"node","args":["/Volumes/EOS_DIGITAL/KiriPedia/botnet/workers/cataloger-editor.mjs","--worker","cataloger-2","--batch","1"]}
{"ts":"2026-06-27T22:38:54.449Z","lane":"plant2","event":"done","step":"cat-2","code":0,"ms":94}
{"ts":"2026-06-27T22:39:19.915Z","lane":"plant","event":"start","step":"scribe-1","bin":"node","args":["/Volumes/EOS_DIGITAL/KiriPedia/botnet/workers/scribe.mjs","--worker","scribe-1","--batch","1"]}
{"ts":"2026-06-27T22:39:20.101Z","lane":"plant","event":"done","step":"scribe-1","code":0,"ms":184}
{"ts":"2026-06-27T22:39:20.101Z","lane":"plant","event":"start","step":"scribe-2","bin":"node","args":["/Volumes/EOS_DIGITAL/KiriPedia/botnet/workers/scribe.mjs","--worker","scribe-2","--batch","1"]}
{"ts":"2026-06-27T22:39:20.213Z","lane":"plant","event":"done","step":"scribe-2","code":0,"ms":107}
{"ts":"2026-06-27T22:39:20.213Z","lane":"plant","event":"start","step":"scribe-3","bin":"node","args":["/Volumes/EOS_DIGITAL/KiriPedia/botnet/workers/scribe.mjs","--worker","scribe-3","--batch","1"]}
{"ts":"2026-06-27T22:39:20.308Z","lane":"plant","event":"done","step":"scribe-3","code":0,"ms":93}
{"ts":"2026-06-27T22:39:34.381Z","lane":"rt-snapshot","event":"start","step":null,"bin":"node","args":["/Volumes/EOS_DIGITAL/KiriPedia/botnet/lib/research-team-snapshot.mjs"]}
{"ts":"2026-06-27T22:39:34.742Z","lane":"rt-snapshot","event":"done","step":null,"code":0,"ms":359}
{"ts":"2026-06-27T22:40:34.747Z","lane":"rt-snapshot","event":"start","step":null,"bin":"node","args":["/Volumes/EOS_DIGITAL/KiriPedia/botnet/lib/research-team-snapshot.mjs"]}
{"ts":"2026-06-27T22:40:35.129Z","lane":"rt-snapshot","event":"done","step":null,"code":0,"ms":372}
{"ts":"2026-06-27T22:40:46.378Z","lane":"plant2","event":"start","step":"cat-1","bin":"node","args":["/Volumes/EOS_DIGITAL/KiriPedia/botnet/workers/cataloger-editor.mjs","--worker","cataloger-1","--batch","1"]}
{"ts":"2026-06-27T22:40:46.563Z","lane":"plant2","event":"done","step":"cat-1","code":0,"ms":182}
{"ts":"2026-06-27T22:40:46.563Z","lane":"plant2","event":"start","step":"cat-2","bin":"node","args":["/Volumes/EOS_DIGITAL/KiriPedia/botnet/workers/cataloger-editor.mjs","--worker","cataloger-2","--batch","1"]}
{"ts":"2026-06-27T22:40:46.660Z","lane":"plant2","event":"done","step":"cat-2","code":0,"ms":94}
{"ts":"2026-06-27T22:40:47.770Z","lane":"plant","event":"start","step":"scribe-1","bin":"node","args":["/Volumes/EOS_DIGITAL/KiriPedia/botnet/workers/scribe.mjs","--worker","scribe-1","--batch","1"]}
{"ts":"2026-06-27T22:40:47.870Z","lane":"plant","event":"done","step":"scribe-1","code":0,"ms":99}
{"ts":"2026-06-27T22:40:47.870Z","lane":"plant","event":"start","step":"scribe-2","bin":"node","args":["/Volumes/EOS_DIGITAL/KiriPedia/botnet/workers/scribe.mjs","--worker","scribe-2","--batch","1"]}
{"ts":"2026-06-27T22:40:47.962Z","lane":"plant","event":"done","step":"scribe-2","code":0,"ms":90}
{"ts":"2026-06-27T22:40:47.963Z","lane":"plant","event":"start","step":"scribe-3","bin":"node","args":["/Volumes/EOS_DIGITAL/KiriPedia/botnet/workers/scribe.mjs","--worker","scribe-3","--batch","1"]}
{"ts":"2026-06-27T22:40:48.070Z","lane":"plant","event":"done","step":"scribe-3","code":0,"ms":104}
{"ts":"2026-06-27T22:41:35.135Z","lane":"rt-snapshot","event":"start","step":null,"bin":"node","args":["/Volumes/EOS_DIGITAL/KiriPedia/botnet/lib/research-team-snapshot.mjs"]}
{"ts":"2026-06-27T22:41:35.516Z","lane":"rt-snapshot","event":"done","step":null,"code":0,"ms":376}
{"ts":"2026-06-27T22:42:14.127Z","lane":"plant","event":"start","step":"scribe-1","bin":"node","args":["/Volumes/EOS_DIGITAL/KiriPedia/botnet/workers/scribe.mjs","--worker","scribe-1","--batch","1"]}
{"ts":"2026-06-27T22:42:14.390Z","lane":"plant","event":"done","step":"scribe-1","code":0,"ms":256}
{"ts":"2026-06-27T22:42:14.390Z","lane":"plant","event":"start","step":"scribe-2","bin":"node","args":["/Volumes/EOS_DIGITAL/KiriPedia/botnet/workers/scribe.mjs","--worker","scribe-2","--batch","1"]}
{"ts":"2026-06-27T22:42:14.492Z","lane":"plant","event":"done","step":"scribe-2","code":0,"ms":100}
{"ts":"2026-06-27T22:42:14.492Z","lane":"plant","event":"start","step":"scribe-3","bin":"node","args":["/Volumes/EOS_DIGITAL/KiriPedia/botnet/workers/scribe.mjs","--worker","scribe-3","--batch","1"]}
{"ts":"2026-06-27T22:42:14.586Z","lane":"plant","event":"done","step":"scribe-3","code":0,"ms":91}
{"ts":"2026-06-27T22:42:15.942Z","lane":"reviewer","event":"start","step":null,"bin":"node","args":["/Volumes/EOS_DIGITAL/KiriPedia/botnet/workers/reviewer.mjs"]}
{"ts":"2026-06-27T22:42:17.053Z","lane":"reviewer","event":"done","step":null,"code":0,"ms":1110}
{"ts":"2026-06-27T22:42:35.326Z","lane":"plant2","event":"start","step":"cat-1","bin":"node","args":["/Volumes/EOS_DIGITAL/KiriPedia/botnet/workers/cataloger-editor.mjs","--worker","cataloger-1","--batch","1"]}
{"ts":"2026-06-27T22:42:35.519Z","lane":"rt-snapshot","event":"start","step":null,"bin":"node","args":["/Volumes/EOS_DIGITAL/KiriPedia/botnet/lib/research-team-snapshot.mjs"]}
{"ts":"2026-06-27T22:42:35.704Z","lane":"plant2","event":"done","step":"cat-1","code":0,"ms":376}
{"ts":"2026-06-27T22:42:35.840Z","lane":"plant2","event":"start","step":"cat-2","bin":"node","args":["/Volumes/EOS_DIGITAL/KiriPedia/botnet/workers/cataloger-editor.mjs","--worker","cataloger-2","--batch","1"]}
{"ts":"2026-06-27T22:42:35.933Z","lane":"plant2","event":"done","step":"cat-2","code":0,"ms":93}
{"ts":"2026-06-27T22:42:37.463Z","lane":"rt-snapshot","event":"done","step":null,"code":0,"ms":1944}
{"ts":"2026-06-27T22:42:38.428Z","lane":"snapshot","event":"start","step":null,"bin":"node","args":["/Volumes/EOS_DIGITAL/KiriPedia/botnet/lib/snapshot-writer.mjs"]}
{"ts":"2026-06-27T22:42:38.555Z","lane":"snapshot","event":"done","step":null,"code":0,"ms":126}
{"ts":"2026-06-27T22:42:55.438Z","lane":"catch-import","event":"start","step":null,"bin":"node","args":["/Volumes/EOS_DIGITAL/KiriPedia/botnet/workers/catch-importer.mjs","--auto-trust"]}
{"ts":"2026-06-27T22:42:55.667Z","lane":"catch-import","event":"done","step":null,"code":0,"ms":226}
{"ts":"2026-06-27T22:43:02.197Z","lane":"splitter","event":"start","step":null,"bin":"node","args":["/Volumes/EOS_DIGITAL/KiriPedia/botnet/workers/first-third-splitter.mjs","--batch","30"]}
{"ts":"2026-06-27T22:43:02.334Z","lane":"splitter","event":"done","step":null,"code":0,"ms":137}
{"ts":"2026-06-27T22:43:37.039Z","lane":"office","event":"start","step":null,"bin":"node","args":["/Volumes/EOS_DIGITAL/KiriPedia/botnet/workers/office-manager.mjs"]}
{"ts":"2026-06-27T22:43:37.466Z","lane":"rt-snapshot","event":"start","step":null,"bin":"node","args":["/Volumes/EOS_DIGITAL/KiriPedia/botnet/lib/research-team-snapshot.mjs"]}
{"ts":"2026-06-27T22:43:37.689Z","lane":"rt-snapshot","event":"done","step":null,"code":0,"ms":223}
{"ts":"2026-06-27T22:43:42.148Z","lane":"office","event":"done","step":null,"code":0,"ms":5104}
{"ts":"2026-06-27T22:43:53.638Z","lane":"plant","event":"start","step":"scribe-1","bin":"node","args":["/Volumes/EOS_DIGITAL/KiriPedia/botnet/workers/scribe.mjs","--worker","scribe-1","--batch","1"]}
{"ts":"2026-06-27T22:43:53.853Z","lane":"plant","event":"done","step":"scribe-1","code":0,"ms":213}
{"ts":"2026-06-27T22:43:53.853Z","lane":"plant","event":"start","step":"scribe-2","bin":"node","args":["/Volumes/EOS_DIGITAL/KiriPedia/botnet/workers/scribe.mjs","--worker","scribe-2","--batch","1"]}
{"ts":"2026-06-27T22:43:53.957Z","lane":"plant","event":"done","step":"scribe-2","code":0,"ms":97}
{"ts":"2026-06-27T22:43:53.957Z","lane":"plant","event":"start","step":"scribe-3","bin":"node","args":["/Volumes/EOS_DIGITAL/KiriPedia/botnet/workers/scribe.mjs","--worker","scribe-3","--batch","1"]}
{"ts":"2026-06-27T22:43:54.069Z","lane":"plant","event":"done","step":"scribe-3","code":0,"ms":109}
{"ts":"2026-06-27T22:44:24.229Z","lane":"discretion","event":"start","step":null,"bin":"node","args":["/Volumes/EOS_DIGITAL/KiriPedia/botnet/workers/discretion-warden.mjs","--batch","20"]}
{"ts":"2026-06-27T22:44:24.420Z","lane":"discretion","event":"done","step":null,"code":0,"ms":189}
{"ts":"2026-06-27T22:44:28.722Z","lane":"plant2","event":"start","step":"cat-1","bin":"node","args":["/Volumes/EOS_DIGITAL/KiriPedia/botnet/workers/cataloger-editor.mjs","--worker","cataloger-1","--batch","1"]}
{"ts":"2026-06-27T22:44:28.861Z","lane":"plant2","event":"done","step":"cat-1","code":0,"ms":138}
{"ts":"2026-06-27T22:44:28.861Z","lane":"plant2","event":"start","step":"cat-2","bin":"node","args":["/Volumes/EOS_DIGITAL/KiriPedia/botnet/workers/cataloger-editor.mjs","--worker","cataloger-2","--batch","1"]}
{"ts":"2026-06-27T22:44:28.982Z","lane":"plant2","event":"done","step":"cat-2","code":0,"ms":120}
{"ts":"2026-06-27T22:44:37.725Z","lane":"rt-snapshot","event":"start","step":null,"bin":"node","args":["/Volumes/EOS_DIGITAL/KiriPedia/botnet/lib/research-team-snapshot.mjs"]}
{"ts":"2026-06-27T22:44:38.008Z","lane":"rt-snapshot","event":"done","step":null,"code":0,"ms":280}
{"ts":"2026-06-27T22:44:55.067Z","lane":"triage-patroller","event":"start","step":null,"bin":"node","args":["/Volumes/EOS_DIGITAL/KiriPedia/botnet/workers/triage-patroller.mjs","--per-role","25"]}
{"ts":"2026-06-27T22:44:58.329Z","lane":"triage-patroller","event":"done","step":null,"code":0,"ms":3260}
{"ts":"2026-06-27T22:45:14.132Z","lane":"plant","event":"start","step":"scribe-1","bin":"node","args":["/Volumes/EOS_DIGITAL/KiriPedia/botnet/workers/scribe.mjs","--worker","scribe-1","--batch","1"]}
{"ts":"2026-06-27T22:45:14.317Z","lane":"plant","event":"done","step":"scribe-1","code":0,"ms":183}
{"ts":"2026-06-27T22:45:14.317Z","lane":"plant","event":"start","step":"scribe-2","bin":"node","args":["/Volumes/EOS_DIGITAL/KiriPedia/botnet/workers/scribe.mjs","--worker","scribe-2","--batch","1"]}
{"ts":"2026-06-27T22:45:14.418Z","lane":"plant","event":"done","step":"scribe-2","code":0,"ms":100}
{"ts":"2026-06-27T22:45:14.419Z","lane":"plant","event":"start","step":"scribe-3","bin":"node","args":["/Volumes/EOS_DIGITAL/KiriPedia/botnet/workers/scribe.mjs","--worker","scribe-3","--batch","1"]}
{"ts":"2026-06-27T22:45:14.514Z","lane":"plant","event":"done","step":"scribe-3","code":0,"ms":94}
{"ts":"2026-06-27T22:45:38.014Z","lane":"rt-snapshot","event":"start","step":null,"bin":"node","args":["/Volumes/EOS_DIGITAL/KiriPedia/botnet/lib/research-team-snapshot.mjs"]}
{"ts":"2026-06-27T22:45:38.408Z","lane":"rt-snapshot","event":"done","step":null,"code":0,"ms":392}
{"ts":"2026-06-27T22:46:36.848Z","lane":"plant","event":"start","step":"scribe-1","bin":"node","args":["/Volumes/EOS_DIGITAL/KiriPedia/botnet/workers/scribe.mjs","--worker","scribe-1","--batch","1"]}
{"ts":"2026-06-27T22:46:37.064Z","lane":"plant","event":"done","step":"scribe-1","code":0,"ms":206}
{"ts":"2026-06-27T22:46:37.064Z","lane":"plant","event":"start","step":"scribe-2","bin":"node","args":["/Volumes/EOS_DIGITAL/KiriPedia/botnet/workers/scribe.mjs","--worker","scribe-2","--batch","1"]}
{"ts":"2026-06-27T22:46:37.156Z","lane":"plant","event":"done","step":"scribe-2","code":0,"ms":91}
{"ts":"2026-06-27T22:46:37.156Z","lane":"plant","event":"start","step":"scribe-3","bin":"node","args":["/Volumes/EOS_DIGITAL/KiriPedia/botnet/workers/scribe.mjs","--worker","scribe-3","--batch","1"]}
{"ts":"2026-06-27T22:46:37.250Z","lane":"plant","event":"done","step":"scribe-3","code":0,"ms":92}
{"ts":"2026-06-27T22:46:38.412Z","lane":"rt-snapshot","event":"start","step":null,"bin":"node","args":["/Volumes/EOS_DIGITAL/KiriPedia/botnet/lib/research-team-snapshot.mjs"]}
{"ts":"2026-06-27T22:46:38.698Z","lane":"rt-snapshot","event":"done","step":null,"code":0,"ms":284}
{"ts":"2026-06-27T22:46:38.958Z","lane":"plant2","event":"start","step":"cat-1","bin":"node","args":["/Volumes/EOS_DIGITAL/KiriPedia/botnet/workers/cataloger-editor.mjs","--worker","cataloger-1","--batch","1"]}
{"ts":"2026-06-27T22:46:39.054Z","lane":"plant2","event":"done","step":"cat-1","code":0,"ms":96}
{"ts":"2026-06-27T22:46:39.054Z","lane":"plant2","event":"start","step":"cat-2","bin":"node","args":["/Volumes/EOS_DIGITAL/KiriPedia/botnet/workers/cataloger-editor.mjs","--worker","cataloger-2","--batch","1"]}
{"ts":"2026-06-27T22:46:39.155Z","lane":"plant2","event":"done","step":"cat-2","code":0,"ms":100}
{"ts":"2026-06-27T22:47:09.173Z","lane":"reviewer","event":"start","step":null,"bin":"node","args":["/Volumes/EOS_DIGITAL/KiriPedia/botnet/workers/reviewer.mjs"]}
{"ts":"2026-06-27T22:47:09.367Z","lane":"reviewer","event":"done","step":null,"code":0,"ms":186}
{"ts":"2026-06-27T22:47:23.460Z","lane":"triage","event":"start","step":null,"bin":"node","args":["/Volumes/EOS_DIGITAL/KiriPedia/botnet/workers/npp.mjs"]}
{"ts":"2026-06-27T22:47:23.663Z","lane":"triage","event":"done","step":null,"code":0,"ms":201}
{"ts":"2026-06-27T22:47:38.595Z","lane":"snapshot","event":"start","step":null,"bin":"node","args":["/Volumes/EOS_DIGITAL/KiriPedia/botnet/lib/snapshot-writer.mjs"]}
{"ts":"2026-06-27T22:47:38.701Z","lane":"rt-snapshot","event":"start","step":null,"bin":"node","args":["/Volumes/EOS_DIGITAL/KiriPedia/botnet/lib/research-team-snapshot.mjs"]}
{"ts":"2026-06-27T22:47:38.842Z","lane":"snapshot","event":"done","step":null,"code":0,"ms":245}
{"ts":"2026-06-27T22:47:38.947Z","lane":"rt-snapshot","event":"done","step":null,"code":0,"ms":246}
{"ts":"2026-06-27T22:48:21.276Z","lane":"plant","event":"start","step":"scribe-1","bin":"node","args":["/Volumes/EOS_DIGITAL/KiriPedia/botnet/workers/scribe.mjs","--worker","scribe-1","--batch","1"]}
{"ts":"2026-06-27T22:48:21.516Z","lane":"plant","event":"done","step":"scribe-1","code":0,"ms":231}
{"ts":"2026-06-27T22:48:21.516Z","lane":"plant","event":"start","step":"scribe-2","bin":"node","args":["/Volumes/EOS_DIGITAL/KiriPedia/botnet/workers/scribe.mjs","--worker","scribe-2","--batch","1"]}
{"ts":"2026-06-27T22:48:21.609Z","lane":"plant","event":"done","step":"scribe-2","code":0,"ms":91}
{"ts":"2026-06-27T22:48:21.609Z","lane":"plant","event":"start","step":"scribe-3","bin":"node","args":["/Volumes/EOS_DIGITAL/KiriPedia/botnet/workers/scribe.mjs","--worker","scribe-3","--batch","1"]}
{"ts":"2026-06-27T22:48:21.700Z","lane":"plant","event":"done","step":"scribe-3","code":0,"ms":88}
{"ts":"2026-06-27T22:48:29.845Z","lane":"re-reader","event":"start","step":null,"bin":"node","args":["/Volumes/EOS_DIGITAL/KiriPedia/botnet/workers/re-reader.mjs","--worker","re-reader-1","--batch","2"]}
{"ts":"2026-06-27T22:48:38.952Z","lane":"rt-snapshot","event":"start","step":null,"bin":"node","args":["/Volumes/EOS_DIGITAL/KiriPedia/botnet/lib/research-team-snapshot.mjs"]}
{"ts":"2026-06-27T22:48:39.150Z","lane":"plant2","event":"start","step":"cat-1","bin":"node","args":["/Volumes/EOS_DIGITAL/KiriPedia/botnet/workers/cataloger-editor.mjs","--worker","cataloger-1","--batch","1"]}
{"ts":"2026-06-27T22:48:39.183Z","lane":"rt-snapshot","event":"done","step":null,"code":0,"ms":229}
{"ts":"2026-06-27T22:48:39.254Z","lane":"plant2","event":"done","step":"cat-1","code":0,"ms":104}
{"ts":"2026-06-27T22:48:39.254Z","lane":"plant2","event":"start","step":"cat-2","bin":"node","args":["/Volumes/EOS_DIGITAL/KiriPedia/botnet/workers/cataloger-editor.mjs","--worker","cataloger-2","--batch","1"]}
{"ts":"2026-06-27T22:48:39.345Z","lane":"plant2","event":"done","step":"cat-2","code":0,"ms":90}
{"ts":"2026-06-27T22:49:01.208Z","lane":"coord","event":"start","step":null,"bin":"node","args":["/Volumes/EOS_DIGITAL/KiriPedia/botnet/workers/coordinator.mjs"]}
{"ts":"2026-06-27T22:49:01.372Z","lane":"coord","event":"done","step":null,"code":0,"ms":161}
{"ts":"2026-06-27T22:49:39.190Z","lane":"rt-snapshot","event":"start","step":null,"bin":"node","args":["/Volumes/EOS_DIGITAL/KiriPedia/botnet/lib/research-team-snapshot.mjs"]}
{"ts":"2026-06-27T22:49:39.449Z","lane":"rt-snapshot","event":"done","step":null,"code":0,"ms":254}
{"ts":"2026-06-27T22:49:57.593Z","lane":"re-reader","event":"done","step":null,"code":0,"ms":87744}
{"ts":"2026-06-27T22:49:59.570Z","lane":"plant","event":"start","step":"scribe-1","bin":"node","args":["/Volumes/EOS_DIGITAL/KiriPedia/botnet/workers/scribe.mjs","--worker","scribe-1","--batch","1"]}
{"ts":"2026-06-27T22:49:59.693Z","lane":"plant","event":"done","step":"scribe-1","code":0,"ms":123}
{"ts":"2026-06-27T22:49:59.693Z","lane":"plant","event":"start","step":"scribe-2","bin":"node","args":["/Volumes/EOS_DIGITAL/KiriPedia/botnet/workers/scribe.mjs","--worker","scribe-2","--batch","1"]}
{"ts":"2026-06-27T22:49:59.783Z","lane":"plant","event":"done","step":"scribe-2","code":0,"ms":88}
{"ts":"2026-06-27T22:49:59.784Z","lane":"plant","event":"start","step":"scribe-3","bin":"node","args":["/Volumes/EOS_DIGITAL/KiriPedia/botnet/workers/scribe.mjs","--worker","scribe-3","--batch","1"]}
{"ts":"2026-06-27T22:49:59.877Z","lane":"plant","event":"done","step":"scribe-3","code":0,"ms":92}
{"ts":"2026-06-27T22:50:12.858Z","lane":"splitter","event":"start","step":null,"bin":"node","args":["/Volumes/EOS_DIGITAL/KiriPedia/botnet/workers/first-third-splitter.mjs","--batch","30"]}
{"ts":"2026-06-27T22:50:13.068Z","lane":"splitter","event":"done","step":null,"code":0,"ms":207}
{"ts":"2026-06-27T22:50:39.456Z","lane":"rt-snapshot","event":"start","step":null,"bin":"node","args":["/Volumes/EOS_DIGITAL/KiriPedia/botnet/lib/research-team-snapshot.mjs"]}
{"ts":"2026-06-27T22:50:39.805Z","lane":"rt-snapshot","event":"done","step":null,"code":0,"ms":347}
{"ts":"2026-06-27T22:50:43.699Z","lane":"plant2","event":"start","step":"cat-1","bin":"node","args":["/Volumes/EOS_DIGITAL/KiriPedia/botnet/workers/cataloger-editor.mjs","--worker","cataloger-1","--batch","1"]}
{"ts":"2026-06-27T22:50:43.825Z","lane":"plant2","event":"done","step":"cat-1","code":0,"ms":125}
{"ts":"2026-06-27T22:50:43.825Z","lane":"plant2","event":"start","step":"cat-2","bin":"node","args":["/Volumes/EOS_DIGITAL/KiriPedia/botnet/workers/cataloger-editor.mjs","--worker","cataloger-2","--batch","1"]}
{"ts":"2026-06-27T22:50:43.915Z","lane":"plant2","event":"done","step":"cat-2","code":0,"ms":89}
{"ts":"2026-06-27T22:50:57.737Z","lane":"mining","event":"start","step":"deepener","bin":"node","args":["/Volumes/EOS_DIGITAL/KiriPedia/botnet/workers/deepener.mjs","--batch","5"]}
{"ts":"2026-06-27T22:51:22.026Z","lane":"discretion","event":"start","step":null,"bin":"node","args":["/Volumes/EOS_DIGITAL/KiriPedia/botnet/workers/discretion-warden.mjs","--batch","20"]}
{"ts":"2026-06-27T22:51:22.196Z","lane":"discretion","event":"done","step":null,"code":0,"ms":168}
{"ts":"2026-06-27T22:51:38.830Z","lane":"plant","event":"start","step":"scribe-1","bin":"node","args":["/Volumes/EOS_DIGITAL/KiriPedia/botnet/workers/scribe.mjs","--worker","scribe-1","--batch","1"]}
{"ts":"2026-06-27T22:51:38.991Z","lane":"plant","event":"done","step":"scribe-1","code":0,"ms":159}
{"ts":"2026-06-27T22:51:38.992Z","lane":"plant","event":"start","step":"scribe-2","bin":"node","args":["/Volumes/EOS_DIGITAL/KiriPedia/botnet/workers/scribe.mjs","--worker","scribe-2","--batch","1"]}
{"ts":"2026-06-27T22:51:39.081Z","lane":"plant","event":"done","step":"scribe-2","code":0,"ms":88}
{"ts":"2026-06-27T22:51:39.082Z","lane":"plant","event":"start","step":"scribe-3","bin":"node","args":["/Volumes/EOS_DIGITAL/KiriPedia/botnet/workers/scribe.mjs","--worker","scribe-3","--batch","1"]}
{"ts":"2026-06-27T22:51:39.201Z","lane":"plant","event":"done","step":"scribe-3","code":0,"ms":117}
{"ts":"2026-06-27T22:51:39.808Z","lane":"rt-snapshot","event":"start","step":null,"bin":"node","args":["/Volumes/EOS_DIGITAL/KiriPedia/botnet/lib/research-team-snapshot.mjs"]}
{"ts":"2026-06-27T22:51:40.069Z","lane":"rt-snapshot","event":"done","step":null,"code":0,"ms":260}
{"ts":"2026-06-27T22:51:55.242Z","lane":"mining","event":"done","step":"deepener","code":0,"ms":57502}
{"ts":"2026-06-27T22:51:55.244Z","lane":"mining","event":"start","step":"enricher","bin":"node","args":["/Volumes/EOS_DIGITAL/KiriPedia/botnet/workers/enricher.mjs","--batch","5"]}
{"ts":"2026-06-27T22:52:02.961Z","lane":"reviewer","event":"start","step":null,"bin":"node","args":["/Volumes/EOS_DIGITAL/KiriPedia/botnet/workers/reviewer.mjs"]}
{"ts":"2026-06-27T22:52:03.114Z","lane":"reviewer","event":"done","step":null,"code":0,"ms":151}
{"ts":"2026-06-27T22:52:26.697Z","lane":"mining","event":"done","step":"enricher","code":0,"ms":31451}
{"ts":"2026-06-27T22:52:26.699Z","lane":"mining","event":"start","step":"weaver","bin":"node","args":["/Volumes/EOS_DIGITAL/KiriPedia/botnet/workers/weaver.mjs","--batch","5"]}
{"ts":"2026-06-27T22:52:35.348Z","lane":"mining","event":"done","step":"weaver","code":0,"ms":8648}
{"ts":"2026-06-27T22:52:38.852Z","lane":"snapshot","event":"start","step":null,"bin":"node","args":["/Volumes/EOS_DIGITAL/KiriPedia/botnet/lib/snapshot-writer.mjs"]}
{"ts":"2026-06-27T22:52:39.013Z","lane":"snapshot","event":"done","step":null,"code":0,"ms":161}
{"ts":"2026-06-27T22:52:40.071Z","lane":"rt-snapshot","event":"start","step":null,"bin":"node","args":["/Volumes/EOS_DIGITAL/KiriPedia/botnet/lib/research-team-snapshot.mjs"]}
{"ts":"2026-06-27T22:52:40.307Z","lane":"rt-snapshot","event":"done","step":null,"code":0,"ms":235}
{"ts":"2026-06-27T22:52:52.076Z","lane":"plant2","event":"start","step":"cat-1","bin":"node","args":["/Volumes/EOS_DIGITAL/KiriPedia/botnet/workers/cataloger-editor.mjs","--worker","cataloger-1","--batch","1"]}
{"ts":"2026-06-27T22:52:52.272Z","lane":"plant2","event":"done","step":"cat-1","code":0,"ms":194}
{"ts":"2026-06-27T22:52:52.272Z","lane":"plant2","event":"start","step":"cat-2","bin":"node","args":["/Volumes/EOS_DIGITAL/KiriPedia/botnet/workers/cataloger-editor.mjs","--worker","cataloger-2","--batch","1"]}
{"ts":"2026-06-27T22:52:52.366Z","lane":"plant2","event":"done","step":"cat-2","code":0,"ms":93}
{"ts":"2026-06-27T22:52:53.370Z","lane":"catch-import","event":"start","step":null,"bin":"node","args":["/Volumes/EOS_DIGITAL/KiriPedia/botnet/workers/catch-importer.mjs","--auto-trust"]}
{"ts":"2026-06-27T22:52:53.471Z","lane":"catch-import","event":"done","step":null,"code":0,"ms":101}
{"ts":"2026-06-27T22:52:58.490Z","lane":"plant","event":"start","step":"scribe-1","bin":"node","args":["/Volumes/EOS_DIGITAL/KiriPedia/botnet/workers/scribe.mjs","--worker","scribe-1","--batch","1"]}
{"ts":"2026-06-27T22:52:58.619Z","lane":"plant","event":"done","step":"scribe-1","code":0,"ms":127}
{"ts":"2026-06-27T22:52:58.619Z","lane":"plant","event":"start","step":"scribe-2","bin":"node","args":["/Volumes/EOS_DIGITAL/KiriPedia/botnet/workers/scribe.mjs","--worker","scribe-2","--batch","1"]}
{"ts":"2026-06-27T22:52:58.707Z","lane":"plant","event":"done","step":"scribe-2","code":0,"ms":85}
{"ts":"2026-06-27T22:52:58.707Z","lane":"plant","event":"start","step":"scribe-3","bin":"node","args":["/Volumes/EOS_DIGITAL/KiriPedia/botnet/workers/scribe.mjs","--worker","scribe-3","--batch","1"]}
{"ts":"2026-06-27T22:52:58.794Z","lane":"plant","event":"done","step":"scribe-3","code":0,"ms":86}
{"ts":"2026-06-27T22:53:40.314Z","lane":"rt-snapshot","event":"start","step":null,"bin":"node","args":["/Volumes/EOS_DIGITAL/KiriPedia/botnet/lib/research-team-snapshot.mjs"]}
{"ts":"2026-06-27T22:53:40.726Z","lane":"rt-snapshot","event":"done","step":null,"code":0,"ms":407}
{"ts":"2026-06-27T22:54:03.424Z","lane":"trawler","event":"done","step":null,"code":-1,"ms":1200061,"stderr":"[trawler:youtube] Run 1/4 for 2026-06-27.\n"}
{"ts":"2026-06-27T22:54:03.427Z","lane":"trawler","event":"backoff","ms":1800000}
{"ts":"2026-06-27T22:54:17.893Z","lane":"office","event":"start","step":null,"bin":"node","args":["/Volumes/EOS_DIGITAL/KiriPedia/botnet/workers/office-manager.mjs"]}
{"ts":"2026-06-27T22:54:27.954Z","lane":"office","event":"done","step":null,"code":0,"ms":10059}
{"ts":"2026-06-27T22:54:36.572Z","lane":"plant","event":"start","step":"scribe-1","bin":"node","args":["/Volumes/EOS_DIGITAL/KiriPedia/botnet/workers/scribe.mjs","--worker","scribe-1","--batch","1"]}
{"ts":"2026-06-27T22:54:36.719Z","lane":"plant","event":"done","step":"scribe-1","code":0,"ms":145}
{"ts":"2026-06-27T22:54:36.719Z","lane":"plant","event":"start","step":"scribe-2","bin":"node","args":["/Volumes/EOS_DIGITAL/KiriPedia/botnet/workers/scribe.mjs","--worker","scribe-2","--batch","1"]}
{"ts":"2026-06-27T22:54:36.822Z","lane":"plant","event":"done","step":"scribe-2","code":0,"ms":102}
{"ts":"2026-06-27T22:54:36.822Z","lane":"plant","event":"start","step":"scribe-3","bin":"node","args":["/Volumes/EOS_DIGITAL/KiriPedia/botnet/workers/scribe.mjs","--worker","scribe-3","--batch","1"]}
{"ts":"2026-06-27T22:54:36.924Z","lane":"plant","event":"done","step":"scribe-3","code":0,"ms":97}
{"ts":"2026-06-27T22:54:40.728Z","lane":"rt-snapshot","event":"start","step":null,"bin":"node","args":["/Volumes/EOS_DIGITAL/KiriPedia/botnet/lib/research-team-snapshot.mjs"]}
{"ts":"2026-06-27T22:54:41.006Z","lane":"rt-snapshot","event":"done","step":null,"code":0,"ms":277}
{"ts":"2026-06-27T22:54:51.941Z","lane":"triage-patroller","event":"start","step":null,"bin":"node","args":["/Volumes/EOS_DIGITAL/KiriPedia/botnet/workers/triage-patroller.mjs","--per-role","25"]}
{"ts":"2026-06-27T22:54:55.549Z","lane":"triage-patroller","event":"done","step":null,"code":0,"ms":3605}
{"ts":"2026-06-27T22:55:08.515Z","lane":"plant2","event":"start","step":"cat-1","bin":"node","args":["/Volumes/EOS_DIGITAL/KiriPedia/botnet/workers/cataloger-editor.mjs","--worker","cataloger-1","--batch","1"]}
{"ts":"2026-06-27T22:55:08.817Z","lane":"plant2","event":"done","step":"cat-1","code":0,"ms":299}
{"ts":"2026-06-27T22:55:08.817Z","lane":"plant2","event":"start","step":"cat-2","bin":"node","args":["/Volumes/EOS_DIGITAL/KiriPedia/botnet/workers/cataloger-editor.mjs","--worker","cataloger-2","--batch","1"]}
{"ts":"2026-06-27T22:55:08.913Z","lane":"plant2","event":"done","step":"cat-2","code":0,"ms":94}
{"ts":"2026-06-27T22:55:41.012Z","lane":"rt-snapshot","event":"start","step":null,"bin":"node","args":["/Volumes/EOS_DIGITAL/KiriPedia/botnet/lib/research-team-snapshot.mjs"]}
{"ts":"2026-06-27T22:55:41.393Z","lane":"rt-snapshot","event":"done","step":null,"code":0,"ms":376}
{"ts":"2026-06-27T22:55:55.100Z","lane":"plant","event":"start","step":"scribe-1","bin":"node","args":["/Volumes/EOS_DIGITAL/KiriPedia/botnet/workers/scribe.mjs","--worker","scribe-1","--batch","1"]}
{"ts":"2026-06-27T22:55:55.277Z","lane":"plant","event":"done","step":"scribe-1","code":0,"ms":175}
{"ts":"2026-06-27T22:55:55.277Z","lane":"plant","event":"start","step":"scribe-2","bin":"node","args":["/Volumes/EOS_DIGITAL/KiriPedia/botnet/workers/scribe.mjs","--worker","scribe-2","--batch","1"]}
{"ts":"2026-06-27T22:55:55.371Z","lane":"plant","event":"done","step":"scribe-2","code":0,"ms":92}
{"ts":"2026-06-27T22:55:55.371Z","lane":"plant","event":"start","step":"scribe-3","bin":"node","args":["/Volumes/EOS_DIGITAL/KiriPedia/botnet/workers/scribe.mjs","--worker","scribe-3","--batch","1"]}
{"ts":"2026-06-27T22:55:55.464Z","lane":"plant","event":"done","step":"scribe-3","code":0,"ms":89}
{"ts":"2026-06-27T22:56:41.398Z","lane":"rt-snapshot","event":"start","step":null,"bin":"node","args":["/Volumes/EOS_DIGITAL/KiriPedia/botnet/lib/research-team-snapshot.mjs"]}
{"ts":"2026-06-27T22:56:41.838Z","lane":"rt-snapshot","event":"done","step":null,"code":0,"ms":438}
{"ts":"2026-06-27T22:57:18.342Z","lane":"plant","event":"start","step":"scribe-1","bin":"node","args":["/Volumes/EOS_DIGITAL/KiriPedia/botnet/workers/scribe.mjs","--worker","scribe-1","--batch","1"]}
{"ts":"2026-06-27T22:57:18.536Z","lane":"plant","event":"done","step":"scribe-1","code":0,"ms":188}
{"ts":"2026-06-27T22:57:18.536Z","lane":"plant","event":"start","step":"scribe-2","bin":"node","args":["/Volumes/EOS_DIGITAL/KiriPedia/botnet/workers/scribe.mjs","--worker","scribe-2","--batch","1"]}
{"ts":"2026-06-27T22:57:18.636Z","lane":"plant","event":"done","step":"scribe-2","code":0,"ms":98}
{"ts":"2026-06-27T22:57:18.636Z","lane":"plant","event":"start","step":"scribe-3","bin":"node","args":["/Volumes/EOS_DIGITAL/KiriPedia/botnet/workers/scribe.mjs","--worker","scribe-3","--batch","1"]}
{"ts":"2026-06-27T22:57:18.730Z","lane":"plant","event":"done","step":"scribe-3","code":0,"ms":93}
{"ts":"2026-06-27T22:57:24.115Z","lane":"plant2","event":"start","step":"cat-1","bin":"node","args":["/Volumes/EOS_DIGITAL/KiriPedia/botnet/workers/cataloger-editor.mjs","--worker","cataloger-1","--batch","1"]}
{"ts":"2026-06-27T22:57:24.235Z","lane":"plant2","event":"done","step":"cat-1","code":0,"ms":119}
{"ts":"2026-06-27T22:57:24.235Z","lane":"plant2","event":"start","step":"cat-2","bin":"node","args":["/Volumes/EOS_DIGITAL/KiriPedia/botnet/workers/cataloger-editor.mjs","--worker","cataloger-2","--batch","1"]}
{"ts":"2026-06-27T22:57:24.336Z","lane":"plant2","event":"done","step":"cat-2","code":0,"ms":99}
{"ts":"2026-06-27T22:57:27.468Z","lane":"splitter","event":"start","step":null,"bin":"node","args":["/Volumes/EOS_DIGITAL/KiriPedia/botnet/workers/first-third-splitter.mjs","--batch","30"]}
{"ts":"2026-06-27T22:57:27.572Z","lane":"splitter","event":"done","step":null,"code":0,"ms":103}
{"ts":"2026-06-27T22:57:31.046Z","lane":"triage","event":"start","step":null,"bin":"node","args":["/Volumes/EOS_DIGITAL/KiriPedia/botnet/workers/npp.mjs"]}
{"ts":"2026-06-27T22:57:31.188Z","lane":"triage","event":"done","step":null,"code":0,"ms":137}
{"ts":"2026-06-27T22:57:32.494Z","lane":"reviewer","event":"start","step":null,"bin":"node","args":["/Volumes/EOS_DIGITAL/KiriPedia/botnet/workers/reviewer.mjs"]}
{"ts":"2026-06-27T22:57:32.599Z","lane":"reviewer","event":"done","step":null,"code":0,"ms":105}
{"ts":"2026-06-27T22:57:35.436Z","lane":"calendar","event":"start","step":null,"bin":"node","args":["/Volumes/EOS_DIGITAL/KiriPedia/botnet/workers/calendar-keeper.mjs"]}
{"ts":"2026-06-27T22:57:36.653Z","lane":"calendar","event":"done","step":null,"code":0,"ms":1216}
{"ts":"2026-06-27T22:57:39.020Z","lane":"snapshot","event":"start","step":null,"bin":"node","args":["/Volumes/EOS_DIGITAL/KiriPedia/botnet/lib/snapshot-writer.mjs"]}
{"ts":"2026-06-27T22:57:39.150Z","lane":"snapshot","event":"done","step":null,"code":0,"ms":129}
{"ts":"2026-06-27T22:57:41.841Z","lane":"rt-snapshot","event":"start","step":null,"bin":"node","args":["/Volumes/EOS_DIGITAL/KiriPedia/botnet/lib/research-team-snapshot.mjs"]}
{"ts":"2026-06-27T22:57:42.086Z","lane":"rt-snapshot","event":"done","step":null,"code":0,"ms":245}
{"ts":"2026-06-27T22:58:18.788Z","lane":"discretion","event":"start","step":null,"bin":"node","args":["/Volumes/EOS_DIGITAL/KiriPedia/botnet/workers/discretion-warden.mjs","--batch","20"]}
{"ts":"2026-06-27T22:58:19.685Z","lane":"discretion","event":"done","step":null,"code":0,"ms":187}
{"ts":"2026-06-27T22:58:42.092Z","lane":"rt-snapshot","event":"start","step":null,"bin":"node","args":["/Volumes/EOS_DIGITAL/KiriPedia/botnet/lib/research-team-snapshot.mjs"]}
{"ts":"2026-06-27T22:58:42.444Z","lane":"rt-snapshot","event":"done","step":null,"code":0,"ms":350}
{"ts":"2026-06-27T22:59:01.995Z","lane":"plant","event":"start","step":"scribe-1","bin":"node","args":["/Volumes/EOS_DIGITAL/KiriPedia/botnet/workers/scribe.mjs","--worker","scribe-1","--batch","1"]}
{"ts":"2026-06-27T22:59:02.193Z","lane":"plant","event":"done","step":"scribe-1","code":0,"ms":196}
{"ts":"2026-06-27T22:59:02.193Z","lane":"plant","event":"start","step":"scribe-2","bin":"node","args":["/Volumes/EOS_DIGITAL/KiriPedia/botnet/workers/scribe.mjs","--worker","scribe-2","--batch","1"]}
{"ts":"2026-06-27T22:59:02.289Z","lane":"plant","event":"done","step":"scribe-2","code":0,"ms":95}
{"ts":"2026-06-27T22:59:02.290Z","lane":"plant","event":"start","step":"scribe-3","bin":"node","args":["/Volumes/EOS_DIGITAL/KiriPedia/botnet/workers/scribe.mjs","--worker","scribe-3","--batch","1"]}
{"ts":"2026-06-27T22:59:02.392Z","lane":"plant","event":"done","step":"scribe-3","code":0,"ms":101}
{"ts":"2026-06-27T22:59:05.930Z","lane":"plant2","event":"start","step":"cat-1","bin":"node","args":["/Volumes/EOS_DIGITAL/KiriPedia/botnet/workers/cataloger-editor.mjs","--worker","cataloger-1","--batch","1"]}
{"ts":"2026-06-27T22:59:06.053Z","lane":"plant2","event":"done","step":"cat-1","code":0,"ms":122}
{"ts":"2026-06-27T22:59:06.054Z","lane":"plant2","event":"start","step":"cat-2","bin":"node","args":["/Volumes/EOS_DIGITAL/KiriPedia/botnet/workers/cataloger-editor.mjs","--worker","cataloger-2","--batch","1"]}
{"ts":"2026-06-27T22:59:06.168Z","lane":"plant2","event":"done","step":"cat-2","code":0,"ms":109}
{"ts":"2026-06-27T22:59:42.448Z","lane":"rt-snapshot","event":"start","step":null,"bin":"node","args":["/Volumes/EOS_DIGITAL/KiriPedia/botnet/lib/research-team-snapshot.mjs"]}
{"ts":"2026-06-27T22:59:42.848Z","lane":"rt-snapshot","event":"done","step":null,"code":0,"ms":393}
{"ts":"2026-06-27T23:00:16.195Z","lane":"indexer","event":"start","step":null,"bin":"node","args":["/Volumes/EOS_DIGITAL/KiriPedia/botnet/workers/indexer.mjs"]}
{"ts":"2026-06-27T23:00:19.878Z","lane":"indexer","event":"done","step":null,"code":0,"ms":3677}
{"ts":"2026-06-27T23:00:28.607Z","lane":"plant","event":"start","step":"scribe-1","bin":"node","args":["/Volumes/EOS_DIGITAL/KiriPedia/botnet/workers/scribe.mjs","--worker","scribe-1","--batch","1"]}
{"ts":"2026-06-27T23:00:28.744Z","lane":"plant","event":"done","step":"scribe-1","code":0,"ms":135}
{"ts":"2026-06-27T23:00:28.744Z","lane":"plant","event":"start","step":"scribe-2","bin":"node","args":["/Volumes/EOS_DIGITAL/KiriPedia/botnet/workers/scribe.mjs","--worker","scribe-2","--batch","1"]}
{"ts":"2026-06-27T23:00:28.832Z","lane":"plant","event":"done","step":"scribe-2","code":0,"ms":86}
{"ts":"2026-06-27T23:00:28.833Z","lane":"plant","event":"start","step":"scribe-3","bin":"node","args":["/Volumes/EOS_DIGITAL/KiriPedia/botnet/workers/scribe.mjs","--worker","scribe-3","--batch","1"]}
{"ts":"2026-06-27T23:00:28.930Z","lane":"plant","event":"done","step":"scribe-3","code":0,"ms":96}
{"ts":"2026-06-27T23:00:42.853Z","lane":"rt-snapshot","event":"start","step":null,"bin":"node","args":["/Volumes/EOS_DIGITAL/KiriPedia/botnet/lib/research-team-snapshot.mjs"]}
{"ts":"2026-06-27T23:00:43.207Z","lane":"rt-snapshot","event":"done","step":null,"code":0,"ms":351}
{"ts":"2026-06-27T23:00:51.161Z","lane":"plant2","event":"start","step":"cat-1","bin":"node","args":["/Volumes/EOS_DIGITAL/KiriPedia/botnet/workers/cataloger-editor.mjs","--worker","cataloger-1","--batch","1"]}
{"ts":"2026-06-27T23:00:51.321Z","lane":"plant2","event":"done","step":"cat-1","code":0,"ms":158}
{"ts":"2026-06-27T23:00:51.321Z","lane":"plant2","event":"start","step":"cat-2","bin":"node","args":["/Volumes/EOS_DIGITAL/KiriPedia/botnet/workers/cataloger-editor.mjs","--worker","cataloger-2","--batch","1"]}
{"ts":"2026-06-27T23:00:51.412Z","lane":"plant2","event":"done","step":"cat-2","code":0,"ms":89}
{"ts":"2026-06-27T23:01:43.212Z","lane":"rt-snapshot","event":"start","step":null,"bin":"node","args":["/Volumes/EOS_DIGITAL/KiriPedia/botnet/lib/research-team-snapshot.mjs"]}
{"ts":"2026-06-27T23:01:43.598Z","lane":"rt-snapshot","event":"done","step":null,"code":0,"ms":380}
{"ts":"2026-06-27T23:01:52.295Z","lane":"plant","event":"start","step":"scribe-1","bin":"node","args":["/Volumes/EOS_DIGITAL/KiriPedia/botnet/workers/scribe.mjs","--worker","scribe-1","--batch","1"]}
{"ts":"2026-06-27T23:01:52.473Z","lane":"plant","event":"done","step":"scribe-1","code":0,"ms":176}
{"ts":"2026-06-27T23:01:52.474Z","lane":"plant","event":"start","step":"scribe-2","bin":"node","args":["/Volumes/EOS_DIGITAL/KiriPedia/botnet/workers/scribe.mjs","--worker","scribe-2","--batch","1"]}
{"ts":"2026-06-27T23:01:52.568Z","lane":"plant","event":"done","step":"scribe-2","code":0,"ms":92}
{"ts":"2026-06-27T23:01:52.568Z","lane":"plant","event":"start","step":"scribe-3","bin":"node","args":["/Volumes/EOS_DIGITAL/KiriPedia/botnet/workers/scribe.mjs","--worker","scribe-3","--batch","1"]}
{"ts":"2026-06-27T23:01:52.664Z","lane":"plant","event":"done","step":"scribe-3","code":0,"ms":95}
{"ts":"2026-06-27T23:02:39.159Z","lane":"snapshot","event":"start","step":null,"bin":"node","args":["/Volumes/EOS_DIGITAL/KiriPedia/botnet/lib/snapshot-writer.mjs"]}
{"ts":"2026-06-27T23:02:39.374Z","lane":"snapshot","event":"done","step":null,"code":0,"ms":210}
{"ts":"2026-06-27T23:02:43.600Z","lane":"rt-snapshot","event":"start","step":null,"bin":"node","args":["/Volumes/EOS_DIGITAL/KiriPedia/botnet/lib/research-team-snapshot.mjs"]}
{"ts":"2026-06-27T23:02:43.871Z","lane":"rt-snapshot","event":"done","step":null,"code":0,"ms":271}
{"ts":"2026-06-27T23:02:48.296Z","lane":"reviewer","event":"start","step":null,"bin":"node","args":["/Volumes/EOS_DIGITAL/KiriPedia/botnet/workers/reviewer.mjs"]}
{"ts":"2026-06-27T23:02:48.420Z","lane":"reviewer","event":"done","step":null,"code":0,"ms":122}
{"ts":"2026-06-27T23:02:54.089Z","lane":"plant2","event":"start","step":"cat-1","bin":"node","args":["/Volumes/EOS_DIGITAL/KiriPedia/botnet/workers/cataloger-editor.mjs","--worker","cataloger-1","--batch","1"]}
{"ts":"2026-06-27T23:02:54.219Z","lane":"plant2","event":"done","step":"cat-1","code":0,"ms":128}
{"ts":"2026-06-27T23:02:54.220Z","lane":"plant2","event":"start","step":"cat-2","bin":"node","args":["/Volumes/EOS_DIGITAL/KiriPedia/botnet/workers/cataloger-editor.mjs","--worker","cataloger-2","--batch","1"]}
{"ts":"2026-06-27T23:02:54.319Z","lane":"plant2","event":"done","step":"cat-2","code":0,"ms":97}
{"ts":"2026-06-27T23:03:00.237Z","lane":"catch-import","event":"start","step":null,"bin":"node","args":["/Volumes/EOS_DIGITAL/KiriPedia/botnet/workers/catch-importer.mjs","--auto-trust"]}
{"ts":"2026-06-27T23:03:00.364Z","lane":"catch-import","event":"done","step":null,"code":0,"ms":124}
{"ts":"2026-06-27T23:03:14.675Z","lane":"sentry","event":"start","step":null,"bin":"node","args":["/Volumes/EOS_DIGITAL/KiriPedia/botnet/workers/mouth-sentry.mjs"]}
{"ts":"2026-06-27T23:03:14.869Z","lane":"sentry","event":"done","step":null,"code":0,"ms":192}
{"ts":"2026-06-27T23:03:28.072Z","lane":"diff-sentinel","event":"start","step":null,"bin":"node","args":["/Volumes/EOS_DIGITAL/KiriPedia/botnet/workers/diff-sentinel.mjs"]}
{"ts":"2026-06-27T23:03:28.455Z","lane":"plant","event":"start","step":"scribe-1","bin":"node","args":["/Volumes/EOS_DIGITAL/KiriPedia/botnet/workers/scribe.mjs","--worker","scribe-1","--batch","1"]}
{"ts":"2026-06-27T23:03:28.501Z","lane":"diff-sentinel","event":"done","step":null,"code":0,"ms":427}
{"ts":"2026-06-27T23:03:28.564Z","lane":"plant","event":"done","step":"scribe-1","code":0,"ms":108}
{"ts":"2026-06-27T23:03:28.564Z","lane":"plant","event":"start","step":"scribe-2","bin":"node","args":["/Volumes/EOS_DIGITAL/KiriPedia/botnet/workers/scribe.mjs","--worker","scribe-2","--batch","1"]}
{"ts":"2026-06-27T23:03:28.654Z","lane":"plant","event":"done","step":"scribe-2","code":0,"ms":88}
{"ts":"2026-06-27T23:03:28.654Z","lane":"plant","event":"start","step":"scribe-3","bin":"node","args":["/Volumes/EOS_DIGITAL/KiriPedia/botnet/workers/scribe.mjs","--worker","scribe-3","--batch","1"]}
{"ts":"2026-06-27T23:03:28.745Z","lane":"plant","event":"done","step":"scribe-3","code":0,"ms":89}
{"ts":"2026-06-27T23:03:43.471Z","lane":"coord","event":"start","step":null,"bin":"node","args":["/Volumes/EOS_DIGITAL/KiriPedia/botnet/workers/coordinator.mjs"]}
{"ts":"2026-06-27T23:03:43.651Z","lane":"coord","event":"done","step":null,"code":0,"ms":178}
{"ts":"2026-06-27T23:03:43.873Z","lane":"rt-snapshot","event":"start","step":null,"bin":"node","args":["/Volumes/EOS_DIGITAL/KiriPedia/botnet/lib/research-team-snapshot.mjs"]}
{"ts":"2026-06-27T23:03:44.127Z","lane":"rt-snapshot","event":"done","step":null,"code":0,"ms":253}
{"ts":"2026-06-27T23:04:11.950Z","lane":"office","event":"start","step":null,"bin":"node","args":["/Volumes/EOS_DIGITAL/KiriPedia/botnet/workers/office-manager.mjs"]}
{"ts":"2026-06-27T23:04:17.758Z","lane":"mos-enforcer","event":"start","step":null,"bin":"node","args":["/Volumes/EOS_DIGITAL/KiriPedia/botnet/workers/mos-enforcer.mjs"]}
{"ts":"2026-06-27T23:04:19.314Z","lane":"mos-enforcer","event":"done","step":null,"code":0,"ms":1555}
{"ts":"2026-06-27T23:04:20.857Z","lane":"office","event":"done","step":null,"code":0,"ms":8905}
{"ts":"2026-06-27T23:04:42.360Z","lane":"splitter","event":"start","step":null,"bin":"node","args":["/Volumes/EOS_DIGITAL/KiriPedia/botnet/workers/first-third-splitter.mjs","--batch","30"]}
{"ts":"2026-06-27T23:04:42.538Z","lane":"splitter","event":"done","step":null,"code":0,"ms":176}
{"ts":"2026-06-27T23:04:44.129Z","lane":"rt-snapshot","event":"start","step":null,"bin":"node","args":["/Volumes/EOS_DIGITAL/KiriPedia/botnet/lib/research-team-snapshot.mjs"]}
{"ts":"2026-06-27T23:04:44.375Z","lane":"rt-snapshot","event":"done","step":null,"code":0,"ms":245}
{"ts":"2026-06-27T23:04:59.350Z","lane":"plant2","event":"start","step":"cat-1","bin":"node","args":["/Volumes/EOS_DIGITAL/KiriPedia/botnet/workers/cataloger-editor.mjs","--worker","cataloger-1","--batch","1"]}
{"ts":"2026-06-27T23:04:59.550Z","lane":"plant2","event":"done","step":"cat-1","code":0,"ms":197}
{"ts":"2026-06-27T23:04:59.551Z","lane":"plant2","event":"start","step":"cat-2","bin":"node","args":["/Volumes/EOS_DIGITAL/KiriPedia/botnet/workers/cataloger-editor.mjs","--worker","cataloger-2","--batch","1"]}
{"ts":"2026-06-27T23:04:59.647Z","lane":"plant2","event":"done","step":"cat-2","code":0,"ms":94}
{"ts":"2026-06-27T23:05:07.238Z","lane":"plant","event":"start","step":"scribe-1","bin":"node","args":["/Volumes/EOS_DIGITAL/KiriPedia/botnet/workers/scribe.mjs","--worker","scribe-1","--batch","1"]}
{"ts":"2026-06-27T23:05:07.567Z","lane":"plant","event":"done","step":"scribe-1","code":0,"ms":326}
{"ts":"2026-06-27T23:05:07.568Z","lane":"plant","event":"start","step":"scribe-2","bin":"node","args":["/Volumes/EOS_DIGITAL/KiriPedia/botnet/workers/scribe.mjs","--worker","scribe-2","--batch","1"]}
{"ts":"2026-06-27T23:05:07.966Z","lane":"plant","event":"done","step":"scribe-2","code":0,"ms":268}
{"ts":"2026-06-27T23:05:07.967Z","lane":"plant","event":"start","step":"scribe-3","bin":"node","args":["/Volumes/EOS_DIGITAL/KiriPedia/botnet/workers/scribe.mjs","--worker","scribe-3","--batch","1"]}
{"ts":"2026-06-27T23:05:08.501Z","lane":"plant","event":"done","step":"scribe-3","code":0,"ms":400}
{"ts":"2026-06-27T23:05:22.870Z","lane":"prospect","event":"start","step":null,"bin":"node","args":["/Volumes/EOS_DIGITAL/KiriPedia/botnet/workers/prospector.mjs","--batch","2"]}
{"ts":"2026-06-27T23:05:26.697Z","lane":"shape-auditor","event":"start","step":null,"bin":"node","args":["/Volumes/EOS_DIGITAL/KiriPedia/botnet/workers/shape-auditor.mjs","--threshold","5"]}
{"ts":"2026-06-27T23:05:26.815Z","lane":"shape-auditor","event":"done","step":null,"code":0,"ms":117}
{"ts":"2026-06-27T23:05:35.395Z","lane":"triage-patroller","event":"start","step":null,"bin":"node","args":["/Volumes/EOS_DIGITAL/KiriPedia/botnet/workers/triage-patroller.mjs","--per-role","25"]}
{"ts":"2026-06-27T23:05:37.833Z","lane":"triage-patroller","event":"done","step":null,"code":0,"ms":2435}
{"ts":"2026-06-27T23:05:40.121Z","lane":"discretion","event":"start","step":null,"bin":"node","args":["/Volumes/EOS_DIGITAL/KiriPedia/botnet/workers/discretion-warden.mjs","--batch","20"]}
{"ts":"2026-06-27T23:05:40.229Z","lane":"discretion","event":"done","step":null,"code":0,"ms":107}
{"ts":"2026-06-27T23:05:40.313Z","lane":"prospect","event":"done","step":null,"code":0,"ms":17441}
{"ts":"2026-06-27T23:05:44.378Z","lane":"rt-snapshot","event":"start","step":null,"bin":"node","args":["/Volumes/EOS_DIGITAL/KiriPedia/botnet/lib/research-team-snapshot.mjs"]}
{"ts":"2026-06-27T23:05:44.653Z","lane":"rt-snapshot","event":"done","step":null,"code":0,"ms":273}
{"ts":"2026-06-27T23:06:23.612Z","lane":"plant","event":"start","step":"scribe-1","bin":"node","args":["/Volumes/EOS_DIGITAL/KiriPedia/botnet/workers/scribe.mjs","--worker","scribe-1","--batch","1"]}
{"ts":"2026-06-27T23:06:23.845Z","lane":"plant","event":"done","step":"scribe-1","code":0,"ms":228}
{"ts":"2026-06-27T23:06:23.849Z","lane":"plant","event":"start","step":"scribe-2","bin":"node","args":["/Volumes/EOS_DIGITAL/KiriPedia/botnet/workers/scribe.mjs","--worker","scribe-2","--batch","1"]}
{"ts":"2026-06-27T23:06:23.963Z","lane":"plant","event":"done","step":"scribe-2","code":0,"ms":113}
{"ts":"2026-06-27T23:06:23.963Z","lane":"plant","event":"start","step":"scribe-3","bin":"node","args":["/Volumes/EOS_DIGITAL/KiriPedia/botnet/workers/scribe.mjs","--worker","scribe-3","--batch","1"]}
{"ts":"2026-06-27T23:06:24.102Z","lane":"plant","event":"done","step":"scribe-3","code":0,"ms":95}
{"ts":"2026-06-27T23:06:44.661Z","lane":"rt-snapshot","event":"start","step":null,"bin":"node","args":["/Volumes/EOS_DIGITAL/KiriPedia/botnet/lib/research-team-snapshot.mjs"]}
{"ts":"2026-06-27T23:06:45.130Z","lane":"rt-snapshot","event":"done","step":null,"code":0,"ms":466}
{"ts":"2026-06-27T23:07:17.451Z","lane":"plant2","event":"start","step":"cat-1","bin":"node","args":["/Volumes/EOS_DIGITAL/KiriPedia/botnet/workers/cataloger-editor.mjs","--worker","cataloger-1","--batch","1"]}
{"ts":"2026-06-27T23:07:17.666Z","lane":"plant2","event":"done","step":"cat-1","code":0,"ms":210}
{"ts":"2026-06-27T23:07:17.669Z","lane":"plant2","event":"start","step":"cat-2","bin":"node","args":["/Volumes/EOS_DIGITAL/KiriPedia/botnet/workers/cataloger-editor.mjs","--worker","cataloger-2","--batch","1"]}
{"ts":"2026-06-27T23:07:17.781Z","lane":"plant2","event":"done","step":"cat-2","code":0,"ms":100}
{"ts":"2026-06-27T23:07:17.989Z","lane":"triage","event":"start","step":null,"bin":"node","args":["/Volumes/EOS_DIGITAL/KiriPedia/botnet/workers/npp.mjs"]}
{"ts":"2026-06-27T23:07:18.105Z","lane":"triage","event":"done","step":null,"code":0,"ms":116}
{"ts":"2026-06-27T23:07:23.251Z","lane":"reviewer","event":"start","step":null,"bin":"node","args":["/Volumes/EOS_DIGITAL/KiriPedia/botnet/workers/reviewer.mjs"]}
{"ts":"2026-06-27T23:07:23.360Z","lane":"reviewer","event":"done","step":null,"code":0,"ms":108}
{"ts":"2026-06-27T23:07:39.384Z","lane":"snapshot","event":"start","step":null,"bin":"node","args":["/Volumes/EOS_DIGITAL/KiriPedia/botnet/lib/snapshot-writer.mjs"]}
{"ts":"2026-06-27T23:07:39.587Z","lane":"snapshot","event":"done","step":null,"code":0,"ms":201}
{"ts":"2026-06-27T23:07:45.133Z","lane":"rt-snapshot","event":"start","step":null,"bin":"node","args":["/Volumes/EOS_DIGITAL/KiriPedia/botnet/lib/research-team-snapshot.mjs"]}
{"ts":"2026-06-27T23:07:45.435Z","lane":"rt-snapshot","event":"done","step":null,"code":0,"ms":302}
{"ts":"2026-06-27T23:08:07.294Z","lane":"plant","event":"start","step":"scribe-1","bin":"node","args":["/Volumes/EOS_DIGITAL/KiriPedia/botnet/workers/scribe.mjs","--worker","scribe-1","--batch","1"]}
{"ts":"2026-06-27T23:08:07.466Z","lane":"plant","event":"done","step":"scribe-1","code":0,"ms":170}
{"ts":"2026-06-27T23:08:07.466Z","lane":"plant","event":"start","step":"scribe-2","bin":"node","args":["/Volumes/EOS_DIGITAL/KiriPedia/botnet/workers/scribe.mjs","--worker","scribe-2","--batch","1"]}
{"ts":"2026-06-27T23:08:07.562Z","lane":"plant","event":"done","step":"scribe-2","code":0,"ms":92}
{"ts":"2026-06-27T23:08:07.563Z","lane":"plant","event":"start","step":"scribe-3","bin":"node","args":["/Volumes/EOS_DIGITAL/KiriPedia/botnet/workers/scribe.mjs","--worker","scribe-3","--batch","1"]}
{"ts":"2026-06-27T23:08:07.655Z","lane":"plant","event":"done","step":"scribe-3","code":0,"ms":91}
{"ts":"2026-06-27T23:08:45.441Z","lane":"rt-snapshot","event":"start","step":null,"bin":"node","args":["/Volumes/EOS_DIGITAL/KiriPedia/botnet/lib/research-team-snapshot.mjs"]}
{"ts":"2026-06-27T23:08:47.386Z","lane":"rt-snapshot","event":"done","step":null,"code":0,"ms":1938}
{"ts":"2026-06-27T23:09:22.717Z","lane":"plant","event":"start","step":"scribe-1","bin":"node","args":["/Volumes/EOS_DIGITAL/KiriPedia/botnet/workers/scribe.mjs","--worker","scribe-1","--batch","1"]}
{"ts":"2026-06-27T23:09:22.908Z","lane":"plant","event":"done","step":"scribe-1","code":0,"ms":185}
{"ts":"2026-06-27T23:09:22.908Z","lane":"plant","event":"start","step":"scribe-2","bin":"node","args":["/Volumes/EOS_DIGITAL/KiriPedia/botnet/workers/scribe.mjs","--worker","scribe-2","--batch","1"]}
{"ts":"2026-06-27T23:09:22.999Z","lane":"plant","event":"done","step":"scribe-2","code":0,"ms":89}
{"ts":"2026-06-27T23:09:22.999Z","lane":"plant","event":"start","step":"scribe-3","bin":"node","args":["/Volumes/EOS_DIGITAL/KiriPedia/botnet/workers/scribe.mjs","--worker","scribe-3","--batch","1"]}
{"ts":"2026-06-27T23:09:23.091Z","lane":"plant","event":"done","step":"scribe-3","code":0,"ms":90}
{"ts":"2026-06-27T23:09:28.487Z","lane":"plant2","event":"start","step":"cat-1","bin":"node","args":["/Volumes/EOS_DIGITAL/KiriPedia/botnet/workers/cataloger-editor.mjs","--worker","cataloger-1","--batch","1"]}
{"ts":"2026-06-27T23:09:28.617Z","lane":"plant2","event":"done","step":"cat-1","code":0,"ms":128}
{"ts":"2026-06-27T23:09:28.618Z","lane":"plant2","event":"start","step":"cat-2","bin":"node","args":["/Volumes/EOS_DIGITAL/KiriPedia/botnet/workers/cataloger-editor.mjs","--worker","cataloger-2","--batch","1"]}
{"ts":"2026-06-27T23:09:28.712Z","lane":"plant2","event":"done","step":"cat-2","code":0,"ms":93}
{"ts":"2026-06-27T23:09:47.183Z","lane":"re-reader","event":"start","step":null,"bin":"node","args":["/Volumes/EOS_DIGITAL/KiriPedia/botnet/workers/re-reader.mjs","--worker","re-reader-1","--batch","2"]}
{"ts":"2026-06-27T23:09:47.372Z","lane":"rt-snapshot","event":"start","step":null,"bin":"node","args":["/Volumes/EOS_DIGITAL/KiriPedia/botnet/lib/research-team-snapshot.mjs"]}
{"ts":"2026-06-27T23:09:47.631Z","lane":"rt-snapshot","event":"done","step":null,"code":0,"ms":255}
{"ts":"2026-06-27T23:10:25.695Z","lane":"weaver2","event":"start","step":null,"bin":"node","args":["/Volumes/EOS_DIGITAL/KiriPedia/botnet/workers/reweaver.mjs","--batch","3"]}
{"ts":"2026-06-27T23:10:35.623Z","lane":"weaver2","event":"done","step":null,"code":0,"ms":9923}
{"ts":"2026-06-27T23:10:39.035Z","lane":"re-reader","event":"done","step":null,"code":0,"ms":51850}
{"ts":"2026-06-27T23:10:47.633Z","lane":"rt-snapshot","event":"start","step":null,"bin":"node","args":["/Volumes/EOS_DIGITAL/KiriPedia/botnet/lib/research-team-snapshot.mjs"]}
{"ts":"2026-06-27T23:10:47.902Z","lane":"rt-snapshot","event":"done","step":null,"code":0,"ms":267}
{"ts":"2026-06-27T23:10:56.024Z","lane":"plant","event":"start","step":"scribe-1","bin":"node","args":["/Volumes/EOS_DIGITAL/KiriPedia/botnet/workers/scribe.mjs","--worker","scribe-1","--batch","1"]}
{"ts":"2026-06-27T23:10:56.166Z","lane":"plant","event":"done","step":"scribe-1","code":0,"ms":141}
{"ts":"2026-06-27T23:10:56.168Z","lane":"plant","event":"start","step":"scribe-2","bin":"node","args":["/Volumes/EOS_DIGITAL/KiriPedia/botnet/workers/scribe.mjs","--worker","scribe-2","--batch","1"]}
{"ts":"2026-06-27T23:10:56.273Z","lane":"plant","event":"done","step":"scribe-2","code":0,"ms":103}
{"ts":"2026-06-27T23:10:56.273Z","lane":"plant","event":"start","step":"scribe-3","bin":"node","args":["/Volumes/EOS_DIGITAL/KiriPedia/botnet/workers/scribe.mjs","--worker","scribe-3","--batch","1"]}
{"ts":"2026-06-27T23:10:56.372Z","lane":"plant","event":"done","step":"scribe-3","code":0,"ms":98}
{"ts":"2026-06-27T23:11:09.596Z","lane":"plant2","event":"start","step":"cat-1","bin":"node","args":["/Volumes/EOS_DIGITAL/KiriPedia/botnet/workers/cataloger-editor.mjs","--worker","cataloger-1","--batch","1"]}
{"ts":"2026-06-27T23:11:09.797Z","lane":"plant2","event":"done","step":"cat-1","code":0,"ms":198}
{"ts":"2026-06-27T23:11:09.797Z","lane":"plant2","event":"start","step":"cat-2","bin":"node","args":["/Volumes/EOS_DIGITAL/KiriPedia/botnet/workers/cataloger-editor.mjs","--worker","cataloger-2","--batch","1"]}
{"ts":"2026-06-27T23:11:09.895Z","lane":"plant2","event":"done","step":"cat-2","code":0,"ms":94}
{"ts":"2026-06-27T23:11:36.560Z","lane":"splitter","event":"start","step":null,"bin":"node","args":["/Volumes/EOS_DIGITAL/KiriPedia/botnet/workers/first-third-splitter.mjs","--batch","30"]}
{"ts":"2026-06-27T23:11:36.736Z","lane":"splitter","event":"done","step":null,"code":0,"ms":174}
{"ts":"2026-06-27T23:11:47.906Z","lane":"rt-snapshot","event":"start","step":null,"bin":"node","args":["/Volumes/EOS_DIGITAL/KiriPedia/botnet/lib/research-team-snapshot.mjs"]}
{"ts":"2026-06-27T23:11:48.273Z","lane":"rt-snapshot","event":"done","step":null,"code":0,"ms":364}
{"ts":"2026-06-27T23:12:16.476Z","lane":"plant","event":"start","step":"scribe-1","bin":"node","args":["/Volumes/EOS_DIGITAL/KiriPedia/botnet/workers/scribe.mjs","--worker","scribe-1","--batch","1"]}
{"ts":"2026-06-27T23:12:16.654Z","lane":"plant","event":"done","step":"scribe-1","code":0,"ms":175}
{"ts":"2026-06-27T23:12:16.655Z","lane":"plant","event":"start","step":"scribe-2","bin":"node","args":["/Volumes/EOS_DIGITAL/KiriPedia/botnet/workers/scribe.mjs","--worker","scribe-2","--batch","1"]}
{"ts":"2026-06-27T23:12:16.749Z","lane":"plant","event":"done","step":"scribe-2","code":0,"ms":93}
{"ts":"2026-06-27T23:12:16.749Z","lane":"plant","event":"start","step":"scribe-3","bin":"node","args":["/Volumes/EOS_DIGITAL/KiriPedia/botnet/workers/scribe.mjs","--worker","scribe-3","--batch","1"]}
{"ts":"2026-06-27T23:12:16.845Z","lane":"plant","event":"done","step":"scribe-3","code":0,"ms":94}
{"ts":"2026-06-27T23:12:29.446Z","lane":"discretion","event":"start","step":null,"bin":"node","args":["/Volumes/EOS_DIGITAL/KiriPedia/botnet/workers/discretion-warden.mjs","--batch","20"]}
{"ts":"2026-06-27T23:12:29.620Z","lane":"discretion","event":"done","step":null,"code":0,"ms":171}
{"ts":"2026-06-27T23:12:39.578Z","lane":"snapshot","event":"start","step":null,"bin":"node","args":["/Volumes/EOS_DIGITAL/KiriPedia/botnet/lib/snapshot-writer.mjs"]}
{"ts":"2026-06-27T23:12:39.758Z","lane":"snapshot","event":"done","step":null,"code":0,"ms":178}
{"ts":"2026-06-27T23:12:43.059Z","lane":"reviewer","event":"start","step":null,"bin":"node","args":["/Volumes/EOS_DIGITAL/KiriPedia/botnet/workers/reviewer.mjs"]}
{"ts":"2026-06-27T23:12:43.488Z","lane":"reviewer","event":"done","step":null,"code":0,"ms":429}
{"ts":"2026-06-27T23:12:45.969Z","lane":"catch-import","event":"start","step":null,"bin":"node","args":["/Volumes/EOS_DIGITAL/KiriPedia/botnet/workers/catch-importer.mjs","--auto-trust"]}
{"ts":"2026-06-27T23:12:47.058Z","lane":"catch-import","event":"done","step":null,"code":0,"ms":1089}
{"ts":"2026-06-27T23:12:48.275Z","lane":"rt-snapshot","event":"start","step":null,"bin":"node","args":["/Volumes/EOS_DIGITAL/KiriPedia/botnet/lib/research-team-snapshot.mjs"]}
{"ts":"2026-06-27T23:12:49.382Z","lane":"rt-snapshot","event":"done","step":null,"code":0,"ms":386}
{"ts":"2026-06-27T23:13:16.202Z","lane":"plant2","event":"start","step":"cat-1","bin":"node","args":["/Volumes/EOS_DIGITAL/KiriPedia/botnet/workers/cataloger-editor.mjs","--worker","cataloger-1","--batch","1"]}
{"ts":"2026-06-27T23:13:16.413Z","lane":"plant2","event":"done","step":"cat-1","code":0,"ms":208}
{"ts":"2026-06-27T23:13:16.414Z","lane":"plant2","event":"start","step":"cat-2","bin":"node","args":["/Volumes/EOS_DIGITAL/KiriPedia/botnet/workers/cataloger-editor.mjs","--worker","cataloger-2","--batch","1"]}
{"ts":"2026-06-27T23:13:16.525Z","lane":"plant2","event":"done","step":"cat-2","code":0,"ms":102}
{"ts":"2026-06-27T23:13:19.943Z","lane":"mining","event":"start","step":"deepener","bin":"node","args":["/Volumes/EOS_DIGITAL/KiriPedia/botnet/workers/deepener.mjs","--batch","5"]}
{"ts":"2026-06-27T23:13:49.386Z","lane":"rt-snapshot","event":"start","step":null,"bin":"node","args":["/Volumes/EOS_DIGITAL/KiriPedia/botnet/lib/research-team-snapshot.mjs"]}
{"ts":"2026-06-27T23:13:49.698Z","lane":"rt-snapshot","event":"done","step":null,"code":0,"ms":310}
{"ts":"2026-06-27T23:13:59.445Z","lane":"plant","event":"start","step":"scribe-1","bin":"node","args":["/Volumes/EOS_DIGITAL/KiriPedia/botnet/workers/scribe.mjs","--worker","scribe-1","--batch","1"]}
{"ts":"2026-06-27T23:13:59.574Z","lane":"plant","event":"done","step":"scribe-1","code":0,"ms":127}
{"ts":"2026-06-27T23:13:59.574Z","lane":"plant","event":"start","step":"scribe-2","bin":"node","args":["/Volumes/EOS_DIGITAL/KiriPedia/botnet/workers/scribe.mjs","--worker","scribe-2","--batch","1"]}
{"ts":"2026-06-27T23:13:59.663Z","lane":"plant","event":"done","step":"scribe-2","code":0,"ms":88}
{"ts":"2026-06-27T23:13:59.664Z","lane":"plant","event":"start","step":"scribe-3","bin":"node","args":["/Volumes/EOS_DIGITAL/KiriPedia/botnet/workers/scribe.mjs","--worker","scribe-3","--batch","1"]}
{"ts":"2026-06-27T23:13:59.756Z","lane":"plant","event":"done","step":"scribe-3","code":0,"ms":91}
{"ts":"2026-06-27T23:14:04.905Z","lane":"office","event":"start","step":null,"bin":"node","args":["/Volumes/EOS_DIGITAL/KiriPedia/botnet/workers/office-manager.mjs"]}
{"ts":"2026-06-27T23:14:13.792Z","lane":"office","event":"done","step":null,"code":0,"ms":8885}
{"ts":"2026-06-27T23:14:15.456Z","lane":"mining","event":"done","step":"deepener","code":0,"ms":55512}
{"ts":"2026-06-27T23:14:15.456Z","lane":"mining","event":"start","step":"enricher","bin":"node","args":["/Volumes/EOS_DIGITAL/KiriPedia/botnet/workers/enricher.mjs","--batch","5"]}
{"ts":"2026-06-27T23:14:46.529Z","lane":"mining","event":"done","step":"enricher","code":0,"ms":31072}
{"ts":"2026-06-27T23:14:46.531Z","lane":"mining","event":"start","step":"weaver","bin":"node","args":["/Volumes/EOS_DIGITAL/KiriPedia/botnet/workers/weaver.mjs","--batch","5"]}
{"ts":"2026-06-27T23:14:49.703Z","lane":"rt-snapshot","event":"start","step":null,"bin":"node","args":["/Volumes/EOS_DIGITAL/KiriPedia/botnet/lib/research-team-snapshot.mjs"]}
{"ts":"2026-06-27T23:14:49.881Z","lane":"rt-snapshot","event":"done","step":null,"code":0,"ms":177}
{"ts":"2026-06-27T23:14:50.906Z","lane":"mining","event":"done","step":"weaver","code":0,"ms":4373}
{"ts":"2026-06-27T23:15:15.489Z","lane":"plant2","event":"start","step":"cat-1","bin":"node","args":["/Volumes/EOS_DIGITAL/KiriPedia/botnet/workers/cataloger-editor.mjs","--worker","cataloger-1","--batch","1"]}
{"ts":"2026-06-27T23:15:15.676Z","lane":"plant2","event":"done","step":"cat-1","code":0,"ms":185}
{"ts":"2026-06-27T23:15:15.676Z","lane":"plant2","event":"start","step":"cat-2","bin":"node","args":["/Volumes/EOS_DIGITAL/KiriPedia/botnet/workers/cataloger-editor.mjs","--worker","cataloger-2","--batch","1"]}
{"ts":"2026-06-27T23:15:15.790Z","lane":"plant2","event":"done","step":"cat-2","code":0,"ms":112}
{"ts":"2026-06-27T23:15:29.014Z","lane":"plant","event":"start","step":"scribe-1","bin":"node","args":["/Volumes/EOS_DIGITAL/KiriPedia/botnet/workers/scribe.mjs","--worker","scribe-1","--batch","1"]}
{"ts":"2026-06-27T23:15:29.194Z","lane":"plant","event":"done","step":"scribe-1","code":0,"ms":178}
{"ts":"2026-06-27T23:15:29.194Z","lane":"plant","event":"start","step":"scribe-2","bin":"node","args":["/Volumes/EOS_DIGITAL/KiriPedia/botnet/workers/scribe.mjs","--worker","scribe-2","--batch","1"]}
{"ts":"2026-06-27T23:15:29.294Z","lane":"plant","event":"done","step":"scribe-2","code":0,"ms":99}
{"ts":"2026-06-27T23:15:29.294Z","lane":"plant","event":"start","step":"scribe-3","bin":"node","args":["/Volumes/EOS_DIGITAL/KiriPedia/botnet/workers/scribe.mjs","--worker","scribe-3","--batch","1"]}
{"ts":"2026-06-27T23:15:29.390Z","lane":"plant","event":"done","step":"scribe-3","code":0,"ms":94}
{"ts":"2026-06-27T23:15:49.885Z","lane":"rt-snapshot","event":"start","step":null,"bin":"node","args":["/Volumes/EOS_DIGITAL/KiriPedia/botnet/lib/research-team-snapshot.mjs"]}
{"ts":"2026-06-27T23:15:50.247Z","lane":"rt-snapshot","event":"done","step":null,"code":0,"ms":360}
{"ts":"2026-06-27T23:15:55.763Z","lane":"triage-patroller","event":"start","step":null,"bin":"node","args":["/Volumes/EOS_DIGITAL/KiriPedia/botnet/workers/triage-patroller.mjs","--per-role","25"]}
{"ts":"2026-06-27T23:15:58.941Z","lane":"triage-patroller","event":"done","step":null,"code":0,"ms":3177}
{"ts":"2026-06-27T23:16:22.556Z","lane":"triage","event":"start","step":null,"bin":"node","args":["/Volumes/EOS_DIGITAL/KiriPedia/botnet/workers/npp.mjs"]}
{"ts":"2026-06-27T23:16:22.764Z","lane":"triage","event":"done","step":null,"code":0,"ms":205}
{"ts":"2026-06-27T23:16:50.252Z","lane":"rt-snapshot","event":"start","step":null,"bin":"node","args":["/Volumes/EOS_DIGITAL/KiriPedia/botnet/lib/research-team-snapshot.mjs"]}
{"ts":"2026-06-27T23:16:50.616Z","lane":"rt-snapshot","event":"done","step":null,"code":0,"ms":361}
{"ts":"2026-06-27T23:16:53.706Z","lane":"plant","event":"start","step":"scribe-1","bin":"node","args":["/Volumes/EOS_DIGITAL/KiriPedia/botnet/workers/scribe.mjs","--worker","scribe-1","--batch","1"]}
{"ts":"2026-06-27T23:16:53.818Z","lane":"plant","event":"done","step":"scribe-1","code":0,"ms":111}
{"ts":"2026-06-27T23:16:53.818Z","lane":"plant","event":"start","step":"scribe-2","bin":"node","args":["/Volumes/EOS_DIGITAL/KiriPedia/botnet/workers/scribe.mjs","--worker","scribe-2","--batch","1"]}
{"ts":"2026-06-27T23:16:53.913Z","lane":"plant","event":"done","step":"scribe-2","code":0,"ms":92}
{"ts":"2026-06-27T23:16:53.913Z","lane":"plant","event":"start","step":"scribe-3","bin":"node","args":["/Volumes/EOS_DIGITAL/KiriPedia/botnet/workers/scribe.mjs","--worker","scribe-3","--batch","1"]}
{"ts":"2026-06-27T23:16:54.017Z","lane":"plant","event":"done","step":"scribe-3","code":0,"ms":102}
{"ts":"2026-06-27T23:16:58.011Z","lane":"plant2","event":"start","step":"cat-1","bin":"node","args":["/Volumes/EOS_DIGITAL/KiriPedia/botnet/workers/cataloger-editor.mjs","--worker","cataloger-1","--batch","1"]}
{"ts":"2026-06-27T23:16:58.124Z","lane":"plant2","event":"done","step":"cat-1","code":0,"ms":110}
{"ts":"2026-06-27T23:16:58.124Z","lane":"plant2","event":"start","step":"cat-2","bin":"node","args":["/Volumes/EOS_DIGITAL/KiriPedia/botnet/workers/cataloger-editor.mjs","--worker","cataloger-2","--batch","1"]}
{"ts":"2026-06-27T23:16:58.215Z","lane":"plant2","event":"done","step":"cat-2","code":0,"ms":90}
{"ts":"2026-06-27T23:17:39.766Z","lane":"snapshot","event":"start","step":null,"bin":"node","args":["/Volumes/EOS_DIGITAL/KiriPedia/botnet/lib/snapshot-writer.mjs"]}
{"ts":"2026-06-27T23:17:40.026Z","lane":"snapshot","event":"done","step":null,"code":0,"ms":255}
{"ts":"2026-06-27T23:17:45.193Z","lane":"reviewer","event":"start","step":null,"bin":"node","args":["/Volumes/EOS_DIGITAL/KiriPedia/botnet/workers/reviewer.mjs"]}
{"ts":"2026-06-27T23:17:45.302Z","lane":"reviewer","event":"done","step":null,"code":0,"ms":109}
{"ts":"2026-06-27T23:17:50.618Z","lane":"rt-snapshot","event":"start","step":null,"bin":"node","args":["/Volumes/EOS_DIGITAL/KiriPedia/botnet/lib/research-team-snapshot.mjs"]}
{"ts":"2026-06-27T23:17:50.888Z","lane":"rt-snapshot","event":"done","step":null,"code":0,"ms":267}
{"ts":"2026-06-27T23:18:24.817Z","lane":"plant","event":"start","step":"scribe-1","bin":"node","args":["/Volumes/EOS_DIGITAL/KiriPedia/botnet/workers/scribe.mjs","--worker","scribe-1","--batch","1"]}
{"ts":"2026-06-27T23:18:25.027Z","lane":"plant","event":"done","step":"scribe-1","code":0,"ms":205}
{"ts":"2026-06-27T23:18:25.027Z","lane":"plant","event":"start","step":"scribe-2","bin":"node","args":["/Volumes/EOS_DIGITAL/KiriPedia/botnet/workers/scribe.mjs","--worker","scribe-2","--batch","1"]}
{"ts":"2026-06-27T23:18:25.120Z","lane":"plant","event":"done","step":"scribe-2","code":0,"ms":91}
{"ts":"2026-06-27T23:18:25.120Z","lane":"plant","event":"start","step":"scribe-3","bin":"node","args":["/Volumes/EOS_DIGITAL/KiriPedia/botnet/workers/scribe.mjs","--worker","scribe-3","--batch","1"]}
{"ts":"2026-06-27T23:18:25.214Z","lane":"plant","event":"done","step":"scribe-3","code":0,"ms":92}
{"ts":"2026-06-27T23:18:43.524Z","lane":"coord","event":"start","step":null,"bin":"node","args":["/Volumes/EOS_DIGITAL/KiriPedia/botnet/workers/coordinator.mjs"]}
{"ts":"2026-06-27T23:18:43.697Z","lane":"coord","event":"done","step":null,"code":0,"ms":171}
{"ts":"2026-06-27T23:18:45.770Z","lane":"splitter","event":"start","step":null,"bin":"node","args":["/Volumes/EOS_DIGITAL/KiriPedia/botnet/workers/first-third-splitter.mjs","--batch","30"]}
{"ts":"2026-06-27T23:18:45.871Z","lane":"splitter","event":"done","step":null,"code":0,"ms":99}
{"ts":"2026-06-27T23:18:50.890Z","lane":"rt-snapshot","event":"start","step":null,"bin":"node","args":["/Volumes/EOS_DIGITAL/KiriPedia/botnet/lib/research-team-snapshot.mjs"]}
{"ts":"2026-06-27T23:18:51.132Z","lane":"rt-snapshot","event":"done","step":null,"code":0,"ms":242}
{"ts":"2026-06-27T23:19:03.472Z","lane":"discretion","event":"start","step":null,"bin":"node","args":["/Volumes/EOS_DIGITAL/KiriPedia/botnet/workers/discretion-warden.mjs","--batch","20"]}
{"ts":"2026-06-27T23:19:03.658Z","lane":"discretion","event":"done","step":null,"code":0,"ms":184}
{"ts":"2026-06-27T23:19:17.674Z","lane":"plant2","event":"start","step":"cat-1","bin":"node","args":["/Volumes/EOS_DIGITAL/KiriPedia/botnet/workers/cataloger-editor.mjs","--worker","cataloger-1","--batch","1"]}
{"ts":"2026-06-27T23:19:17.880Z","lane":"plant2","event":"done","step":"cat-1","code":0,"ms":203}
{"ts":"2026-06-27T23:19:17.880Z","lane":"plant2","event":"start","step":"cat-2","bin":"node","args":["/Volumes/EOS_DIGITAL/KiriPedia/botnet/workers/cataloger-editor.mjs","--worker","cataloger-2","--batch","1"]}
{"ts":"2026-06-27T23:19:17.969Z","lane":"plant2","event":"done","step":"cat-2","code":0,"ms":88}
{"ts":"2026-06-27T23:19:51.138Z","lane":"rt-snapshot","event":"start","step":null,"bin":"node","args":["/Volumes/EOS_DIGITAL/KiriPedia/botnet/lib/research-team-snapshot.mjs"]}
{"ts":"2026-06-27T23:19:51.560Z","lane":"rt-snapshot","event":"done","step":null,"code":0,"ms":417}
{"ts":"2026-06-27T23:20:07.285Z","lane":"plant","event":"start","step":"scribe-1","bin":"node","args":["/Volumes/EOS_DIGITAL/KiriPedia/botnet/workers/scribe.mjs","--worker","scribe-1","--batch","1"]}
{"ts":"2026-06-27T23:20:07.656Z","lane":"plant","event":"done","step":"scribe-1","code":0,"ms":368}
{"ts":"2026-06-27T23:20:07.656Z","lane":"plant","event":"start","step":"scribe-2","bin":"node","args":["/Volumes/EOS_DIGITAL/KiriPedia/botnet/workers/scribe.mjs","--worker","scribe-2","--batch","1"]}
{"ts":"2026-06-27T23:20:08.064Z","lane":"plant","event":"done","step":"scribe-2","code":0,"ms":271}
{"ts":"2026-06-27T23:20:08.065Z","lane":"plant","event":"start","step":"scribe-3","bin":"node","args":["/Volumes/EOS_DIGITAL/KiriPedia/botnet/workers/scribe.mjs","--worker","scribe-3","--batch","1"]}
{"ts":"2026-06-27T23:20:08.463Z","lane":"plant","event":"done","step":"scribe-3","code":0,"ms":267}
{"ts":"2026-06-27T23:20:51.566Z","lane":"rt-snapshot","event":"start","step":null,"bin":"node","args":["/Volumes/EOS_DIGITAL/KiriPedia/botnet/lib/research-team-snapshot.mjs"]}
{"ts":"2026-06-27T23:20:52.391Z","lane":"rt-snapshot","event":"done","step":null,"code":0,"ms":687}
{"ts":"2026-06-27T23:21:24.091Z","lane":"plant2","event":"start","step":"cat-1","bin":"node","args":["/Volumes/EOS_DIGITAL/KiriPedia/botnet/workers/cataloger-editor.mjs","--worker","cataloger-1","--batch","1"]}
{"ts":"2026-06-27T23:21:24.304Z","lane":"plant2","event":"done","step":"cat-1","code":0,"ms":211}
{"ts":"2026-06-27T23:21:24.304Z","lane":"plant2","event":"start","step":"cat-2","bin":"node","args":["/Volumes/EOS_DIGITAL/KiriPedia/botnet/workers/cataloger-editor.mjs","--worker","cataloger-2","--batch","1"]}
{"ts":"2026-06-27T23:21:24.416Z","lane":"plant2","event":"done","step":"cat-2","code":0,"ms":103}
{"ts":"2026-06-27T23:21:33.161Z","lane":"plant","event":"start","step":"scribe-1","bin":"node","args":["/Volumes/EOS_DIGITAL/KiriPedia/botnet/workers/scribe.mjs","--worker","scribe-1","--batch","1"]}
{"ts":"2026-06-27T23:21:33.291Z","lane":"plant","event":"done","step":"scribe-1","code":0,"ms":128}
{"ts":"2026-06-27T23:21:33.291Z","lane":"plant","event":"start","step":"scribe-2","bin":"node","args":["/Volumes/EOS_DIGITAL/KiriPedia/botnet/workers/scribe.mjs","--worker","scribe-2","--batch","1"]}
{"ts":"2026-06-27T23:21:33.398Z","lane":"plant","event":"done","step":"scribe-2","code":0,"ms":98}
{"ts":"2026-06-27T23:21:33.398Z","lane":"plant","event":"start","step":"scribe-3","bin":"node","args":["/Volumes/EOS_DIGITAL/KiriPedia/botnet/workers/scribe.mjs","--worker","scribe-3","--batch","1"]}
{"ts":"2026-06-27T23:21:33.512Z","lane":"plant","event":"done","step":"scribe-3","code":0,"ms":105}
{"ts":"2026-06-27T23:21:52.396Z","lane":"rt-snapshot","event":"start","step":null,"bin":"node","args":["/Volumes/EOS_DIGITAL/KiriPedia/botnet/lib/research-team-snapshot.mjs"]}
{"ts":"2026-06-27T23:21:52.807Z","lane":"rt-snapshot","event":"done","step":null,"code":0,"ms":409}
{"ts":"2026-06-27T23:22:08.765Z","lane":"calendar","event":"start","step":null,"bin":"node","args":["/Volumes/EOS_DIGITAL/KiriPedia/botnet/workers/calendar-keeper.mjs"]}
{"ts":"2026-06-27T23:22:09.993Z","lane":"calendar","event":"done","step":null,"code":0,"ms":1226}
{"ts":"2026-06-27T23:22:36.747Z","lane":"reviewer","event":"start","step":null,"bin":"node","args":["/Volumes/EOS_DIGITAL/KiriPedia/botnet/workers/reviewer.mjs"]}
{"ts":"2026-06-27T23:22:36.947Z","lane":"reviewer","event":"done","step":null,"code":0,"ms":197}
{"ts":"2026-06-27T23:22:40.032Z","lane":"snapshot","event":"start","step":null,"bin":"node","args":["/Volumes/EOS_DIGITAL/KiriPedia/botnet/lib/snapshot-writer.mjs"]}
{"ts":"2026-06-27T23:22:40.203Z","lane":"snapshot","event":"done","step":null,"code":0,"ms":170}
{"ts":"2026-06-27T23:22:41.304Z","lane":"catch-import","event":"start","step":null,"bin":"node","args":["/Volumes/EOS_DIGITAL/KiriPedia/botnet/workers/catch-importer.mjs","--auto-trust"]}
{"ts":"2026-06-27T23:22:41.418Z","lane":"catch-import","event":"done","step":null,"code":0,"ms":114}
{"ts":"2026-06-27T23:22:52.811Z","lane":"rt-snapshot","event":"start","step":null,"bin":"node","args":["/Volumes/EOS_DIGITAL/KiriPedia/botnet/lib/research-team-snapshot.mjs"]}
{"ts":"2026-06-27T23:22:52.882Z","lane":"plant","event":"start","step":"scribe-1","bin":"node","args":["/Volumes/EOS_DIGITAL/KiriPedia/botnet/workers/scribe.mjs","--worker","scribe-1","--batch","1"]}
{"ts":"2026-06-27T23:22:52.999Z","lane":"plant","event":"done","step":"scribe-1","code":0,"ms":117}
{"ts":"2026-06-27T23:22:53.006Z","lane":"plant","event":"start","step":"scribe-2","bin":"node","args":["/Volumes/EOS_DIGITAL/KiriPedia/botnet/workers/scribe.mjs","--worker","scribe-2","--batch","1"]}
{"ts":"2026-06-27T23:22:53.108Z","lane":"plant","event":"done","step":"scribe-2","code":0,"ms":102}
{"ts":"2026-06-27T23:22:53.108Z","lane":"plant","event":"start","step":"scribe-3","bin":"node","args":["/Volumes/EOS_DIGITAL/KiriPedia/botnet/workers/scribe.mjs","--worker","scribe-3","--batch","1"]}
{"ts":"2026-06-27T23:22:53.160Z","lane":"rt-snapshot","event":"done","step":null,"code":0,"ms":346}
{"ts":"2026-06-27T23:22:53.216Z","lane":"plant","event":"done","step":"scribe-3","code":0,"ms":106}
{"ts":"2026-06-27T23:23:40.198Z","lane":"plant2","event":"start","step":"cat-1","bin":"node","args":["/Volumes/EOS_DIGITAL/KiriPedia/botnet/workers/cataloger-editor.mjs","--worker","cataloger-1","--batch","1"]}
{"ts":"2026-06-27T23:23:40.410Z","lane":"plant2","event":"done","step":"cat-1","code":0,"ms":207}
{"ts":"2026-06-27T23:23:40.410Z","lane":"plant2","event":"start","step":"cat-2","bin":"node","args":["/Volumes/EOS_DIGITAL/KiriPedia/botnet/workers/cataloger-editor.mjs","--worker","cataloger-2","--batch","1"]}
{"ts":"2026-06-27T23:23:40.513Z","lane":"plant2","event":"done","step":"cat-2","code":0,"ms":102}
{"ts":"2026-06-27T23:23:45.243Z","lane":"office","event":"start","step":null,"bin":"node","args":["/Volumes/EOS_DIGITAL/KiriPedia/botnet/workers/office-manager.mjs"]}
{"ts":"2026-06-27T23:23:53.163Z","lane":"rt-snapshot","event":"start","step":null,"bin":"node","args":["/Volumes/EOS_DIGITAL/KiriPedia/botnet/lib/research-team-snapshot.mjs"]}
{"ts":"2026-06-27T23:23:53.392Z","lane":"rt-snapshot","event":"done","step":null,"code":0,"ms":228}
{"ts":"2026-06-27T23:23:55.188Z","lane":"office","event":"done","step":null,"code":0,"ms":9944}
{"ts":"2026-06-27T23:24:03.443Z","lane":"trawler","event":"start","step":null,"bin":"node","args":["/Volumes/EOS_DIGITAL/KiriPedia/fleet/trawlers/youtube.mjs"]}
{"ts":"2026-06-27T23:24:09.777Z","lane":"plant","event":"start","step":"scribe-1","bin":"node","args":["/Volumes/EOS_DIGITAL/KiriPedia/botnet/workers/scribe.mjs","--worker","scribe-1","--batch","1"]}
{"ts":"2026-06-27T23:24:09.966Z","lane":"plant","event":"done","step":"scribe-1","code":0,"ms":188}
{"ts":"2026-06-27T23:24:09.966Z","lane":"plant","event":"start","step":"scribe-2","bin":"node","args":["/Volumes/EOS_DIGITAL/KiriPedia/botnet/workers/scribe.mjs","--worker","scribe-2","--batch","1"]}
{"ts":"2026-06-27T23:24:10.059Z","lane":"plant","event":"done","step":"scribe-2","code":0,"ms":91}
{"ts":"2026-06-27T23:24:10.059Z","lane":"plant","event":"start","step":"scribe-3","bin":"node","args":["/Volumes/EOS_DIGITAL/KiriPedia/botnet/workers/scribe.mjs","--worker","scribe-3","--batch","1"]}
{"ts":"2026-06-27T23:24:10.175Z","lane":"plant","event":"done","step":"scribe-3","code":0,"ms":115}
{"ts":"2026-06-27T23:24:53.396Z","lane":"rt-snapshot","event":"start","step":null,"bin":"node","args":["/Volumes/EOS_DIGITAL/KiriPedia/botnet/lib/research-team-snapshot.mjs"]}
{"ts":"2026-06-27T23:24:53.785Z","lane":"rt-snapshot","event":"done","step":null,"code":0,"ms":383}
{"ts":"2026-06-27T23:25:39.535Z","lane":"plant","event":"start","step":"scribe-1","bin":"node","args":["/Volumes/EOS_DIGITAL/KiriPedia/botnet/workers/scribe.mjs","--worker","scribe-1","--batch","1"]}
{"ts":"2026-06-27T23:25:39.740Z","lane":"plant","event":"done","step":"scribe-1","code":0,"ms":200}
{"ts":"2026-06-27T23:25:39.740Z","lane":"plant","event":"start","step":"scribe-2","bin":"node","args":["/Volumes/EOS_DIGITAL/KiriPedia/botnet/workers/scribe.mjs","--worker","scribe-2","--batch","1"]}
{"ts":"2026-06-27T23:25:39.830Z","lane":"plant","event":"done","step":"scribe-2","code":0,"ms":88}
{"ts":"2026-06-27T23:25:39.830Z","lane":"plant","event":"start","step":"scribe-3","bin":"node","args":["/Volumes/EOS_DIGITAL/KiriPedia/botnet/workers/scribe.mjs","--worker","scribe-3","--batch","1"]}
{"ts":"2026-06-27T23:25:39.922Z","lane":"plant","event":"done","step":"scribe-3","code":0,"ms":90}
{"ts":"2026-06-27T23:25:53.791Z","lane":"rt-snapshot","event":"start","step":null,"bin":"node","args":["/Volumes/EOS_DIGITAL/KiriPedia/botnet/lib/research-team-snapshot.mjs"]}
{"ts":"2026-06-27T23:25:54.163Z","lane":"rt-snapshot","event":"done","step":null,"code":0,"ms":369}
{"ts":"2026-06-27T23:25:54.924Z","lane":"plant2","event":"start","step":"cat-1","bin":"node","args":["/Volumes/EOS_DIGITAL/KiriPedia/botnet/workers/cataloger-editor.mjs","--worker","cataloger-1","--batch","1"]}
{"ts":"2026-06-27T23:25:55.042Z","lane":"plant2","event":"done","step":"cat-1","code":0,"ms":117}
{"ts":"2026-06-27T23:25:55.043Z","lane":"plant2","event":"start","step":"cat-2","bin":"node","args":["/Volumes/EOS_DIGITAL/KiriPedia/botnet/workers/cataloger-editor.mjs","--worker","cataloger-2","--batch","1"]}
{"ts":"2026-06-27T23:25:55.137Z","lane":"plant2","event":"done","step":"cat-2","code":0,"ms":93}
{"ts":"2026-06-27T23:25:55.338Z","lane":"triage-patroller","event":"start","step":null,"bin":"node","args":["/Volumes/EOS_DIGITAL/KiriPedia/botnet/workers/triage-patroller.mjs","--per-role","25"]}
{"ts":"2026-06-27T23:25:58.372Z","lane":"triage-patroller","event":"done","step":null,"code":0,"ms":3033}
{"ts":"2026-06-27T23:26:01.090Z","lane":"splitter","event":"start","step":null,"bin":"node","args":["/Volumes/EOS_DIGITAL/KiriPedia/botnet/workers/first-third-splitter.mjs","--batch","30"]}
{"ts":"2026-06-27T23:26:01.202Z","lane":"splitter","event":"done","step":null,"code":0,"ms":109}
{"ts":"2026-06-27T23:26:25.589Z","lane":"triage","event":"start","step":null,"bin":"node","args":["/Volumes/EOS_DIGITAL/KiriPedia/botnet/workers/npp.mjs"]}
{"ts":"2026-06-27T23:26:25.795Z","lane":"triage","event":"done","step":null,"code":0,"ms":203}
{"ts":"2026-06-27T23:26:28.769Z","lane":"discretion","event":"start","step":null,"bin":"node","args":["/Volumes/EOS_DIGITAL/KiriPedia/botnet/workers/discretion-warden.mjs","--batch","20"]}
{"ts":"2026-06-27T23:26:28.875Z","lane":"discretion","event":"done","step":null,"code":0,"ms":105}
{"ts":"2026-06-27T23:26:54.165Z","lane":"rt-snapshot","event":"start","step":null,"bin":"node","args":["/Volumes/EOS_DIGITAL/KiriPedia/botnet/lib/research-team-snapshot.mjs"]}
{"ts":"2026-06-27T23:26:54.513Z","lane":"rt-snapshot","event":"done","step":null,"code":0,"ms":346}
{"ts":"2026-06-27T23:27:13.348Z","lane":"plant","event":"start","step":"scribe-1","bin":"node","args":["/Volumes/EOS_DIGITAL/KiriPedia/botnet/workers/scribe.mjs","--worker","scribe-1","--batch","1"]}
{"ts":"2026-06-27T23:27:13.523Z","lane":"plant","event":"done","step":"scribe-1","code":0,"ms":173}
{"ts":"2026-06-27T23:27:13.523Z","lane":"plant","event":"start","step":"scribe-2","bin":"node","args":["/Volumes/EOS_DIGITAL/KiriPedia/botnet/workers/scribe.mjs","--worker","scribe-2","--batch","1"]}
{"ts":"2026-06-27T23:27:13.626Z","lane":"plant","event":"done","step":"scribe-2","code":0,"ms":101}
{"ts":"2026-06-27T23:27:13.626Z","lane":"plant","event":"start","step":"scribe-3","bin":"node","args":["/Volumes/EOS_DIGITAL/KiriPedia/botnet/workers/scribe.mjs","--worker","scribe-3","--batch","1"]}
{"ts":"2026-06-27T23:27:13.723Z","lane":"plant","event":"done","step":"scribe-3","code":0,"ms":96}
{"ts":"2026-06-27T23:27:15.442Z","lane":"reviewer","event":"start","step":null,"bin":"node","args":["/Volumes/EOS_DIGITAL/KiriPedia/botnet/workers/reviewer.mjs"]}
{"ts":"2026-06-27T23:27:15.548Z","lane":"reviewer","event":"done","step":null,"code":0,"ms":105}
{"ts":"2026-06-27T23:27:38.363Z","lane":"plant2","event":"start","step":"cat-1","bin":"node","args":["/Volumes/EOS_DIGITAL/KiriPedia/botnet/workers/cataloger-editor.mjs","--worker","cataloger-1","--batch","1"]}
{"ts":"2026-06-27T23:27:38.558Z","lane":"plant2","event":"done","step":"cat-1","code":0,"ms":192}
{"ts":"2026-06-27T23:27:38.558Z","lane":"plant2","event":"start","step":"cat-2","bin":"node","args":["/Volumes/EOS_DIGITAL/KiriPedia/botnet/workers/cataloger-editor.mjs","--worker","cataloger-2","--batch","1"]}
{"ts":"2026-06-27T23:27:38.664Z","lane":"plant2","event":"done","step":"cat-2","code":0,"ms":101}
{"ts":"2026-06-27T23:27:40.208Z","lane":"snapshot","event":"start","step":null,"bin":"node","args":["/Volumes/EOS_DIGITAL/KiriPedia/botnet/lib/snapshot-writer.mjs"]}
{"ts":"2026-06-27T23:27:40.341Z","lane":"snapshot","event":"done","step":null,"code":0,"ms":132}
{"ts":"2026-06-27T23:27:54.517Z","lane":"rt-snapshot","event":"start","step":null,"bin":"node","args":["/Volumes/EOS_DIGITAL/KiriPedia/botnet/lib/research-team-snapshot.mjs"]}
{"ts":"2026-06-27T23:27:54.874Z","lane":"rt-snapshot","event":"done","step":null,"code":0,"ms":355}
{"ts":"2026-06-27T23:28:37.149Z","lane":"plant","event":"start","step":"scribe-1","bin":"node","args":["/Volumes/EOS_DIGITAL/KiriPedia/botnet/workers/scribe.mjs","--worker","scribe-1","--batch","1"]}
{"ts":"2026-06-27T23:28:37.350Z","lane":"plant","event":"done","step":"scribe-1","code":0,"ms":196}
{"ts":"2026-06-27T23:28:37.350Z","lane":"plant","event":"start","step":"scribe-2","bin":"node","args":["/Volumes/EOS_DIGITAL/KiriPedia/botnet/workers/scribe.mjs","--worker","scribe-2","--batch","1"]}
{"ts":"2026-06-27T23:28:37.444Z","lane":"plant","event":"done","step":"scribe-2","code":0,"ms":88}
{"ts":"2026-06-27T23:28:37.444Z","lane":"plant","event":"start","step":"scribe-3","bin":"node","args":["/Volumes/EOS_DIGITAL/KiriPedia/botnet/workers/scribe.mjs","--worker","scribe-3","--batch","1"]}
{"ts":"2026-06-27T23:28:37.537Z","lane":"plant","event":"done","step":"scribe-3","code":0,"ms":92}
{"ts":"2026-06-27T23:28:54.878Z","lane":"rt-snapshot","event":"start","step":null,"bin":"node","args":["/Volumes/EOS_DIGITAL/KiriPedia/botnet/lib/research-team-snapshot.mjs"]}
{"ts":"2026-06-27T23:28:55.304Z","lane":"rt-snapshot","event":"done","step":null,"code":0,"ms":424}
{"ts":"2026-06-27T23:29:32.579Z","lane":"plant2","event":"start","step":"cat-1","bin":"node","args":["/Volumes/EOS_DIGITAL/KiriPedia/botnet/workers/cataloger-editor.mjs","--worker","cataloger-1","--batch","1"]}
{"ts":"2026-06-27T23:29:32.790Z","lane":"plant2","event":"done","step":"cat-1","code":0,"ms":206}
{"ts":"2026-06-27T23:29:32.790Z","lane":"plant2","event":"start","step":"cat-2","bin":"node","args":["/Volumes/EOS_DIGITAL/KiriPedia/botnet/workers/cataloger-editor.mjs","--worker","cataloger-2","--batch","1"]}
{"ts":"2026-06-27T23:29:32.886Z","lane":"plant2","event":"done","step":"cat-2","code":0,"ms":95}
{"ts":"2026-06-27T23:29:55.308Z","lane":"rt-snapshot","event":"start","step":null,"bin":"node","args":["/Volumes/EOS_DIGITAL/KiriPedia/botnet/lib/research-team-snapshot.mjs"]}
{"ts":"2026-06-27T23:29:55.674Z","lane":"rt-snapshot","event":"done","step":null,"code":0,"ms":364}
{"ts":"2026-06-27T23:30:00.990Z","lane":"indexer","event":"start","step":null,"bin":"node","args":["/Volumes/EOS_DIGITAL/KiriPedia/botnet/workers/indexer.mjs"]}
{"ts":"2026-06-27T23:30:06.774Z","lane":"plant","event":"start","step":"scribe-1","bin":"node","args":["/Volumes/EOS_DIGITAL/KiriPedia/botnet/workers/scribe.mjs","--worker","scribe-1","--batch","1"]}
{"ts":"2026-06-27T23:30:06.948Z","lane":"plant","event":"done","step":"scribe-1","code":0,"ms":172}
{"ts":"2026-06-27T23:30:06.949Z","lane":"plant","event":"start","step":"scribe-2","bin":"node","args":["/Volumes/EOS_DIGITAL/KiriPedia/botnet/workers/scribe.mjs","--worker","scribe-2","--batch","1"]}
{"ts":"2026-06-27T23:30:07.181Z","lane":"plant","event":"done","step":"scribe-2","code":0,"ms":99}
{"ts":"2026-06-27T23:30:07.212Z","lane":"plant","event":"start","step":"scribe-3","bin":"node","args":["/Volumes/EOS_DIGITAL/KiriPedia/botnet/workers/scribe.mjs","--worker","scribe-3","--batch","1"]}
{"ts":"2026-06-27T23:30:07.573Z","lane":"plant","event":"done","step":"scribe-3","code":0,"ms":96}
{"ts":"2026-06-27T23:30:08.518Z","lane":"indexer","event":"done","step":null,"code":0,"ms":7528}
{"ts":"2026-06-27T23:30:55.679Z","lane":"rt-snapshot","event":"start","step":null,"bin":"node","args":["/Volumes/EOS_DIGITAL/KiriPedia/botnet/lib/research-team-snapshot.mjs"]}
{"ts":"2026-06-27T23:30:56.193Z","lane":"rt-snapshot","event":"done","step":null,"code":0,"ms":500}
{"ts":"2026-06-27T23:31:29.819Z","lane":"plant2","event":"start","step":"cat-1","bin":"node","args":["/Volumes/EOS_DIGITAL/KiriPedia/botnet/workers/cataloger-editor.mjs","--worker","cataloger-1","--batch","1"]}
{"ts":"2026-06-27T23:31:30.017Z","lane":"plant2","event":"done","step":"cat-1","code":0,"ms":193}
{"ts":"2026-06-27T23:31:30.018Z","lane":"plant2","event":"start","step":"cat-2","bin":"node","args":["/Volumes/EOS_DIGITAL/KiriPedia/botnet/workers/cataloger-editor.mjs","--worker","cataloger-2","--batch","1"]}
{"ts":"2026-06-27T23:31:30.122Z","lane":"plant2","event":"done","step":"cat-2","code":0,"ms":103}
{"ts":"2026-06-27T23:31:44.614Z","lane":"plant","event":"start","step":"scribe-1","bin":"node","args":["/Volumes/EOS_DIGITAL/KiriPedia/botnet/workers/scribe.mjs","--worker","scribe-1","--batch","1"]}
{"ts":"2026-06-27T23:31:44.806Z","lane":"plant","event":"done","step":"scribe-1","code":0,"ms":190}
{"ts":"2026-06-27T23:31:44.806Z","lane":"plant","event":"start","step":"scribe-2","bin":"node","args":["/Volumes/EOS_DIGITAL/KiriPedia/botnet/workers/scribe.mjs","--worker","scribe-2","--batch","1"]}
{"ts":"2026-06-27T23:31:44.906Z","lane":"plant","event":"done","step":"scribe-2","code":0,"ms":99}
{"ts":"2026-06-27T23:31:44.906Z","lane":"plant","event":"start","step":"scribe-3","bin":"node","args":["/Volumes/EOS_DIGITAL/KiriPedia/botnet/workers/scribe.mjs","--worker","scribe-3","--batch","1"]}
{"ts":"2026-06-27T23:31:45.017Z","lane":"plant","event":"done","step":"scribe-3","code":0,"ms":106}
{"ts":"2026-06-27T23:31:56.197Z","lane":"rt-snapshot","event":"start","step":null,"bin":"node","args":["/Volumes/EOS_DIGITAL/KiriPedia/botnet/lib/research-team-snapshot.mjs"]}
{"ts":"2026-06-27T23:31:56.559Z","lane":"rt-snapshot","event":"done","step":null,"code":0,"ms":359}
{"ts":"2026-06-27T23:32:10.277Z","lane":"reviewer","event":"start","step":null,"bin":"node","args":["/Volumes/EOS_DIGITAL/KiriPedia/botnet/workers/reviewer.mjs"]}
{"ts":"2026-06-27T23:32:10.512Z","lane":"reviewer","event":"done","step":null,"code":0,"ms":232}
{"ts":"2026-06-27T23:32:10.852Z","lane":"re-reader","event":"start","step":null,"bin":"node","args":["/Volumes/EOS_DIGITAL/KiriPedia/botnet/workers/re-reader.mjs","--worker","re-reader-1","--batch","2"]}
{"ts":"2026-06-27T23:32:38.569Z","lane":"mining","event":"start","step":"deepener","bin":"node","args":["/Volumes/EOS_DIGITAL/KiriPedia/botnet/workers/deepener.mjs","--batch","5"]}
{"ts":"2026-06-27T23:32:40.346Z","lane":"snapshot","event":"start","step":null,"bin":"node","args":["/Volumes/EOS_DIGITAL/KiriPedia/botnet/lib/snapshot-writer.mjs"]}
{"ts":"2026-06-27T23:32:40.495Z","lane":"snapshot","event":"done","step":null,"code":0,"ms":148}
{"ts":"2026-06-27T23:32:54.235Z","lane":"catch-import","event":"start","step":null,"bin":"node","args":["/Volumes/EOS_DIGITAL/KiriPedia/botnet/workers/catch-importer.mjs","--auto-trust"]}
{"ts":"2026-06-27T23:32:54.371Z","lane":"catch-import","event":"done","step":null,"code":0,"ms":134}
{"ts":"2026-06-27T23:32:56.561Z","lane":"rt-snapshot","event":"start","step":null,"bin":"node","args":["/Volumes/EOS_DIGITAL/KiriPedia/botnet/lib/research-team-snapshot.mjs"]}
{"ts":"2026-06-27T23:32:56.832Z","lane":"rt-snapshot","event":"done","step":null,"code":0,"ms":270}
{"ts":"2026-06-27T23:33:08.177Z","lane":"plant","event":"start","step":"scribe-1","bin":"node","args":["/Volumes/EOS_DIGITAL/KiriPedia/botnet/workers/scribe.mjs","--worker","scribe-1","--batch","1"]}
{"ts":"2026-06-27T23:33:08.317Z","lane":"plant","event":"done","step":"scribe-1","code":0,"ms":138}
{"ts":"2026-06-27T23:33:08.317Z","lane":"plant","event":"start","step":"scribe-2","bin":"node","args":["/Volumes/EOS_DIGITAL/KiriPedia/botnet/workers/scribe.mjs","--worker","scribe-2","--batch","1"]}
{"ts":"2026-06-27T23:33:08.410Z","lane":"plant","event":"done","step":"scribe-2","code":0,"ms":90}
{"ts":"2026-06-27T23:33:08.411Z","lane":"plant","event":"start","step":"scribe-3","bin":"node","args":["/Volumes/EOS_DIGITAL/KiriPedia/botnet/workers/scribe.mjs","--worker","scribe-3","--batch","1"]}
{"ts":"2026-06-27T23:33:08.509Z","lane":"plant","event":"done","step":"scribe-3","code":0,"ms":97}
{"ts":"2026-06-27T23:33:16.290Z","lane":"office","event":"start","step":null,"bin":"node","args":["/Volumes/EOS_DIGITAL/KiriPedia/botnet/workers/office-manager.mjs"]}
{"ts":"2026-06-27T23:33:16.747Z","lane":"discretion","event":"start","step":null,"bin":"node","args":["/Volumes/EOS_DIGITAL/KiriPedia/botnet/workers/discretion-warden.mjs","--batch","20"]}
{"ts":"2026-06-27T23:33:16.841Z","lane":"discretion","event":"done","step":null,"code":0,"ms":94}
{"ts":"2026-06-27T23:33:20.538Z","lane":"office","event":"done","step":null,"code":0,"ms":4246}
{"ts":"2026-06-27T23:33:25.242Z","lane":"splitter","event":"start","step":null,"bin":"node","args":["/Volumes/EOS_DIGITAL/KiriPedia/botnet/workers/first-third-splitter.mjs","--batch","30"]}
{"ts":"2026-06-27T23:33:25.382Z","lane":"splitter","event":"done","step":null,"code":0,"ms":138}
{"ts":"2026-06-27T23:33:34.583Z","lane":"mining","event":"done","step":"deepener","code":0,"ms":56012}
{"ts":"2026-06-27T23:33:34.585Z","lane":"mining","event":"start","step":"enricher","bin":"node","args":["/Volumes/EOS_DIGITAL/KiriPedia/botnet/workers/enricher.mjs","--batch","5"]}
{"ts":"2026-06-27T23:33:39.234Z","lane":"plant2","event":"start","step":"cat-1","bin":"node","args":["/Volumes/EOS_DIGITAL/KiriPedia/botnet/workers/cataloger-editor.mjs","--worker","cataloger-1","--batch","1"]}
{"ts":"2026-06-27T23:33:39.337Z","lane":"plant2","event":"done","step":"cat-1","code":0,"ms":103}
{"ts":"2026-06-27T23:33:39.337Z","lane":"plant2","event":"start","step":"cat-2","bin":"node","args":["/Volumes/EOS_DIGITAL/KiriPedia/botnet/workers/cataloger-editor.mjs","--worker","cataloger-2","--batch","1"]}
{"ts":"2026-06-27T23:33:39.439Z","lane":"plant2","event":"done","step":"cat-2","code":0,"ms":100}
{"ts":"2026-06-27T23:33:42.555Z","lane":"coord","event":"start","step":null,"bin":"node","args":["/Volumes/EOS_DIGITAL/KiriPedia/botnet/workers/coordinator.mjs"]}
{"ts":"2026-06-27T23:33:42.670Z","lane":"coord","event":"done","step":null,"code":0,"ms":113}
{"ts":"2026-06-27T23:33:52.414Z","lane":"re-reader","event":"done","step":null,"code":0,"ms":101561}
{"ts":"2026-06-27T23:33:56.836Z","lane":"rt-snapshot","event":"start","step":null,"bin":"node","args":["/Volumes/EOS_DIGITAL/KiriPedia/botnet/lib/research-team-snapshot.mjs"]}
{"ts":"2026-06-27T23:33:57.088Z","lane":"rt-snapshot","event":"done","step":null,"code":0,"ms":252}
{"ts":"2026-06-27T23:34:02.989Z","lane":"diff-sentinel","event":"start","step":null,"bin":"node","args":["/Volumes/EOS_DIGITAL/KiriPedia/botnet/workers/diff-sentinel.mjs"]}
{"ts":"2026-06-27T23:34:03.325Z","lane":"diff-sentinel","event":"done","step":null,"code":0,"ms":334}
{"ts":"2026-06-27T23:34:05.493Z","lane":"mining","event":"done","step":"enricher","code":0,"ms":30907}
{"ts":"2026-06-27T23:34:05.494Z","lane":"mining","event":"start","step":"weaver","bin":"node","args":["/Volumes/EOS_DIGITAL/KiriPedia/botnet/workers/weaver.mjs","--batch","5"]}
{"ts":"2026-06-27T23:34:09.797Z","lane":"mining","event":"done","step":"weaver","code":0,"ms":4302}
{"ts":"2026-06-27T23:34:34.754Z","lane":"plant","event":"start","step":"scribe-1","bin":"node","args":["/Volumes/EOS_DIGITAL/KiriPedia/botnet/workers/scribe.mjs","--worker","scribe-1","--batch","1"]}
{"ts":"2026-06-27T23:34:34.953Z","lane":"plant","event":"done","step":"scribe-1","code":0,"ms":197}
{"ts":"2026-06-27T23:34:34.953Z","lane":"plant","event":"start","step":"scribe-2","bin":"node","args":["/Volumes/EOS_DIGITAL/KiriPedia/botnet/workers/scribe.mjs","--worker","scribe-2","--batch","1"]}
{"ts":"2026-06-27T23:34:35.052Z","lane":"plant","event":"done","step":"scribe-2","code":0,"ms":95}
{"ts":"2026-06-27T23:34:35.053Z","lane":"plant","event":"start","step":"scribe-3","bin":"node","args":["/Volumes/EOS_DIGITAL/KiriPedia/botnet/workers/scribe.mjs","--worker","scribe-3","--batch","1"]}
{"ts":"2026-06-27T23:34:35.155Z","lane":"plant","event":"done","step":"scribe-3","code":0,"ms":99}
{"ts":"2026-06-27T23:34:57.092Z","lane":"rt-snapshot","event":"start","step":null,"bin":"node","args":["/Volumes/EOS_DIGITAL/KiriPedia/botnet/lib/research-team-snapshot.mjs"]}
{"ts":"2026-06-27T23:34:57.457Z","lane":"rt-snapshot","event":"done","step":null,"code":0,"ms":363}
{"ts":"2026-06-27T23:35:25.027Z","lane":"triage-patroller","event":"start","step":null,"bin":"node","args":["/Volumes/EOS_DIGITAL/KiriPedia/botnet/workers/triage-patroller.mjs","--per-role","25"]}
{"ts":"2026-06-27T23:35:28.267Z","lane":"triage-patroller","event":"done","step":null,"code":0,"ms":3238}
{"ts":"2026-06-27T23:35:47.286Z","lane":"plant2","event":"start","step":"cat-1","bin":"node","args":["/Volumes/EOS_DIGITAL/KiriPedia/botnet/workers/cataloger-editor.mjs","--worker","cataloger-1","--batch","1"]}
{"ts":"2026-06-27T23:35:47.478Z","lane":"plant2","event":"done","step":"cat-1","code":0,"ms":190}
{"ts":"2026-06-27T23:35:47.478Z","lane":"plant2","event":"start","step":"cat-2","bin":"node","args":["/Volumes/EOS_DIGITAL/KiriPedia/botnet/workers/cataloger-editor.mjs","--worker","cataloger-2","--batch","1"]}
{"ts":"2026-06-27T23:35:47.578Z","lane":"plant2","event":"done","step":"cat-2","code":0,"ms":99}
{"ts":"2026-06-27T23:35:57.523Z","lane":"rt-snapshot","event":"start","step":null,"bin":"node","args":["/Volumes/EOS_DIGITAL/KiriPedia/botnet/lib/research-team-snapshot.mjs"]}
{"ts":"2026-06-27T23:35:57.959Z","lane":"rt-snapshot","event":"done","step":null,"code":0,"ms":434}
{"ts":"2026-06-27T23:36:09.173Z","lane":"triage","event":"start","step":null,"bin":"node","args":["/Volumes/EOS_DIGITAL/KiriPedia/botnet/workers/npp.mjs"]}
{"ts":"2026-06-27T23:36:10.272Z","lane":"triage","event":"done","step":null,"code":0,"ms":1096}
{"ts":"2026-06-27T23:36:11.433Z","lane":"prospect","event":"start","step":null,"bin":"node","args":["/Volumes/EOS_DIGITAL/KiriPedia/botnet/workers/prospector.mjs","--batch","2"]}
{"ts":"2026-06-27T23:36:13.840Z","lane":"plant","event":"start","step":"scribe-1","bin":"node","args":["/Volumes/EOS_DIGITAL/KiriPedia/botnet/workers/scribe.mjs","--worker","scribe-1","--batch","1"]}
{"ts":"2026-06-27T23:36:15.272Z","lane":"plant","event":"done","step":"scribe-1","code":0,"ms":1431}
{"ts":"2026-06-27T23:36:15.274Z","lane":"plant","event":"start","step":"scribe-2","bin":"node","args":["/Volumes/EOS_DIGITAL/KiriPedia/botnet/workers/scribe.mjs","--worker","scribe-2","--batch","1"]}
{"ts":"2026-06-27T23:36:15.511Z","lane":"plant","event":"done","step":"scribe-2","code":0,"ms":103}
{"ts":"2026-06-27T23:36:15.542Z","lane":"plant","event":"start","step":"scribe-3","bin":"node","args":["/Volumes/EOS_DIGITAL/KiriPedia/botnet/workers/scribe.mjs","--worker","scribe-3","--batch","1"]}
{"ts":"2026-06-27T23:36:15.776Z","lane":"plant","event":"done","step":"scribe-3","code":0,"ms":103}
{"ts":"2026-06-27T23:36:36.827Z","lane":"prospect","event":"done","step":null,"code":0,"ms":25394}
{"ts":"2026-06-27T23:36:57.962Z","lane":"rt-snapshot","event":"start","step":null,"bin":"node","args":["/Volumes/EOS_DIGITAL/KiriPedia/botnet/lib/research-team-snapshot.mjs"]}
{"ts":"2026-06-27T23:36:58.573Z","lane":"rt-snapshot","event":"done","step":null,"code":0,"ms":608}
{"ts":"2026-06-27T23:37:05.258Z","lane":"reviewer","event":"start","step":null,"bin":"node","args":["/Volumes/EOS_DIGITAL/KiriPedia/botnet/workers/reviewer.mjs"]}
{"ts":"2026-06-27T23:37:05.408Z","lane":"reviewer","event":"done","step":null,"code":0,"ms":147}
{"ts":"2026-06-27T23:37:40.516Z","lane":"snapshot","event":"start","step":null,"bin":"node","args":["/Volumes/EOS_DIGITAL/KiriPedia/botnet/lib/snapshot-writer.mjs"]}
{"ts":"2026-06-27T23:37:40.750Z","lane":"snapshot","event":"done","step":null,"code":0,"ms":229}
{"ts":"2026-06-27T23:37:49.773Z","lane":"plant","event":"start","step":"scribe-1","bin":"node","args":["/Volumes/EOS_DIGITAL/KiriPedia/botnet/workers/scribe.mjs","--worker","scribe-1","--batch","1"]}
{"ts":"2026-06-27T23:37:49.917Z","lane":"plant","event":"done","step":"scribe-1","code":0,"ms":141}
{"ts":"2026-06-27T23:37:49.917Z","lane":"plant","event":"start","step":"scribe-2","bin":"node","args":["/Volumes/EOS_DIGITAL/KiriPedia/botnet/workers/scribe.mjs","--worker","scribe-2","--batch","1"]}
{"ts":"2026-06-27T23:37:50.019Z","lane":"plant","event":"done","step":"scribe-2","code":0,"ms":101}
{"ts":"2026-06-27T23:37:50.020Z","lane":"plant","event":"start","step":"scribe-3","bin":"node","args":["/Volumes/EOS_DIGITAL/KiriPedia/botnet/workers/scribe.mjs","--worker","scribe-3","--batch","1"]}
{"ts":"2026-06-27T23:37:50.133Z","lane":"plant","event":"done","step":"scribe-3","code":0,"ms":112}
{"ts":"2026-06-27T23:37:58.591Z","lane":"rt-snapshot","event":"start","step":null,"bin":"node","args":["/Volumes/EOS_DIGITAL/KiriPedia/botnet/lib/research-team-snapshot.mjs"]}
{"ts":"2026-06-27T23:37:58.897Z","lane":"rt-snapshot","event":"done","step":null,"code":0,"ms":303}
{"ts":"2026-06-27T23:38:00.493Z","lane":"plant2","event":"start","step":"cat-1","bin":"node","args":["/Volumes/EOS_DIGITAL/KiriPedia/botnet/workers/cataloger-editor.mjs","--worker","cataloger-1","--batch","1"]}
{"ts":"2026-06-27T23:38:00.620Z","lane":"plant2","event":"done","step":"cat-1","code":0,"ms":127}
{"ts":"2026-06-27T23:38:00.621Z","lane":"plant2","event":"start","step":"cat-2","bin":"node","args":["/Volumes/EOS_DIGITAL/KiriPedia/botnet/workers/cataloger-editor.mjs","--worker","cataloger-2","--batch","1"]}
{"ts":"2026-06-27T23:38:00.752Z","lane":"plant2","event":"done","step":"cat-2","code":0,"ms":128}
{"ts":"2026-06-27T23:38:58.910Z","lane":"rt-snapshot","event":"start","step":null,"bin":"node","args":["/Volumes/EOS_DIGITAL/KiriPedia/botnet/lib/research-team-snapshot.mjs"]}
{"ts":"2026-06-27T23:38:59.309Z","lane":"rt-snapshot","event":"done","step":null,"code":0,"ms":392}
{"ts":"2026-06-27T23:39:09.689Z","lane":"plant","event":"start","step":"scribe-1","bin":"node","args":["/Volumes/EOS_DIGITAL/KiriPedia/botnet/workers/scribe.mjs","--worker","scribe-1","--batch","1"]}
{"ts":"2026-06-27T23:39:09.831Z","lane":"plant","event":"done","step":"scribe-1","code":0,"ms":140}
{"ts":"2026-06-27T23:39:09.831Z","lane":"plant","event":"start","step":"scribe-2","bin":"node","args":["/Volumes/EOS_DIGITAL/KiriPedia/botnet/workers/scribe.mjs","--worker","scribe-2","--batch","1"]}
{"ts":"2026-06-27T23:39:09.930Z","lane":"plant","event":"done","step":"scribe-2","code":0,"ms":97}
{"ts":"2026-06-27T23:39:09.930Z","lane":"plant","event":"start","step":"scribe-3","bin":"node","args":["/Volumes/EOS_DIGITAL/KiriPedia/botnet/workers/scribe.mjs","--worker","scribe-3","--batch","1"]}
{"ts":"2026-06-27T23:39:10.028Z","lane":"plant","event":"done","step":"scribe-3","code":0,"ms":97}
{"ts":"2026-06-27T23:39:45.379Z","lane":"plant2","event":"start","step":"cat-1","bin":"node","args":["/Volumes/EOS_DIGITAL/KiriPedia/botnet/workers/cataloger-editor.mjs","--worker","cataloger-1","--batch","1"]}
{"ts":"2026-06-27T23:39:45.632Z","lane":"plant2","event":"done","step":"cat-1","code":0,"ms":244}
{"ts":"2026-06-27T23:39:45.632Z","lane":"plant2","event":"start","step":"cat-2","bin":"node","args":["/Volumes/EOS_DIGITAL/KiriPedia/botnet/workers/cataloger-editor.mjs","--worker","cataloger-2","--batch","1"]}
{"ts":"2026-06-27T23:39:45.734Z","lane":"plant2","event":"done","step":"cat-2","code":0,"ms":100}
{"ts":"2026-06-27T23:39:59.312Z","lane":"rt-snapshot","event":"start","step":null,"bin":"node","args":["/Volumes/EOS_DIGITAL/KiriPedia/botnet/lib/research-team-snapshot.mjs"]}
{"ts":"2026-06-27T23:39:59.673Z","lane":"rt-snapshot","event":"done","step":null,"code":0,"ms":359}
{"ts":"2026-06-27T23:40:12.923Z","lane":"discretion","event":"start","step":null,"bin":"node","args":["/Volumes/EOS_DIGITAL/KiriPedia/botnet/workers/discretion-warden.mjs","--batch","20"]}
{"ts":"2026-06-27T23:40:13.102Z","lane":"discretion","event":"done","step":null,"code":0,"ms":177}
{"ts":"2026-06-27T23:40:23.740Z","lane":"splitter","event":"start","step":null,"bin":"node","args":["/Volumes/EOS_DIGITAL/KiriPedia/botnet/workers/first-third-splitter.mjs","--batch","30"]}
{"ts":"2026-06-27T23:40:23.923Z","lane":"splitter","event":"done","step":null,"code":0,"ms":180}
{"ts":"2026-06-27T23:40:38.704Z","lane":"plant","event":"start","step":"scribe-1","bin":"node","args":["/Volumes/EOS_DIGITAL/KiriPedia/botnet/workers/scribe.mjs","--worker","scribe-1","--batch","1"]}
{"ts":"2026-06-27T23:40:38.901Z","lane":"plant","event":"done","step":"scribe-1","code":0,"ms":194}
{"ts":"2026-06-27T23:40:38.901Z","lane":"plant","event":"start","step":"scribe-2","bin":"node","args":["/Volumes/EOS_DIGITAL/KiriPedia/botnet/workers/scribe.mjs","--worker","scribe-2","--batch","1"]}
{"ts":"2026-06-27T23:40:39.001Z","lane":"plant","event":"done","step":"scribe-2","code":0,"ms":97}
{"ts":"2026-06-27T23:40:39.001Z","lane":"plant","event":"start","step":"scribe-3","bin":"node","args":["/Volumes/EOS_DIGITAL/KiriPedia/botnet/workers/scribe.mjs","--worker","scribe-3","--batch","1"]}
{"ts":"2026-06-27T23:40:39.115Z","lane":"plant","event":"done","step":"scribe-3","code":0,"ms":113}
{"ts":"2026-06-27T23:40:59.677Z","lane":"rt-snapshot","event":"start","step":null,"bin":"node","args":["/Volumes/EOS_DIGITAL/KiriPedia/botnet/lib/research-team-snapshot.mjs"]}
{"ts":"2026-06-27T23:41:00.054Z","lane":"rt-snapshot","event":"done","step":null,"code":0,"ms":375}
{"ts":"2026-06-27T23:41:44.177Z","lane":"reviewer","event":"start","step":null,"bin":"node","args":["/Volumes/EOS_DIGITAL/KiriPedia/botnet/workers/reviewer.mjs"]}
{"ts":"2026-06-27T23:41:44.428Z","lane":"reviewer","event":"done","step":null,"code":0,"ms":244}
{"ts":"2026-06-27T23:41:49.808Z","lane":"plant2","event":"start","step":"cat-1","bin":"node","args":["/Volumes/EOS_DIGITAL/KiriPedia/botnet/workers/cataloger-editor.mjs","--worker","cataloger-1","--batch","1"]}
{"ts":"2026-06-27T23:41:49.931Z","lane":"plant2","event":"done","step":"cat-1","code":0,"ms":122}
{"ts":"2026-06-27T23:41:49.932Z","lane":"plant2","event":"start","step":"cat-2","bin":"node","args":["/Volumes/EOS_DIGITAL/KiriPedia/botnet/workers/cataloger-editor.mjs","--worker","cataloger-2","--batch","1"]}
{"ts":"2026-06-27T23:41:50.031Z","lane":"plant2","event":"done","step":"cat-2","code":0,"ms":95}
{"ts":"2026-06-27T23:42:00.057Z","lane":"rt-snapshot","event":"start","step":null,"bin":"node","args":["/Volumes/EOS_DIGITAL/KiriPedia/botnet/lib/research-team-snapshot.mjs"]}
{"ts":"2026-06-27T23:42:00.420Z","lane":"rt-snapshot","event":"done","step":null,"code":0,"ms":360}
{"ts":"2026-06-27T23:42:16.087Z","lane":"plant","event":"start","step":"scribe-1","bin":"node","args":["/Volumes/EOS_DIGITAL/KiriPedia/botnet/workers/scribe.mjs","--worker","scribe-1","--batch","1"]}
{"ts":"2026-06-27T23:42:16.303Z","lane":"plant","event":"done","step":"scribe-1","code":0,"ms":213}
{"ts":"2026-06-27T23:42:16.303Z","lane":"plant","event":"start","step":"scribe-2","bin":"node","args":["/Volumes/EOS_DIGITAL/KiriPedia/botnet/workers/scribe.mjs","--worker","scribe-2","--batch","1"]}
{"ts":"2026-06-27T23:42:16.395Z","lane":"plant","event":"done","step":"scribe-2","code":0,"ms":90}
{"ts":"2026-06-27T23:42:16.395Z","lane":"plant","event":"start","step":"scribe-3","bin":"node","args":["/Volumes/EOS_DIGITAL/KiriPedia/botnet/workers/scribe.mjs","--worker","scribe-3","--batch","1"]}
{"ts":"2026-06-27T23:42:16.495Z","lane":"plant","event":"done","step":"scribe-3","code":0,"ms":98}
{"ts":"2026-06-27T23:42:40.766Z","lane":"snapshot","event":"start","step":null,"bin":"node","args":["/Volumes/EOS_DIGITAL/KiriPedia/botnet/lib/snapshot-writer.mjs"]}
{"ts":"2026-06-27T23:42:40.953Z","lane":"snapshot","event":"done","step":null,"code":0,"ms":185}
{"ts":"2026-06-27T23:43:00.426Z","lane":"rt-snapshot","event":"start","step":null,"bin":"node","args":["/Volumes/EOS_DIGITAL/KiriPedia/botnet/lib/research-team-snapshot.mjs"]}
{"ts":"2026-06-27T23:43:00.804Z","lane":"rt-snapshot","event":"done","step":null,"code":0,"ms":376}
{"ts":"2026-06-27T23:43:03.340Z","lane":"catch-import","event":"start","step":null,"bin":"node","args":["/Volumes/EOS_DIGITAL/KiriPedia/botnet/workers/catch-importer.mjs","--auto-trust"]}
{"ts":"2026-06-27T23:43:03.455Z","lane":"catch-import","event":"done","step":null,"code":0,"ms":113}
{"ts":"2026-06-27T23:43:04.646Z","lane":"office","event":"start","step":null,"bin":"node","args":["/Volumes/EOS_DIGITAL/KiriPedia/botnet/workers/office-manager.mjs"]}
{"ts":"2026-06-27T23:43:09.590Z","lane":"office","event":"done","step":null,"code":0,"ms":4943}
{"ts":"2026-06-27T23:43:34.157Z","lane":"plant","event":"start","step":"scribe-1","bin":"node","args":["/Volumes/EOS_DIGITAL/KiriPedia/botnet/workers/scribe.mjs","--worker","scribe-1","--batch","1"]}
{"ts":"2026-06-27T23:43:34.363Z","lane":"plant","event":"done","step":"scribe-1","code":0,"ms":204}
{"ts":"2026-06-27T23:43:34.363Z","lane":"plant","event":"start","step":"scribe-2","bin":"node","args":["/Volumes/EOS_DIGITAL/KiriPedia/botnet/workers/scribe.mjs","--worker","scribe-2","--batch","1"]}
{"ts":"2026-06-27T23:43:34.477Z","lane":"plant","event":"done","step":"scribe-2","code":0,"ms":112}
{"ts":"2026-06-27T23:43:34.477Z","lane":"plant","event":"start","step":"scribe-3","bin":"node","args":["/Volumes/EOS_DIGITAL/KiriPedia/botnet/workers/scribe.mjs","--worker","scribe-3","--batch","1"]}
{"ts":"2026-06-27T23:43:34.582Z","lane":"plant","event":"done","step":"scribe-3","code":0,"ms":103}
{"ts":"2026-06-27T23:43:41.692Z","lane":"plant2","event":"start","step":"cat-1","bin":"node","args":["/Volumes/EOS_DIGITAL/KiriPedia/botnet/workers/cataloger-editor.mjs","--worker","cataloger-1","--batch","1"]}
{"ts":"2026-06-27T23:43:41.813Z","lane":"plant2","event":"done","step":"cat-1","code":0,"ms":119}
{"ts":"2026-06-27T23:43:41.814Z","lane":"plant2","event":"start","step":"cat-2","bin":"node","args":["/Volumes/EOS_DIGITAL/KiriPedia/botnet/workers/cataloger-editor.mjs","--worker","cataloger-2","--batch","1"]}
{"ts":"2026-06-27T23:43:41.915Z","lane":"plant2","event":"done","step":"cat-2","code":0,"ms":98}
{"ts":"2026-06-27T23:44:00.809Z","lane":"rt-snapshot","event":"start","step":null,"bin":"node","args":["/Volumes/EOS_DIGITAL/KiriPedia/botnet/lib/research-team-snapshot.mjs"]}
{"ts":"2026-06-27T23:44:01.222Z","lane":"rt-snapshot","event":"done","step":null,"code":0,"ms":411}
{"ts":"2026-06-27T23:44:03.490Z","lane":"trawler","event":"done","step":null,"code":-1,"ms":1200044,"stderr":"[trawler:youtube] Run 1/4 for 2026-06-27.\n"}
{"ts":"2026-06-27T23:44:03.491Z","lane":"trawler","event":"backoff","ms":1800000}
{"ts":"2026-06-27T23:45:01.227Z","lane":"rt-snapshot","event":"start","step":null,"bin":"node","args":["/Volumes/EOS_DIGITAL/KiriPedia/botnet/lib/research-team-snapshot.mjs"]}
{"ts":"2026-06-27T23:45:03.779Z","lane":"rt-snapshot","event":"done","step":null,"code":0,"ms":2546}
{"ts":"2026-06-27T23:45:04.415Z","lane":"triage-patroller","event":"start","step":null,"bin":"node","args":["/Volumes/EOS_DIGITAL/KiriPedia/botnet/workers/triage-patroller.mjs","--per-role","25"]}
{"ts":"2026-06-27T23:45:10.516Z","lane":"triage-patroller","event":"done","step":null,"code":0,"ms":6101}
{"ts":"2026-06-27T23:45:16.047Z","lane":"plant","event":"start","step":"scribe-1","bin":"node","args":["/Volumes/EOS_DIGITAL/KiriPedia/botnet/workers/scribe.mjs","--worker","scribe-1","--batch","1"]}
{"ts":"2026-06-27T23:45:16.230Z","lane":"plant","event":"done","step":"scribe-1","code":0,"ms":183}
{"ts":"2026-06-27T23:45:16.232Z","lane":"plant","event":"start","step":"scribe-2","bin":"node","args":["/Volumes/EOS_DIGITAL/KiriPedia/botnet/workers/scribe.mjs","--worker","scribe-2","--batch","1"]}
{"ts":"2026-06-27T23:45:16.347Z","lane":"plant","event":"done","step":"scribe-2","code":0,"ms":106}
{"ts":"2026-06-27T23:45:16.347Z","lane":"plant","event":"start","step":"scribe-3","bin":"node","args":["/Volumes/EOS_DIGITAL/KiriPedia/botnet/workers/scribe.mjs","--worker","scribe-3","--batch","1"]}
{"ts":"2026-06-27T23:45:16.456Z","lane":"plant","event":"done","step":"scribe-3","code":0,"ms":98}
{"ts":"2026-06-27T23:45:38.393Z","lane":"triage","event":"start","step":null,"bin":"node","args":["/Volumes/EOS_DIGITAL/KiriPedia/botnet/workers/npp.mjs"]}
{"ts":"2026-06-27T23:45:38.625Z","lane":"triage","event":"done","step":null,"code":0,"ms":229}
{"ts":"2026-06-27T23:45:39.477Z","lane":"plant2","event":"start","step":"cat-1","bin":"node","args":["/Volumes/EOS_DIGITAL/KiriPedia/botnet/workers/cataloger-editor.mjs","--worker","cataloger-1","--batch","1"]}
{"ts":"2026-06-27T23:45:39.594Z","lane":"plant2","event":"done","step":"cat-1","code":0,"ms":116}
{"ts":"2026-06-27T23:45:39.595Z","lane":"plant2","event":"start","step":"cat-2","bin":"node","args":["/Volumes/EOS_DIGITAL/KiriPedia/botnet/workers/cataloger-editor.mjs","--worker","cataloger-2","--batch","1"]}
{"ts":"2026-06-27T23:45:39.693Z","lane":"plant2","event":"done","step":"cat-2","code":0,"ms":97}
{"ts":"2026-06-27T23:45:53.624Z","lane":"calendar","event":"start","step":null,"bin":"node","args":["/Volumes/EOS_DIGITAL/KiriPedia/botnet/workers/calendar-keeper.mjs"]}
{"ts":"2026-06-27T23:45:54.855Z","lane":"calendar","event":"done","step":null,"code":0,"ms":1229}
{"ts":"2026-06-27T23:46:03.782Z","lane":"rt-snapshot","event":"start","step":null,"bin":"node","args":["/Volumes/EOS_DIGITAL/KiriPedia/botnet/lib/research-team-snapshot.mjs"]}
{"ts":"2026-06-27T23:46:04.107Z","lane":"rt-snapshot","event":"done","step":null,"code":0,"ms":322}
{"ts":"2026-06-27T23:46:47.678Z","lane":"plant","event":"start","step":"scribe-1","bin":"node","args":["/Volumes/EOS_DIGITAL/KiriPedia/botnet/workers/scribe.mjs","--worker","scribe-1","--batch","1"]}
{"ts":"2026-06-27T23:46:47.889Z","lane":"plant","event":"done","step":"scribe-1","code":0,"ms":204}
{"ts":"2026-06-27T23:46:47.889Z","lane":"plant","event":"start","step":"scribe-2","bin":"node","args":["/Volumes/EOS_DIGITAL/KiriPedia/botnet/workers/scribe.mjs","--worker","scribe-2","--batch","1"]}
{"ts":"2026-06-27T23:46:47.984Z","lane":"plant","event":"done","step":"scribe-2","code":0,"ms":93}
{"ts":"2026-06-27T23:46:47.984Z","lane":"plant","event":"start","step":"scribe-3","bin":"node","args":["/Volumes/EOS_DIGITAL/KiriPedia/botnet/workers/scribe.mjs","--worker","scribe-3","--batch","1"]}
{"ts":"2026-06-27T23:46:48.078Z","lane":"plant","event":"done","step":"scribe-3","code":0,"ms":93}
{"ts":"2026-06-27T23:46:52.585Z","lane":"reviewer","event":"start","step":null,"bin":"node","args":["/Volumes/EOS_DIGITAL/KiriPedia/botnet/workers/reviewer.mjs"]}
{"ts":"2026-06-27T23:46:52.715Z","lane":"reviewer","event":"done","step":null,"code":0,"ms":129}
{"ts":"2026-06-27T23:46:56.840Z","lane":"discretion","event":"start","step":null,"bin":"node","args":["/Volumes/EOS_DIGITAL/KiriPedia/botnet/workers/discretion-warden.mjs","--batch","20"]}
{"ts":"2026-06-27T23:46:56.957Z","lane":"discretion","event":"done","step":null,"code":0,"ms":115}
{"ts":"2026-06-27T23:47:04.111Z","lane":"rt-snapshot","event":"start","step":null,"bin":"node","args":["/Volumes/EOS_DIGITAL/KiriPedia/botnet/lib/research-team-snapshot.mjs"]}
{"ts":"2026-06-27T23:47:04.400Z","lane":"rt-snapshot","event":"done","step":null,"code":0,"ms":288}
{"ts":"2026-06-27T23:47:40.962Z","lane":"snapshot","event":"start","step":null,"bin":"node","args":["/Volumes/EOS_DIGITAL/KiriPedia/botnet/lib/snapshot-writer.mjs"]}
{"ts":"2026-06-27T23:47:41.206Z","lane":"snapshot","event":"done","step":null,"code":0,"ms":239}
{"ts":"2026-06-27T23:47:44.829Z","lane":"coord","event":"start","step":null,"bin":"node","args":["/Volumes/EOS_DIGITAL/KiriPedia/botnet/workers/coordinator.mjs"]}
{"ts":"2026-06-27T23:47:44.938Z","lane":"coord","event":"done","step":null,"code":0,"ms":108}
{"ts":"2026-06-27T23:47:51.279Z","lane":"splitter","event":"start","step":null,"bin":"node","args":["/Volumes/EOS_DIGITAL/KiriPedia/botnet/workers/first-third-splitter.mjs","--batch","30"]}
{"ts":"2026-06-27T23:47:51.421Z","lane":"splitter","event":"done","step":null,"code":0,"ms":140}
{"ts":"2026-06-27T23:47:53.443Z","lane":"plant2","event":"start","step":"cat-1","bin":"node","args":["/Volumes/EOS_DIGITAL/KiriPedia/botnet/workers/cataloger-editor.mjs","--worker","cataloger-1","--batch","1"]}
{"ts":"2026-06-27T23:47:53.566Z","lane":"plant2","event":"done","step":"cat-1","code":0,"ms":122}
{"ts":"2026-06-27T23:47:53.567Z","lane":"plant2","event":"start","step":"cat-2","bin":"node","args":["/Volumes/EOS_DIGITAL/KiriPedia/botnet/workers/cataloger-editor.mjs","--worker","cataloger-2","--batch","1"]}
{"ts":"2026-06-27T23:47:53.665Z","lane":"plant2","event":"done","step":"cat-2","code":0,"ms":97}
{"ts":"2026-06-27T23:48:04.403Z","lane":"rt-snapshot","event":"start","step":null,"bin":"node","args":["/Volumes/EOS_DIGITAL/KiriPedia/botnet/lib/research-team-snapshot.mjs"]}
{"ts":"2026-06-27T23:48:04.763Z","lane":"rt-snapshot","event":"done","step":null,"code":0,"ms":357}
{"ts":"2026-06-27T23:48:18.239Z","lane":"plant","event":"start","step":"scribe-1","bin":"node","args":["/Volumes/EOS_DIGITAL/KiriPedia/botnet/workers/scribe.mjs","--worker","scribe-1","--batch","1"]}
{"ts":"2026-06-27T23:48:18.433Z","lane":"plant","event":"done","step":"scribe-1","code":0,"ms":192}
{"ts":"2026-06-27T23:48:18.433Z","lane":"plant","event":"start","step":"scribe-2","bin":"node","args":["/Volumes/EOS_DIGITAL/KiriPedia/botnet/workers/scribe.mjs","--worker","scribe-2","--batch","1"]}
{"ts":"2026-06-27T23:48:18.533Z","lane":"plant","event":"done","step":"scribe-2","code":0,"ms":97}
{"ts":"2026-06-27T23:48:18.533Z","lane":"plant","event":"start","step":"scribe-3","bin":"node","args":["/Volumes/EOS_DIGITAL/KiriPedia/botnet/workers/scribe.mjs","--worker","scribe-3","--batch","1"]}
{"ts":"2026-06-27T23:48:18.628Z","lane":"plant","event":"done","step":"scribe-3","code":0,"ms":94}
{"ts":"2026-06-27T23:49:04.768Z","lane":"rt-snapshot","event":"start","step":null,"bin":"node","args":["/Volumes/EOS_DIGITAL/KiriPedia/botnet/lib/research-team-snapshot.mjs"]}
{"ts":"2026-06-27T23:49:05.137Z","lane":"rt-snapshot","event":"done","step":null,"code":0,"ms":365}
{"ts":"2026-06-27T23:49:43.451Z","lane":"plant","event":"start","step":"scribe-1","bin":"node","args":["/Volumes/EOS_DIGITAL/KiriPedia/botnet/workers/scribe.mjs","--worker","scribe-1","--batch","1"]}
{"ts":"2026-06-27T23:49:43.664Z","lane":"plant","event":"done","step":"scribe-1","code":0,"ms":206}
{"ts":"2026-06-27T23:49:43.664Z","lane":"plant","event":"start","step":"scribe-2","bin":"node","args":["/Volumes/EOS_DIGITAL/KiriPedia/botnet/workers/scribe.mjs","--worker","scribe-2","--batch","1"]}
{"ts":"2026-06-27T23:49:43.756Z","lane":"plant","event":"done","step":"scribe-2","code":0,"ms":91}
{"ts":"2026-06-27T23:49:43.757Z","lane":"plant","event":"start","step":"scribe-3","bin":"node","args":["/Volumes/EOS_DIGITAL/KiriPedia/botnet/workers/scribe.mjs","--worker","scribe-3","--batch","1"]}
{"ts":"2026-06-27T23:49:43.853Z","lane":"plant","event":"done","step":"scribe-3","code":0,"ms":92}
{"ts":"2026-06-27T23:49:53.682Z","lane":"plant2","event":"start","step":"cat-1","bin":"node","args":["/Volumes/EOS_DIGITAL/KiriPedia/botnet/workers/cataloger-editor.mjs","--worker","cataloger-1","--batch","1"]}
{"ts":"2026-06-27T23:49:53.877Z","lane":"plant2","event":"done","step":"cat-1","code":0,"ms":193}
{"ts":"2026-06-27T23:49:53.877Z","lane":"plant2","event":"start","step":"cat-2","bin":"node","args":["/Volumes/EOS_DIGITAL/KiriPedia/botnet/workers/cataloger-editor.mjs","--worker","cataloger-2","--batch","1"]}
{"ts":"2026-06-27T23:49:53.969Z","lane":"plant2","event":"done","step":"cat-2","code":0,"ms":91}
{"ts":"2026-06-27T23:50:05.141Z","lane":"rt-snapshot","event":"start","step":null,"bin":"node","args":["/Volumes/EOS_DIGITAL/KiriPedia/botnet/lib/research-team-snapshot.mjs"]}
{"ts":"2026-06-27T23:50:05.506Z","lane":"rt-snapshot","event":"done","step":null,"code":0,"ms":363}
{"ts":"2026-06-27T23:51:05.512Z","lane":"rt-snapshot","event":"start","step":null,"bin":"node","args":["/Volumes/EOS_DIGITAL/KiriPedia/botnet/lib/research-team-snapshot.mjs"]}
{"ts":"2026-06-27T23:51:05.899Z","lane":"rt-snapshot","event":"done","step":null,"code":0,"ms":380}
{"ts":"2026-06-27T23:51:14.922Z","lane":"plant","event":"start","step":"scribe-1","bin":"node","args":["/Volumes/EOS_DIGITAL/KiriPedia/botnet/workers/scribe.mjs","--worker","scribe-1","--batch","1"]}
{"ts":"2026-06-27T23:51:15.075Z","lane":"plant","event":"done","step":"scribe-1","code":0,"ms":150}
{"ts":"2026-06-27T23:51:15.075Z","lane":"plant","event":"start","step":"scribe-2","bin":"node","args":["/Volumes/EOS_DIGITAL/KiriPedia/botnet/workers/scribe.mjs","--worker","scribe-2","--batch","1"]}
{"ts":"2026-06-27T23:51:15.217Z","lane":"plant","event":"done","step":"scribe-2","code":0,"ms":139}
{"ts":"2026-06-27T23:51:15.217Z","lane":"plant","event":"start","step":"scribe-3","bin":"node","args":["/Volumes/EOS_DIGITAL/KiriPedia/botnet/workers/scribe.mjs","--worker","scribe-3","--batch","1"]}
{"ts":"2026-06-27T23:51:15.316Z","lane":"plant","event":"done","step":"scribe-3","code":0,"ms":97}
{"ts":"2026-06-27T23:51:15.584Z","lane":"mining","event":"start","step":"deepener","bin":"node","args":["/Volumes/EOS_DIGITAL/KiriPedia/botnet/workers/deepener.mjs","--batch","5"]}
{"ts":"2026-06-27T23:51:39.671Z","lane":"plant2","event":"start","step":"cat-1","bin":"node","args":["/Volumes/EOS_DIGITAL/KiriPedia/botnet/workers/cataloger-editor.mjs","--worker","cataloger-1","--batch","1"]}
{"ts":"2026-06-27T23:51:39.931Z","lane":"plant2","event":"done","step":"cat-1","code":0,"ms":258}
{"ts":"2026-06-27T23:51:39.931Z","lane":"plant2","event":"start","step":"cat-2","bin":"node","args":["/Volumes/EOS_DIGITAL/KiriPedia/botnet/workers/cataloger-editor.mjs","--worker","cataloger-2","--batch","1"]}
{"ts":"2026-06-27T23:51:40.019Z","lane":"plant2","event":"done","step":"cat-2","code":0,"ms":86}
{"ts":"2026-06-27T23:51:49.124Z","lane":"reviewer","event":"start","step":null,"bin":"node","args":["/Volumes/EOS_DIGITAL/KiriPedia/botnet/workers/reviewer.mjs"]}
{"ts":"2026-06-27T23:51:49.265Z","lane":"reviewer","event":"done","step":null,"code":0,"ms":139}
{"ts":"2026-06-27T23:52:05.903Z","lane":"rt-snapshot","event":"start","step":null,"bin":"node","args":["/Volumes/EOS_DIGITAL/KiriPedia/botnet/lib/research-team-snapshot.mjs"]}
{"ts":"2026-06-27T23:52:06.193Z","lane":"rt-snapshot","event":"done","step":null,"code":0,"ms":287}
{"ts":"2026-06-27T23:52:11.636Z","lane":"mining","event":"done","step":"deepener","code":0,"ms":56052}
{"ts":"2026-06-27T23:52:11.638Z","lane":"mining","event":"start","step":"enricher","bin":"node","args":["/Volumes/EOS_DIGITAL/KiriPedia/botnet/workers/enricher.mjs","--batch","5"]}
{"ts":"2026-06-27T23:52:41.233Z","lane":"snapshot","event":"start","step":null,"bin":"node","args":["/Volumes/EOS_DIGITAL/KiriPedia/botnet/lib/snapshot-writer.mjs"]}
{"ts":"2026-06-27T23:52:41.380Z","lane":"snapshot","event":"done","step":null,"code":0,"ms":144}
{"ts":"2026-06-27T23:52:42.336Z","lane":"mining","event":"done","step":"enricher","code":0,"ms":30696}
{"ts":"2026-06-27T23:52:42.336Z","lane":"mining","event":"start","step":"weaver","bin":"node","args":["/Volumes/EOS_DIGITAL/KiriPedia/botnet/workers/weaver.mjs","--batch","5"]}
{"ts":"2026-06-27T23:52:46.308Z","lane":"mining","event":"done","step":"weaver","code":0,"ms":3969}
{"ts":"2026-06-27T23:52:54.516Z","lane":"plant","event":"start","step":"scribe-1","bin":"node","args":["/Volumes/EOS_DIGITAL/KiriPedia/botnet/workers/scribe.mjs","--worker","scribe-1","--batch","1"]}
{"ts":"2026-06-27T23:52:54.661Z","lane":"plant","event":"done","step":"scribe-1","code":0,"ms":142}
{"ts":"2026-06-27T23:52:54.661Z","lane":"plant","event":"start","step":"scribe-2","bin":"node","args":["/Volumes/EOS_DIGITAL/KiriPedia/botnet/workers/scribe.mjs","--worker","scribe-2","--batch","1"]}
{"ts":"2026-06-27T23:52:54.759Z","lane":"plant","event":"done","step":"scribe-2","code":0,"ms":97}
{"ts":"2026-06-27T23:52:54.759Z","lane":"plant","event":"start","step":"scribe-3","bin":"node","args":["/Volumes/EOS_DIGITAL/KiriPedia/botnet/workers/scribe.mjs","--worker","scribe-3","--batch","1"]}
{"ts":"2026-06-27T23:52:54.854Z","lane":"plant","event":"done","step":"scribe-3","code":0,"ms":94}
{"ts":"2026-06-27T23:53:06.198Z","lane":"rt-snapshot","event":"start","step":null,"bin":"node","args":["/Volumes/EOS_DIGITAL/KiriPedia/botnet/lib/research-team-snapshot.mjs"]}
{"ts":"2026-06-27T23:53:06.640Z","lane":"rt-snapshot","event":"done","step":null,"code":0,"ms":440}
{"ts":"2026-06-27T23:53:13.229Z","lane":"catch-import","event":"start","step":null,"bin":"node","args":["/Volumes/EOS_DIGITAL/KiriPedia/botnet/workers/catch-importer.mjs","--auto-trust"]}
{"ts":"2026-06-27T23:53:13.382Z","lane":"catch-import","event":"done","step":null,"code":0,"ms":151}
{"ts":"2026-06-27T23:53:38.335Z","lane":"plant2","event":"start","step":"cat-1","bin":"node","args":["/Volumes/EOS_DIGITAL/KiriPedia/botnet/workers/cataloger-editor.mjs","--worker","cataloger-1","--batch","1"]}
{"ts":"2026-06-27T23:53:38.518Z","lane":"plant2","event":"done","step":"cat-1","code":0,"ms":181}
{"ts":"2026-06-27T23:53:38.518Z","lane":"plant2","event":"start","step":"cat-2","bin":"node","args":["/Volumes/EOS_DIGITAL/KiriPedia/botnet/workers/cataloger-editor.mjs","--worker","cataloger-2","--batch","1"]}
{"ts":"2026-06-27T23:53:38.615Z","lane":"plant2","event":"done","step":"cat-2","code":0,"ms":95}
{"ts":"2026-06-27T23:53:44.585Z","lane":"office","event":"start","step":null,"bin":"node","args":["/Volumes/EOS_DIGITAL/KiriPedia/botnet/workers/office-manager.mjs"]}
{"ts":"2026-06-27T23:53:55.768Z","lane":"office","event":"done","step":null,"code":0,"ms":11181}
{"ts":"2026-06-27T23:54:06.646Z","lane":"rt-snapshot","event":"start","step":null,"bin":"node","args":["/Volumes/EOS_DIGITAL/KiriPedia/botnet/lib/research-team-snapshot.mjs"]}
{"ts":"2026-06-27T23:54:07.009Z","lane":"rt-snapshot","event":"done","step":null,"code":0,"ms":361}
{"ts":"2026-06-27T23:54:11.594Z","lane":"discretion","event":"start","step":null,"bin":"node","args":["/Volumes/EOS_DIGITAL/KiriPedia/botnet/workers/discretion-warden.mjs","--batch","20"]}
{"ts":"2026-06-27T23:54:11.699Z","lane":"discretion","event":"done","step":null,"code":0,"ms":104}
{"ts":"2026-06-27T23:54:24.636Z","lane":"re-reader","event":"start","step":null,"bin":"node","args":["/Volumes/EOS_DIGITAL/KiriPedia/botnet/workers/re-reader.mjs","--worker","re-reader-1","--batch","2"]}
{"ts":"2026-06-27T23:54:35.905Z","lane":"plant","event":"start","step":"scribe-1","bin":"node","args":["/Volumes/EOS_DIGITAL/KiriPedia/botnet/workers/scribe.mjs","--worker","scribe-1","--batch","1"]}
{"ts":"2026-06-27T23:54:36.048Z","lane":"plant","event":"done","step":"scribe-1","code":0,"ms":140}
{"ts":"2026-06-27T23:54:36.048Z","lane":"plant","event":"start","step":"scribe-2","bin":"node","args":["/Volumes/EOS_DIGITAL/KiriPedia/botnet/workers/scribe.mjs","--worker","scribe-2","--batch","1"]}
{"ts":"2026-06-27T23:54:36.168Z","lane":"plant","event":"done","step":"scribe-2","code":0,"ms":118}
{"ts":"2026-06-27T23:54:36.168Z","lane":"plant","event":"start","step":"scribe-3","bin":"node","args":["/Volumes/EOS_DIGITAL/KiriPedia/botnet/workers/scribe.mjs","--worker","scribe-3","--batch","1"]}
{"ts":"2026-06-27T23:54:36.258Z","lane":"plant","event":"done","step":"scribe-3","code":0,"ms":88}
{"ts":"2026-06-27T23:54:41.371Z","lane":"triage-patroller","event":"start","step":null,"bin":"node","args":["/Volumes/EOS_DIGITAL/KiriPedia/botnet/workers/triage-patroller.mjs","--per-role","25"]}
{"ts":"2026-06-27T23:54:44.446Z","lane":"triage-patroller","event":"done","step":null,"code":0,"ms":3074}
{"ts":"2026-06-27T23:55:07.014Z","lane":"rt-snapshot","event":"start","step":null,"bin":"node","args":["/Volumes/EOS_DIGITAL/KiriPedia/botnet/lib/research-team-snapshot.mjs"]}
{"ts":"2026-06-27T23:55:07.291Z","lane":"rt-snapshot","event":"done","step":null,"code":0,"ms":275}
{"ts":"2026-06-27T23:55:10.839Z","lane":"splitter","event":"start","step":null,"bin":"node","args":["/Volumes/EOS_DIGITAL/KiriPedia/botnet/workers/first-third-splitter.mjs","--batch","30"]}
{"ts":"2026-06-27T23:55:10.943Z","lane":"re-reader","event":"done","step":null,"code":0,"ms":46304}
{"ts":"2026-06-27T23:55:10.949Z","lane":"splitter","event":"done","step":null,"code":0,"ms":109}
{"ts":"2026-06-27T23:55:50.475Z","lane":"plant2","event":"start","step":"cat-1","bin":"node","args":["/Volumes/EOS_DIGITAL/KiriPedia/botnet/workers/cataloger-editor.mjs","--worker","cataloger-1","--batch","1"]}
{"ts":"2026-06-27T23:55:50.697Z","lane":"plant2","event":"done","step":"cat-1","code":0,"ms":218}
{"ts":"2026-06-27T23:55:50.702Z","lane":"plant2","event":"start","step":"cat-2","bin":"node","args":["/Volumes/EOS_DIGITAL/KiriPedia/botnet/workers/cataloger-editor.mjs","--worker","cataloger-2","--batch","1"]}
{"ts":"2026-06-27T23:55:50.802Z","lane":"plant2","event":"done","step":"cat-2","code":0,"ms":94}
{"ts":"2026-06-27T23:56:07.294Z","lane":"rt-snapshot","event":"start","step":null,"bin":"node","args":["/Volumes/EOS_DIGITAL/KiriPedia/botnet/lib/research-team-snapshot.mjs"]}
{"ts":"2026-06-27T23:56:07.662Z","lane":"rt-snapshot","event":"done","step":null,"code":0,"ms":366}
{"ts":"2026-06-27T23:56:12.808Z","lane":"plant","event":"start","step":"scribe-1","bin":"node","args":["/Volumes/EOS_DIGITAL/KiriPedia/botnet/workers/scribe.mjs","--worker","scribe-1","--batch","1"]}
{"ts":"2026-06-27T23:56:12.927Z","lane":"plant","event":"done","step":"scribe-1","code":0,"ms":119}
{"ts":"2026-06-27T23:56:12.927Z","lane":"plant","event":"start","step":"scribe-2","bin":"node","args":["/Volumes/EOS_DIGITAL/KiriPedia/botnet/workers/scribe.mjs","--worker","scribe-2","--batch","1"]}
{"ts":"2026-06-27T23:56:13.024Z","lane":"plant","event":"done","step":"scribe-2","code":0,"ms":92}
{"ts":"2026-06-27T23:56:13.024Z","lane":"plant","event":"start","step":"scribe-3","bin":"node","args":["/Volumes/EOS_DIGITAL/KiriPedia/botnet/workers/scribe.mjs","--worker","scribe-3","--batch","1"]}
{"ts":"2026-06-27T23:56:13.118Z","lane":"plant","event":"done","step":"scribe-3","code":0,"ms":93}
{"ts":"2026-06-27T23:56:32.155Z","lane":"reviewer","event":"start","step":null,"bin":"node","args":["/Volumes/EOS_DIGITAL/KiriPedia/botnet/workers/reviewer.mjs"]}
{"ts":"2026-06-27T23:56:32.317Z","lane":"reviewer","event":"done","step":null,"code":0,"ms":160}
{"ts":"2026-06-27T23:56:37.029Z","lane":"triage","event":"start","step":null,"bin":"node","args":["/Volumes/EOS_DIGITAL/KiriPedia/botnet/workers/npp.mjs"]}
{"ts":"2026-06-27T23:56:37.147Z","lane":"triage","event":"done","step":null,"code":0,"ms":118}
{"ts":"2026-06-27T23:57:07.667Z","lane":"rt-snapshot","event":"start","step":null,"bin":"node","args":["/Volumes/EOS_DIGITAL/KiriPedia/botnet/lib/research-team-snapshot.mjs"]}
{"ts":"2026-06-27T23:57:08.034Z","lane":"rt-snapshot","event":"done","step":null,"code":0,"ms":366}
{"ts":"2026-06-27T23:57:33.929Z","lane":"plant","event":"start","step":"scribe-1","bin":"node","args":["/Volumes/EOS_DIGITAL/KiriPedia/botnet/workers/scribe.mjs","--worker","scribe-1","--batch","1"]}
{"ts":"2026-06-27T23:57:34.117Z","lane":"plant","event":"done","step":"scribe-1","code":0,"ms":186}
{"ts":"2026-06-27T23:57:34.118Z","lane":"plant","event":"start","step":"scribe-2","bin":"node","args":["/Volumes/EOS_DIGITAL/KiriPedia/botnet/workers/scribe.mjs","--worker","scribe-2","--batch","1"]}
{"ts":"2026-06-27T23:57:34.220Z","lane":"plant","event":"done","step":"scribe-2","code":0,"ms":101}
{"ts":"2026-06-27T23:57:34.221Z","lane":"plant","event":"start","step":"scribe-3","bin":"node","args":["/Volumes/EOS_DIGITAL/KiriPedia/botnet/workers/scribe.mjs","--worker","scribe-3","--batch","1"]}
{"ts":"2026-06-27T23:57:34.319Z","lane":"plant","event":"done","step":"scribe-3","code":0,"ms":93}
{"ts":"2026-06-27T23:57:38.918Z","lane":"plant2","event":"start","step":"cat-1","bin":"node","args":["/Volumes/EOS_DIGITAL/KiriPedia/botnet/workers/cataloger-editor.mjs","--worker","cataloger-1","--batch","1"]}
{"ts":"2026-06-27T23:57:39.035Z","lane":"plant2","event":"done","step":"cat-1","code":0,"ms":116}
{"ts":"2026-06-27T23:57:39.035Z","lane":"plant2","event":"start","step":"cat-2","bin":"node","args":["/Volumes/EOS_DIGITAL/KiriPedia/botnet/workers/cataloger-editor.mjs","--worker","cataloger-2","--batch","1"]}
{"ts":"2026-06-27T23:57:39.139Z","lane":"plant2","event":"done","step":"cat-2","code":0,"ms":96}
{"ts":"2026-06-27T23:57:41.388Z","lane":"snapshot","event":"start","step":null,"bin":"node","args":["/Volumes/EOS_DIGITAL/KiriPedia/botnet/lib/snapshot-writer.mjs"]}
{"ts":"2026-06-27T23:57:41.525Z","lane":"snapshot","event":"done","step":null,"code":0,"ms":135}
{"ts":"2026-06-27T23:58:08.039Z","lane":"rt-snapshot","event":"start","step":null,"bin":"node","args":["/Volumes/EOS_DIGITAL/KiriPedia/botnet/lib/research-team-snapshot.mjs"]}
{"ts":"2026-06-27T23:58:08.408Z","lane":"rt-snapshot","event":"done","step":null,"code":0,"ms":366}
{"ts":"2026-06-27T23:58:52.196Z","lane":"weaver2","event":"start","step":null,"bin":"node","args":["/Volumes/EOS_DIGITAL/KiriPedia/botnet/workers/reweaver.mjs","--batch","3"]}
{"ts":"2026-06-27T23:59:04.877Z","lane":"indexer","event":"start","step":null,"bin":"node","args":["/Volumes/EOS_DIGITAL/KiriPedia/botnet/workers/indexer.mjs"]}
{"ts":"2026-06-27T23:59:07.995Z","lane":"indexer","event":"done","step":null,"code":0,"ms":3116}
{"ts":"2026-06-27T23:59:08.412Z","lane":"rt-snapshot","event":"start","step":null,"bin":"node","args":["/Volumes/EOS_DIGITAL/KiriPedia/botnet/lib/research-team-snapshot.mjs"]}
{"ts":"2026-06-27T23:59:08.658Z","lane":"rt-snapshot","event":"done","step":null,"code":0,"ms":245}
{"ts":"2026-06-27T23:59:09.259Z","lane":"weaver2","event":"done","step":null,"code":0,"ms":17056}
{"ts":"2026-06-27T23:59:11.761Z","lane":"plant","event":"start","step":"scribe-1","bin":"node","args":["/Volumes/EOS_DIGITAL/KiriPedia/botnet/workers/scribe.mjs","--worker","scribe-1","--batch","1"]}
{"ts":"2026-06-27T23:59:11.872Z","lane":"plant","event":"done","step":"scribe-1","code":0,"ms":111}
{"ts":"2026-06-27T23:59:11.873Z","lane":"plant","event":"start","step":"scribe-2","bin":"node","args":["/Volumes/EOS_DIGITAL/KiriPedia/botnet/workers/scribe.mjs","--worker","scribe-2","--batch","1"]}
{"ts":"2026-06-27T23:59:11.987Z","lane":"plant","event":"done","step":"scribe-2","code":0,"ms":100}
{"ts":"2026-06-27T23:59:11.987Z","lane":"plant","event":"start","step":"scribe-3","bin":"node","args":["/Volumes/EOS_DIGITAL/KiriPedia/botnet/workers/scribe.mjs","--worker","scribe-3","--batch","1"]}
{"ts":"2026-06-27T23:59:12.084Z","lane":"plant","event":"done","step":"scribe-3","code":0,"ms":95}
{"ts":"2026-06-27T23:59:27.846Z","lane":"plant2","event":"start","step":"cat-1","bin":"node","args":["/Volumes/EOS_DIGITAL/KiriPedia/botnet/workers/cataloger-editor.mjs","--worker","cataloger-1","--batch","1"]}
{"ts":"2026-06-27T23:59:28.068Z","lane":"plant2","event":"done","step":"cat-1","code":0,"ms":219}
{"ts":"2026-06-27T23:59:28.068Z","lane":"plant2","event":"start","step":"cat-2","bin":"node","args":["/Volumes/EOS_DIGITAL/KiriPedia/botnet/workers/cataloger-editor.mjs","--worker","cataloger-2","--batch","1"]}
{"ts":"2026-06-27T23:59:28.176Z","lane":"plant2","event":"done","step":"cat-2","code":0,"ms":103}
{"ts":"2026-06-28T00:00:08.663Z","lane":"rt-snapshot","event":"start","step":null,"bin":"node","args":["/Volumes/EOS_DIGITAL/KiriPedia/botnet/lib/research-team-snapshot.mjs"]}
{"ts":"2026-06-28T00:00:09.053Z","lane":"rt-snapshot","event":"done","step":null,"code":0,"ms":385}
{"ts":"2026-06-28T00:00:28.584Z","lane":"plant","event":"start","step":"scribe-1","bin":"node","args":["/Volumes/EOS_DIGITAL/KiriPedia/botnet/workers/scribe.mjs","--worker","scribe-1","--batch","1"]}
{"ts":"2026-06-28T00:00:28.782Z","lane":"plant","event":"done","step":"scribe-1","code":0,"ms":196}
{"ts":"2026-06-28T00:00:28.782Z","lane":"plant","event":"start","step":"scribe-2","bin":"node","args":["/Volumes/EOS_DIGITAL/KiriPedia/botnet/workers/scribe.mjs","--worker","scribe-2","--batch","1"]}
{"ts":"2026-06-28T00:00:28.878Z","lane":"plant","event":"done","step":"scribe-2","code":0,"ms":94}
{"ts":"2026-06-28T00:00:28.878Z","lane":"plant","event":"start","step":"scribe-3","bin":"node","args":["/Volumes/EOS_DIGITAL/KiriPedia/botnet/workers/scribe.mjs","--worker","scribe-3","--batch","1"]}
{"ts":"2026-06-28T00:00:28.972Z","lane":"plant","event":"done","step":"scribe-3","code":0,"ms":92}
{"ts":"2026-06-28T00:01:09.059Z","lane":"rt-snapshot","event":"start","step":null,"bin":"node","args":["/Volumes/EOS_DIGITAL/KiriPedia/botnet/lib/research-team-snapshot.mjs"]}
{"ts":"2026-06-28T00:01:12.473Z","lane":"rt-snapshot","event":"done","step":null,"code":0,"ms":3275}
{"ts":"2026-06-28T00:01:15.346Z","lane":"plant2","event":"start","step":"cat-1","bin":"node","args":["/Volumes/EOS_DIGITAL/KiriPedia/botnet/workers/cataloger-editor.mjs","--worker","cataloger-1","--batch","1"]}
{"ts":"2026-06-28T00:01:15.494Z","lane":"plant2","event":"done","step":"cat-1","code":0,"ms":144}
{"ts":"2026-06-28T00:01:15.495Z","lane":"plant2","event":"start","step":"cat-2","bin":"node","args":["/Volumes/EOS_DIGITAL/KiriPedia/botnet/workers/cataloger-editor.mjs","--worker","cataloger-2","--batch","1"]}
{"ts":"2026-06-28T00:01:15.618Z","lane":"plant2","event":"done","step":"cat-2","code":0,"ms":114}
{"ts":"2026-06-28T00:01:21.654Z","lane":"discretion","event":"start","step":null,"bin":"node","args":["/Volumes/EOS_DIGITAL/KiriPedia/botnet/workers/discretion-warden.mjs","--batch","20"]}
{"ts":"2026-06-28T00:01:21.769Z","lane":"discretion","event":"done","step":null,"code":0,"ms":114}
{"ts":"2026-06-28T00:01:25.776Z","lane":"reviewer","event":"start","step":null,"bin":"node","args":["/Volumes/EOS_DIGITAL/KiriPedia/botnet/workers/reviewer.mjs"]}
{"ts":"2026-06-28T00:01:25.890Z","lane":"reviewer","event":"done","step":null,"code":0,"ms":112}
{"ts":"2026-06-28T00:01:53.813Z","lane":"plant","event":"start","step":"scribe-1","bin":"node","args":["/Volumes/EOS_DIGITAL/KiriPedia/botnet/workers/scribe.mjs","--worker","scribe-1","--batch","1"]}
{"ts":"2026-06-28T00:01:54.021Z","lane":"plant","event":"done","step":"scribe-1","code":0,"ms":206}
{"ts":"2026-06-28T00:01:54.021Z","lane":"plant","event":"start","step":"scribe-2","bin":"node","args":["/Volumes/EOS_DIGITAL/KiriPedia/botnet/workers/scribe.mjs","--worker","scribe-2","--batch","1"]}
{"ts":"2026-06-28T00:01:54.116Z","lane":"plant","event":"done","step":"scribe-2","code":0,"ms":93}
{"ts":"2026-06-28T00:01:54.116Z","lane":"plant","event":"start","step":"scribe-3","bin":"node","args":["/Volumes/EOS_DIGITAL/KiriPedia/botnet/workers/scribe.mjs","--worker","scribe-3","--batch","1"]}
{"ts":"2026-06-28T00:01:54.215Z","lane":"plant","event":"done","step":"scribe-3","code":0,"ms":98}
{"ts":"2026-06-28T00:02:12.484Z","lane":"rt-snapshot","event":"start","step":null,"bin":"node","args":["/Volumes/EOS_DIGITAL/KiriPedia/botnet/lib/research-team-snapshot.mjs"]}
{"ts":"2026-06-28T00:02:12.848Z","lane":"rt-snapshot","event":"done","step":null,"code":0,"ms":362}
{"ts":"2026-06-28T00:02:35.116Z","lane":"splitter","event":"start","step":null,"bin":"node","args":["/Volumes/EOS_DIGITAL/KiriPedia/botnet/workers/first-third-splitter.mjs","--batch","30"]}
{"ts":"2026-06-28T00:02:35.319Z","lane":"splitter","event":"done","step":null,"code":0,"ms":200}
{"ts":"2026-06-28T00:02:41.535Z","lane":"snapshot","event":"start","step":null,"bin":"node","args":["/Volumes/EOS_DIGITAL/KiriPedia/botnet/lib/snapshot-writer.mjs"]}
{"ts":"2026-06-28T00:02:41.682Z","lane":"snapshot","event":"done","step":null,"code":0,"ms":147}
{"ts":"2026-06-28T00:02:55.619Z","lane":"catch-import","event":"start","step":null,"bin":"node","args":["/Volumes/EOS_DIGITAL/KiriPedia/botnet/workers/catch-importer.mjs","--auto-trust"]}
{"ts":"2026-06-28T00:02:55.821Z","lane":"catch-import","event":"done","step":null,"code":0,"ms":199}
{"ts":"2026-06-28T00:03:07.952Z","lane":"mos-enforcer","event":"start","step":null,"bin":"node","args":["/Volumes/EOS_DIGITAL/KiriPedia/botnet/workers/mos-enforcer.mjs"]}
{"ts":"2026-06-28T00:03:09.483Z","lane":"mos-enforcer","event":"done","step":null,"code":0,"ms":1529}
{"ts":"2026-06-28T00:03:12.863Z","lane":"rt-snapshot","event":"start","step":null,"bin":"node","args":["/Volumes/EOS_DIGITAL/KiriPedia/botnet/lib/research-team-snapshot.mjs"]}
{"ts":"2026-06-28T00:03:13.127Z","lane":"rt-snapshot","event":"done","step":null,"code":0,"ms":263}
{"ts":"2026-06-28T00:03:13.635Z","lane":"plant2","event":"start","step":"cat-1","bin":"node","args":["/Volumes/EOS_DIGITAL/KiriPedia/botnet/workers/cataloger-editor.mjs","--worker","cataloger-1","--batch","1"]}
{"ts":"2026-06-28T00:03:13.794Z","lane":"plant2","event":"done","step":"cat-1","code":0,"ms":153}
{"ts":"2026-06-28T00:03:13.795Z","lane":"plant2","event":"start","step":"cat-2","bin":"node","args":["/Volumes/EOS_DIGITAL/KiriPedia/botnet/workers/cataloger-editor.mjs","--worker","cataloger-2","--batch","1"]}
{"ts":"2026-06-28T00:03:13.891Z","lane":"plant2","event":"done","step":"cat-2","code":0,"ms":92}
{"ts":"2026-06-28T00:03:23.764Z","lane":"office","event":"start","step":null,"bin":"node","args":["/Volumes/EOS_DIGITAL/KiriPedia/botnet/workers/office-manager.mjs"]}
{"ts":"2026-06-28T00:03:29.121Z","lane":"coord","event":"start","step":null,"bin":"node","args":["/Volumes/EOS_DIGITAL/KiriPedia/botnet/workers/coordinator.mjs"]}
{"ts":"2026-06-28T00:03:29.207Z","lane":"coord","event":"done","step":null,"code":0,"ms":86}
{"ts":"2026-06-28T00:03:29.262Z","lane":"plant","event":"start","step":"scribe-1","bin":"node","args":["/Volumes/EOS_DIGITAL/KiriPedia/botnet/workers/scribe.mjs","--worker","scribe-1","--batch","1"]}
{"ts":"2026-06-28T00:03:29.346Z","lane":"plant","event":"done","step":"scribe-1","code":0,"ms":84}
{"ts":"2026-06-28T00:03:29.346Z","lane":"plant","event":"start","step":"scribe-2","bin":"node","args":["/Volumes/EOS_DIGITAL/KiriPedia/botnet/workers/scribe.mjs","--worker","scribe-2","--batch","1"]}
{"ts":"2026-06-28T00:03:29.434Z","lane":"plant","event":"done","step":"scribe-2","code":0,"ms":86}
{"ts":"2026-06-28T00:03:29.436Z","lane":"plant","event":"start","step":"scribe-3","bin":"node","args":["/Volumes/EOS_DIGITAL/KiriPedia/botnet/workers/scribe.mjs","--worker","scribe-3","--batch","1"]}
{"ts":"2026-06-28T00:03:29.542Z","lane":"plant","event":"done","step":"scribe-3","code":0,"ms":105}
{"ts":"2026-06-28T00:04:03.295Z","lane":"office","event":"done","step":null,"code":0,"ms":39529}
{"ts":"2026-06-28T00:04:13.139Z","lane":"rt-snapshot","event":"start","step":null,"bin":"node","args":["/Volumes/EOS_DIGITAL/KiriPedia/botnet/lib/research-team-snapshot.mjs"]}
{"ts":"2026-06-28T00:04:13.458Z","lane":"rt-snapshot","event":"done","step":null,"code":0,"ms":317}
{"ts":"2026-06-28T00:04:23.585Z","lane":"diff-sentinel","event":"start","step":null,"bin":"node","args":["/Volumes/EOS_DIGITAL/KiriPedia/botnet/workers/diff-sentinel.mjs"]}
{"ts":"2026-06-28T00:04:23.891Z","lane":"diff-sentinel","event":"done","step":null,"code":0,"ms":304}
{"ts":"2026-06-28T00:04:35.077Z","lane":"triage-patroller","event":"start","step":null,"bin":"node","args":["/Volumes/EOS_DIGITAL/KiriPedia/botnet/workers/triage-patroller.mjs","--per-role","25"]}
{"ts":"2026-06-28T00:04:38.277Z","lane":"triage-patroller","event":"done","step":null,"code":0,"ms":3199}
{"ts":"2026-06-28T00:04:50.110Z","lane":"shape-auditor","event":"start","step":null,"bin":"node","args":["/Volumes/EOS_DIGITAL/KiriPedia/botnet/workers/shape-auditor.mjs","--threshold","5"]}
{"ts":"2026-06-28T00:04:50.715Z","lane":"shape-auditor","event":"done","step":null,"code":0,"ms":603}
{"ts":"2026-06-28T00:04:51.066Z","lane":"plant","event":"start","step":"scribe-1","bin":"node","args":["/Volumes/EOS_DIGITAL/KiriPedia/botnet/workers/scribe.mjs","--worker","scribe-1","--batch","1"]}
{"ts":"2026-06-28T00:04:51.288Z","lane":"plant","event":"done","step":"scribe-1","code":0,"ms":222}
{"ts":"2026-06-28T00:04:51.288Z","lane":"plant","event":"start","step":"scribe-2","bin":"node","args":["/Volumes/EOS_DIGITAL/KiriPedia/botnet/workers/scribe.mjs","--worker","scribe-2","--batch","1"]}
{"ts":"2026-06-28T00:04:51.388Z","lane":"plant","event":"done","step":"scribe-2","code":0,"ms":99}
{"ts":"2026-06-28T00:04:51.388Z","lane":"plant","event":"start","step":"scribe-3","bin":"node","args":["/Volumes/EOS_DIGITAL/KiriPedia/botnet/workers/scribe.mjs","--worker","scribe-3","--batch","1"]}
{"ts":"2026-06-28T00:04:51.482Z","lane":"plant","event":"done","step":"scribe-3","code":0,"ms":92}
{"ts":"2026-06-28T00:04:51.484Z","lane":"prospect","event":"start","step":null,"bin":"node","args":["/Volumes/EOS_DIGITAL/KiriPedia/botnet/workers/prospector.mjs","--batch","2"]}
{"ts":"2026-06-28T00:05:11.375Z","lane":"prospect","event":"done","step":null,"code":0,"ms":19891}
{"ts":"2026-06-28T00:05:13.463Z","lane":"rt-snapshot","event":"start","step":null,"bin":"node","args":["/Volumes/EOS_DIGITAL/KiriPedia/botnet/lib/research-team-snapshot.mjs"]}
{"ts":"2026-06-28T00:05:13.785Z","lane":"rt-snapshot","event":"done","step":null,"code":0,"ms":320}
{"ts":"2026-06-28T00:05:26.320Z","lane":"plant2","event":"start","step":"cat-1","bin":"node","args":["/Volumes/EOS_DIGITAL/KiriPedia/botnet/workers/cataloger-editor.mjs","--worker","cataloger-1","--batch","1"]}
{"ts":"2026-06-28T00:05:26.510Z","lane":"plant2","event":"done","step":"cat-1","code":0,"ms":187}
{"ts":"2026-06-28T00:05:26.510Z","lane":"plant2","event":"start","step":"cat-2","bin":"node","args":["/Volumes/EOS_DIGITAL/KiriPedia/botnet/workers/cataloger-editor.mjs","--worker","cataloger-2","--batch","1"]}
{"ts":"2026-06-28T00:05:26.608Z","lane":"plant2","event":"done","step":"cat-2","code":0,"ms":94}
{"ts":"2026-06-28T00:06:12.365Z","lane":"plant","event":"start","step":"scribe-1","bin":"node","args":["/Volumes/EOS_DIGITAL/KiriPedia/botnet/workers/scribe.mjs","--worker","scribe-1","--batch","1"]}
{"ts":"2026-06-28T00:06:12.545Z","lane":"plant","event":"done","step":"scribe-1","code":0,"ms":175}
{"ts":"2026-06-28T00:06:12.545Z","lane":"plant","event":"start","step":"scribe-2","bin":"node","args":["/Volumes/EOS_DIGITAL/KiriPedia/botnet/workers/scribe.mjs","--worker","scribe-2","--batch","1"]}
{"ts":"2026-06-28T00:06:12.640Z","lane":"plant","event":"done","step":"scribe-2","code":0,"ms":94}
{"ts":"2026-06-28T00:06:12.640Z","lane":"plant","event":"start","step":"scribe-3","bin":"node","args":["/Volumes/EOS_DIGITAL/KiriPedia/botnet/workers/scribe.mjs","--worker","scribe-3","--batch","1"]}
{"ts":"2026-06-28T00:06:12.736Z","lane":"plant","event":"done","step":"scribe-3","code":0,"ms":95}
{"ts":"2026-06-28T00:06:13.789Z","lane":"rt-snapshot","event":"start","step":null,"bin":"node","args":["/Volumes/EOS_DIGITAL/KiriPedia/botnet/lib/research-team-snapshot.mjs"]}
{"ts":"2026-06-28T00:06:14.077Z","lane":"rt-snapshot","event":"done","step":null,"code":0,"ms":287}
{"ts":"2026-06-28T00:06:22.292Z","lane":"triage","event":"start","step":null,"bin":"node","args":["/Volumes/EOS_DIGITAL/KiriPedia/botnet/workers/npp.mjs"]}
{"ts":"2026-06-28T00:06:22.435Z","lane":"triage","event":"done","step":null,"code":0,"ms":141}
{"ts":"2026-06-28T00:06:26.996Z","lane":"reviewer","event":"start","step":null,"bin":"node","args":["/Volumes/EOS_DIGITAL/KiriPedia/botnet/workers/reviewer.mjs"]}
{"ts":"2026-06-28T00:06:27.108Z","lane":"reviewer","event":"done","step":null,"code":0,"ms":111}
{"ts":"2026-06-28T00:07:14.082Z","lane":"rt-snapshot","event":"start","step":null,"bin":"node","args":["/Volumes/EOS_DIGITAL/KiriPedia/botnet/lib/research-team-snapshot.mjs"]}
{"ts":"2026-06-28T00:07:14.513Z","lane":"rt-snapshot","event":"done","step":null,"code":0,"ms":424}
{"ts":"2026-06-28T00:07:34.977Z","lane":"plant2","event":"start","step":"cat-1","bin":"node","args":["/Volumes/EOS_DIGITAL/KiriPedia/botnet/workers/cataloger-editor.mjs","--worker","cataloger-1","--batch","1"]}
{"ts":"2026-06-28T00:07:35.174Z","lane":"plant2","event":"done","step":"cat-1","code":0,"ms":195}
{"ts":"2026-06-28T00:07:35.174Z","lane":"plant2","event":"start","step":"cat-2","bin":"node","args":["/Volumes/EOS_DIGITAL/KiriPedia/botnet/workers/cataloger-editor.mjs","--worker","cataloger-2","--batch","1"]}
{"ts":"2026-06-28T00:07:35.274Z","lane":"plant2","event":"done","step":"cat-2","code":0,"ms":97}
{"ts":"2026-06-28T00:07:41.710Z","lane":"snapshot","event":"start","step":null,"bin":"node","args":["/Volumes/EOS_DIGITAL/KiriPedia/botnet/lib/snapshot-writer.mjs"]}
{"ts":"2026-06-28T00:07:41.854Z","lane":"snapshot","event":"done","step":null,"code":0,"ms":142}
{"ts":"2026-06-28T00:07:49.023Z","lane":"plant","event":"start","step":"scribe-1","bin":"node","args":["/Volumes/EOS_DIGITAL/KiriPedia/botnet/workers/scribe.mjs","--worker","scribe-1","--batch","1"]}
{"ts":"2026-06-28T00:07:49.138Z","lane":"plant","event":"done","step":"scribe-1","code":0,"ms":114}
{"ts":"2026-06-28T00:07:49.138Z","lane":"plant","event":"start","step":"scribe-2","bin":"node","args":["/Volumes/EOS_DIGITAL/KiriPedia/botnet/workers/scribe.mjs","--worker","scribe-2","--batch","1"]}
{"ts":"2026-06-28T00:07:49.233Z","lane":"plant","event":"done","step":"scribe-2","code":0,"ms":94}
{"ts":"2026-06-28T00:07:49.234Z","lane":"plant","event":"start","step":"scribe-3","bin":"node","args":["/Volumes/EOS_DIGITAL/KiriPedia/botnet/workers/scribe.mjs","--worker","scribe-3","--batch","1"]}
{"ts":"2026-06-28T00:07:49.329Z","lane":"plant","event":"done","step":"scribe-3","code":0,"ms":92}
{"ts":"2026-06-28T00:07:51.493Z","lane":"sentry","event":"start","step":null,"bin":"node","args":["/Volumes/EOS_DIGITAL/KiriPedia/botnet/workers/mouth-sentry.mjs"]}
{"ts":"2026-06-28T00:07:51.630Z","lane":"sentry","event":"done","step":null,"code":0,"ms":136}
{"ts":"2026-06-28T00:08:07.672Z","lane":"discretion","event":"start","step":null,"bin":"node","args":["/Volumes/EOS_DIGITAL/KiriPedia/botnet/workers/discretion-warden.mjs","--batch","20"]}
{"ts":"2026-06-28T00:08:07.842Z","lane":"discretion","event":"done","step":null,"code":0,"ms":167}
{"ts":"2026-06-28T00:08:14.519Z","lane":"rt-snapshot","event":"start","step":null,"bin":"node","args":["/Volumes/EOS_DIGITAL/KiriPedia/botnet/lib/research-team-snapshot.mjs"]}
{"ts":"2026-06-28T00:08:14.810Z","lane":"rt-snapshot","event":"done","step":null,"code":0,"ms":288}
{"ts":"2026-06-28T00:09:12.836Z","lane":"splitter","event":"start","step":null,"bin":"node","args":["/Volumes/EOS_DIGITAL/KiriPedia/botnet/workers/first-third-splitter.mjs","--batch","30"]}
{"ts":"2026-06-28T00:09:13.056Z","lane":"splitter","event":"done","step":null,"code":0,"ms":213}
{"ts":"2026-06-28T00:09:14.814Z","lane":"rt-snapshot","event":"start","step":null,"bin":"node","args":["/Volumes/EOS_DIGITAL/KiriPedia/botnet/lib/research-team-snapshot.mjs"]}
{"ts":"2026-06-28T00:09:15.107Z","lane":"rt-snapshot","event":"done","step":null,"code":0,"ms":293}
{"ts":"2026-06-28T00:09:22.956Z","lane":"plant","event":"start","step":"scribe-1","bin":"node","args":["/Volumes/EOS_DIGITAL/KiriPedia/botnet/workers/scribe.mjs","--worker","scribe-1","--batch","1"]}
{"ts":"2026-06-28T00:09:23.088Z","lane":"plant","event":"done","step":"scribe-1","code":0,"ms":129}
{"ts":"2026-06-28T00:09:23.088Z","lane":"plant","event":"start","step":"scribe-2","bin":"node","args":["/Volumes/EOS_DIGITAL/KiriPedia/botnet/workers/scribe.mjs","--worker","scribe-2","--batch","1"]}
{"ts":"2026-06-28T00:09:23.187Z","lane":"plant","event":"done","step":"scribe-2","code":0,"ms":98}
{"ts":"2026-06-28T00:09:23.187Z","lane":"plant","event":"start","step":"scribe-3","bin":"node","args":["/Volumes/EOS_DIGITAL/KiriPedia/botnet/workers/scribe.mjs","--worker","scribe-3","--batch","1"]}
{"ts":"2026-06-28T00:09:23.286Z","lane":"plant","event":"done","step":"scribe-3","code":0,"ms":98}
{"ts":"2026-06-28T00:09:35.344Z","lane":"plant2","event":"start","step":"cat-1","bin":"node","args":["/Volumes/EOS_DIGITAL/KiriPedia/botnet/workers/cataloger-editor.mjs","--worker","cataloger-1","--batch","1"]}
{"ts":"2026-06-28T00:09:35.561Z","lane":"plant2","event":"done","step":"cat-1","code":0,"ms":215}
{"ts":"2026-06-28T00:09:35.561Z","lane":"plant2","event":"start","step":"cat-2","bin":"node","args":["/Volumes/EOS_DIGITAL/KiriPedia/botnet/workers/cataloger-editor.mjs","--worker","cataloger-2","--batch","1"]}
{"ts":"2026-06-28T00:09:35.657Z","lane":"plant2","event":"done","step":"cat-2","code":0,"ms":95}
{"ts":"2026-06-28T00:10:15.112Z","lane":"rt-snapshot","event":"start","step":null,"bin":"node","args":["/Volumes/EOS_DIGITAL/KiriPedia/botnet/lib/research-team-snapshot.mjs"]}
{"ts":"2026-06-28T00:10:15.500Z","lane":"rt-snapshot","event":"done","step":null,"code":0,"ms":380}
{"ts":"2026-06-28T00:10:45.391Z","lane":"mining","event":"start","step":"deepener","bin":"node","args":["/Volumes/EOS_DIGITAL/KiriPedia/botnet/workers/deepener.mjs","--batch","5"]}
{"ts":"2026-06-28T00:10:59.362Z","lane":"plant","event":"start","step":"scribe-1","bin":"node","args":["/Volumes/EOS_DIGITAL/KiriPedia/botnet/workers/scribe.mjs","--worker","scribe-1","--batch","1"]}
{"ts":"2026-06-28T00:10:59.497Z","lane":"plant","event":"done","step":"scribe-1","code":0,"ms":133}
{"ts":"2026-06-28T00:10:59.497Z","lane":"plant","event":"start","step":"scribe-2","bin":"node","args":["/Volumes/EOS_DIGITAL/KiriPedia/botnet/workers/scribe.mjs","--worker","scribe-2","--batch","1"]}
{"ts":"2026-06-28T00:10:59.593Z","lane":"plant","event":"done","step":"scribe-2","code":0,"ms":93}
{"ts":"2026-06-28T00:10:59.593Z","lane":"plant","event":"start","step":"scribe-3","bin":"node","args":["/Volumes/EOS_DIGITAL/KiriPedia/botnet/workers/scribe.mjs","--worker","scribe-3","--batch","1"]}
{"ts":"2026-06-28T00:10:59.692Z","lane":"plant","event":"done","step":"scribe-3","code":0,"ms":98}
{"ts":"2026-06-28T00:11:13.652Z","lane":"reviewer","event":"start","step":null,"bin":"node","args":["/Volumes/EOS_DIGITAL/KiriPedia/botnet/workers/reviewer.mjs"]}
{"ts":"2026-06-28T00:11:13.820Z","lane":"reviewer","event":"done","step":null,"code":0,"ms":166}
{"ts":"2026-06-28T00:11:15.503Z","lane":"rt-snapshot","event":"start","step":null,"bin":"node","args":["/Volumes/EOS_DIGITAL/KiriPedia/botnet/lib/research-team-snapshot.mjs"]}
{"ts":"2026-06-28T00:11:15.749Z","lane":"rt-snapshot","event":"done","step":null,"code":0,"ms":246}
{"ts":"2026-06-28T00:11:35.759Z","lane":"calendar","event":"start","step":null,"bin":"node","args":["/Volumes/EOS_DIGITAL/KiriPedia/botnet/workers/calendar-keeper.mjs"]}
{"ts":"2026-06-28T00:11:36.599Z","lane":"calendar","event":"done","step":null,"code":0,"ms":838}
{"ts":"2026-06-28T00:11:41.610Z","lane":"mining","event":"done","step":"deepener","code":0,"ms":56216}
{"ts":"2026-06-28T00:11:41.610Z","lane":"mining","event":"start","step":"enricher","bin":"node","args":["/Volumes/EOS_DIGITAL/KiriPedia/botnet/workers/enricher.mjs","--batch","5"]}
{"ts":"2026-06-28T00:11:51.167Z","lane":"plant2","event":"start","step":"cat-1","bin":"node","args":["/Volumes/EOS_DIGITAL/KiriPedia/botnet/workers/cataloger-editor.mjs","--worker","cataloger-1","--batch","1"]}
{"ts":"2026-06-28T00:11:51.305Z","lane":"plant2","event":"done","step":"cat-1","code":0,"ms":136}
{"ts":"2026-06-28T00:11:51.305Z","lane":"plant2","event":"start","step":"cat-2","bin":"node","args":["/Volumes/EOS_DIGITAL/KiriPedia/botnet/workers/cataloger-editor.mjs","--worker","cataloger-2","--batch","1"]}
{"ts":"2026-06-28T00:11:51.397Z","lane":"plant2","event":"done","step":"cat-2","code":0,"ms":90}
{"ts":"2026-06-28T00:12:11.817Z","lane":"mining","event":"done","step":"enricher","code":0,"ms":30206}
{"ts":"2026-06-28T00:12:11.819Z","lane":"mining","event":"start","step":"weaver","bin":"node","args":["/Volumes/EOS_DIGITAL/KiriPedia/botnet/workers/weaver.mjs","--batch","5"]}
{"ts":"2026-06-28T00:12:14.749Z","lane":"mining","event":"done","step":"weaver","code":0,"ms":2929}
{"ts":"2026-06-28T00:12:15.754Z","lane":"rt-snapshot","event":"start","step":null,"bin":"node","args":["/Volumes/EOS_DIGITAL/KiriPedia/botnet/lib/research-team-snapshot.mjs"]}
{"ts":"2026-06-28T00:12:15.943Z","lane":"rt-snapshot","event":"done","step":null,"code":0,"ms":188}
{"ts":"2026-06-28T00:12:41.864Z","lane":"snapshot","event":"start","step":null,"bin":"node","args":["/Volumes/EOS_DIGITAL/KiriPedia/botnet/lib/snapshot-writer.mjs"]}
{"ts":"2026-06-28T00:12:42.057Z","lane":"snapshot","event":"done","step":null,"code":0,"ms":190}
{"ts":"2026-06-28T00:12:44.149Z","lane":"plant","event":"start","step":"scribe-1","bin":"node","args":["/Volumes/EOS_DIGITAL/KiriPedia/botnet/workers/scribe.mjs","--worker","scribe-1","--batch","1"]}
{"ts":"2026-06-28T00:12:44.266Z","lane":"plant","event":"done","step":"scribe-1","code":0,"ms":117}
{"ts":"2026-06-28T00:12:44.266Z","lane":"plant","event":"start","step":"scribe-2","bin":"node","args":["/Volumes/EOS_DIGITAL/KiriPedia/botnet/workers/scribe.mjs","--worker","scribe-2","--batch","1"]}
{"ts":"2026-06-28T00:12:44.360Z","lane":"plant","event":"done","step":"scribe-2","code":0,"ms":93}
{"ts":"2026-06-28T00:12:44.360Z","lane":"plant","event":"start","step":"scribe-3","bin":"node","args":["/Volumes/EOS_DIGITAL/KiriPedia/botnet/workers/scribe.mjs","--worker","scribe-3","--batch","1"]}
{"ts":"2026-06-28T00:12:44.450Z","lane":"plant","event":"done","step":"scribe-3","code":0,"ms":88}
{"ts":"2026-06-28T00:12:59.081Z","lane":"catch-import","event":"start","step":null,"bin":"node","args":["/Volumes/EOS_DIGITAL/KiriPedia/botnet/workers/catch-importer.mjs","--auto-trust"]}
{"ts":"2026-06-28T00:12:59.253Z","lane":"catch-import","event":"done","step":null,"code":0,"ms":169}
{"ts":"2026-06-28T00:13:15.948Z","lane":"rt-snapshot","event":"start","step":null,"bin":"node","args":["/Volumes/EOS_DIGITAL/KiriPedia/botnet/lib/research-team-snapshot.mjs"]}
{"ts":"2026-06-28T00:13:16.324Z","lane":"rt-snapshot","event":"done","step":null,"code":0,"ms":374}
{"ts":"2026-06-28T00:13:58.453Z","lane":"office","event":"start","step":null,"bin":"node","args":["/Volumes/EOS_DIGITAL/KiriPedia/botnet/workers/office-manager.mjs"]}
{"ts":"2026-06-28T00:13:59.997Z","lane":"office","event":"done","step":null,"code":0,"ms":1539}
{"ts":"2026-06-28T00:14:02.877Z","lane":"plant2","event":"start","step":"cat-1","bin":"node","args":["/Volumes/EOS_DIGITAL/KiriPedia/botnet/workers/cataloger-editor.mjs","--worker","cataloger-1","--batch","1"]}
{"ts":"2026-06-28T00:14:03.000Z","lane":"plant2","event":"done","step":"cat-1","code":0,"ms":122}
{"ts":"2026-06-28T00:14:03.001Z","lane":"plant2","event":"start","step":"cat-2","bin":"node","args":["/Volumes/EOS_DIGITAL/KiriPedia/botnet/workers/cataloger-editor.mjs","--worker","cataloger-2","--batch","1"]}
{"ts":"2026-06-28T00:14:03.097Z","lane":"plant2","event":"done","step":"cat-2","code":0,"ms":93}
{"ts":"2026-06-28T00:14:03.549Z","lane":"trawler","event":"start","step":null,"bin":"node","args":["/Volumes/EOS_DIGITAL/KiriPedia/fleet/trawlers/youtube.mjs"]}
{"ts":"2026-06-28T00:14:16.329Z","lane":"rt-snapshot","event":"start","step":null,"bin":"node","args":["/Volumes/EOS_DIGITAL/KiriPedia/botnet/lib/research-team-snapshot.mjs"]}
{"ts":"2026-06-28T00:14:16.689Z","lane":"rt-snapshot","event":"done","step":null,"code":0,"ms":358}
{"ts":"2026-06-28T00:14:16.733Z","lane":"plant","event":"start","step":"scribe-1","bin":"node","args":["/Volumes/EOS_DIGITAL/KiriPedia/botnet/workers/scribe.mjs","--worker","scribe-1","--batch","1"]}
{"ts":"2026-06-28T00:14:16.830Z","lane":"plant","event":"done","step":"scribe-1","code":0,"ms":97}
{"ts":"2026-06-28T00:14:16.830Z","lane":"plant","event":"start","step":"scribe-2","bin":"node","args":["/Volumes/EOS_DIGITAL/KiriPedia/botnet/workers/scribe.mjs","--worker","scribe-2","--batch","1"]}
{"ts":"2026-06-28T00:14:16.922Z","lane":"plant","event":"done","step":"scribe-2","code":0,"ms":87}
{"ts":"2026-06-28T00:14:16.922Z","lane":"plant","event":"start","step":"scribe-3","bin":"node","args":["/Volumes/EOS_DIGITAL/KiriPedia/botnet/workers/scribe.mjs","--worker","scribe-3","--batch","1"]}
{"ts":"2026-06-28T00:14:17.032Z","lane":"plant","event":"done","step":"scribe-3","code":0,"ms":108}
{"ts":"2026-06-28T00:14:40.031Z","lane":"triage-patroller","event":"start","step":null,"bin":"node","args":["/Volumes/EOS_DIGITAL/KiriPedia/botnet/workers/triage-patroller.mjs","--per-role","25"]}
{"ts":"2026-06-28T00:14:43.244Z","lane":"triage-patroller","event":"done","step":null,"code":0,"ms":3211}
{"ts":"2026-06-28T00:14:44.566Z","lane":"discretion","event":"start","step":null,"bin":"node","args":["/Volumes/EOS_DIGITAL/KiriPedia/botnet/workers/discretion-warden.mjs","--batch","20"]}
{"ts":"2026-06-28T00:14:44.677Z","lane":"discretion","event":"done","step":null,"code":0,"ms":110}
{"ts":"2026-06-28T00:15:16.694Z","lane":"rt-snapshot","event":"start","step":null,"bin":"node","args":["/Volumes/EOS_DIGITAL/KiriPedia/botnet/lib/research-team-snapshot.mjs"]}
{"ts":"2026-06-28T00:15:17.077Z","lane":"rt-snapshot","event":"done","step":null,"code":0,"ms":378}
{"ts":"2026-06-28T00:15:17.399Z","lane":"re-reader","event":"start","step":null,"bin":"node","args":["/Volumes/EOS_DIGITAL/KiriPedia/botnet/workers/re-reader.mjs","--worker","re-reader-1","--batch","2"]}
{"ts":"2026-06-28T00:15:41.870Z","lane":"plant","event":"start","step":"scribe-1","bin":"node","args":["/Volumes/EOS_DIGITAL/KiriPedia/botnet/workers/scribe.mjs","--worker","scribe-1","--batch","1"]}
{"ts":"2026-06-28T00:15:42.003Z","lane":"plant","event":"done","step":"scribe-1","code":0,"ms":131}
{"ts":"2026-06-28T00:15:42.004Z","lane":"plant","event":"start","step":"scribe-2","bin":"node","args":["/Volumes/EOS_DIGITAL/KiriPedia/botnet/workers/scribe.mjs","--worker","scribe-2","--batch","1"]}
{"ts":"2026-06-28T00:15:42.090Z","lane":"plant","event":"done","step":"scribe-2","code":0,"ms":85}
{"ts":"2026-06-28T00:15:42.090Z","lane":"plant","event":"start","step":"scribe-3","bin":"node","args":["/Volumes/EOS_DIGITAL/KiriPedia/botnet/workers/scribe.mjs","--worker","scribe-3","--batch","1"]}
{"ts":"2026-06-28T00:15:42.184Z","lane":"plant","event":"done","step":"scribe-3","code":0,"ms":92}
{"ts":"2026-06-28T00:15:51.398Z","lane":"plant2","event":"start","step":"cat-1","bin":"node","args":["/Volumes/EOS_DIGITAL/KiriPedia/botnet/workers/cataloger-editor.mjs","--worker","cataloger-1","--batch","1"]}
{"ts":"2026-06-28T00:15:51.530Z","lane":"plant2","event":"done","step":"cat-1","code":0,"ms":130}
{"ts":"2026-06-28T00:15:51.530Z","lane":"plant2","event":"start","step":"cat-2","bin":"node","args":["/Volumes/EOS_DIGITAL/KiriPedia/botnet/workers/cataloger-editor.mjs","--worker","cataloger-2","--batch","1"]}
{"ts":"2026-06-28T00:15:51.616Z","lane":"plant2","event":"done","step":"cat-2","code":0,"ms":85}
{"ts":"2026-06-28T00:16:05.209Z","lane":"re-reader","event":"done","step":null,"code":0,"ms":47809}
{"ts":"2026-06-28T00:16:13.326Z","lane":"splitter","event":"start","step":null,"bin":"node","args":["/Volumes/EOS_DIGITAL/KiriPedia/botnet/workers/first-third-splitter.mjs","--batch","30"]}
{"ts":"2026-06-28T00:16:13.461Z","lane":"splitter","event":"done","step":null,"code":0,"ms":133}
{"ts":"2026-06-28T00:16:17.080Z","lane":"rt-snapshot","event":"start","step":null,"bin":"node","args":["/Volumes/EOS_DIGITAL/KiriPedia/botnet/lib/research-team-snapshot.mjs"]}
{"ts":"2026-06-28T00:16:17.292Z","lane":"rt-snapshot","event":"done","step":null,"code":0,"ms":211}
{"ts":"2026-06-28T00:16:42.674Z","lane":"reviewer","event":"start","step":null,"bin":"node","args":["/Volumes/EOS_DIGITAL/KiriPedia/botnet/workers/reviewer.mjs"]}
{"ts":"2026-06-28T00:16:42.853Z","lane":"reviewer","event":"done","step":null,"code":0,"ms":177}
{"ts":"2026-06-28T00:17:06.172Z","lane":"plant","event":"start","step":"scribe-1","bin":"node","args":["/Volumes/EOS_DIGITAL/KiriPedia/botnet/workers/scribe.mjs","--worker","scribe-1","--batch","1"]}
{"ts":"2026-06-28T00:17:06.358Z","lane":"plant","event":"done","step":"scribe-1","code":0,"ms":183}
{"ts":"2026-06-28T00:17:06.359Z","lane":"plant","event":"start","step":"scribe-2","bin":"node","args":["/Volumes/EOS_DIGITAL/KiriPedia/botnet/workers/scribe.mjs","--worker","scribe-2","--batch","1"]}
{"ts":"2026-06-28T00:17:06.453Z","lane":"plant","event":"done","step":"scribe-2","code":0,"ms":92}
{"ts":"2026-06-28T00:17:06.453Z","lane":"plant","event":"start","step":"scribe-3","bin":"node","args":["/Volumes/EOS_DIGITAL/KiriPedia/botnet/workers/scribe.mjs","--worker","scribe-3","--batch","1"]}
{"ts":"2026-06-28T00:17:06.545Z","lane":"plant","event":"done","step":"scribe-3","code":0,"ms":87}
{"ts":"2026-06-28T00:17:13.944Z","lane":"triage","event":"start","step":null,"bin":"node","args":["/Volumes/EOS_DIGITAL/KiriPedia/botnet/workers/npp.mjs"]}
{"ts":"2026-06-28T00:17:14.098Z","lane":"triage","event":"done","step":null,"code":0,"ms":152}
{"ts":"2026-06-28T00:17:17.297Z","lane":"rt-snapshot","event":"start","step":null,"bin":"node","args":["/Volumes/EOS_DIGITAL/KiriPedia/botnet/lib/research-team-snapshot.mjs"]}
{"ts":"2026-06-28T00:17:17.585Z","lane":"rt-snapshot","event":"done","step":null,"code":0,"ms":288}
{"ts":"2026-06-28T00:17:40.900Z","lane":"plant2","event":"start","step":"cat-1","bin":"node","args":["/Volumes/EOS_DIGITAL/KiriPedia/botnet/workers/cataloger-editor.mjs","--worker","cataloger-1","--batch","1"]}
{"ts":"2026-06-28T00:17:41.107Z","lane":"plant2","event":"done","step":"cat-1","code":0,"ms":205}
{"ts":"2026-06-28T00:17:41.107Z","lane":"plant2","event":"start","step":"cat-2","bin":"node","args":["/Volumes/EOS_DIGITAL/KiriPedia/botnet/workers/cataloger-editor.mjs","--worker","cataloger-2","--batch","1"]}
{"ts":"2026-06-28T00:17:41.203Z","lane":"plant2","event":"done","step":"cat-2","code":0,"ms":92}
{"ts":"2026-06-28T00:17:42.067Z","lane":"snapshot","event":"start","step":null,"bin":"node","args":["/Volumes/EOS_DIGITAL/KiriPedia/botnet/lib/snapshot-writer.mjs"]}
{"ts":"2026-06-28T00:17:42.206Z","lane":"snapshot","event":"done","step":null,"code":0,"ms":138}
{"ts":"2026-06-28T00:18:17.591Z","lane":"rt-snapshot","event":"start","step":null,"bin":"node","args":["/Volumes/EOS_DIGITAL/KiriPedia/botnet/lib/research-team-snapshot.mjs"]}
{"ts":"2026-06-28T00:18:18.048Z","lane":"rt-snapshot","event":"done","step":null,"code":0,"ms":452}
{"ts":"2026-06-28T00:18:31.137Z","lane":"plant","event":"start","step":"scribe-1","bin":"node","args":["/Volumes/EOS_DIGITAL/KiriPedia/botnet/workers/scribe.mjs","--worker","scribe-1","--batch","1"]}
{"ts":"2026-06-28T00:18:31.317Z","lane":"plant","event":"done","step":"scribe-1","code":0,"ms":178}
{"ts":"2026-06-28T00:18:31.317Z","lane":"plant","event":"start","step":"scribe-2","bin":"node","args":["/Volumes/EOS_DIGITAL/KiriPedia/botnet/workers/scribe.mjs","--worker","scribe-2","--batch","1"]}
{"ts":"2026-06-28T00:18:31.412Z","lane":"plant","event":"done","step":"scribe-2","code":0,"ms":93}
{"ts":"2026-06-28T00:18:31.412Z","lane":"plant","event":"start","step":"scribe-3","bin":"node","args":["/Volumes/EOS_DIGITAL/KiriPedia/botnet/workers/scribe.mjs","--worker","scribe-3","--batch","1"]}
{"ts":"2026-06-28T00:18:31.507Z","lane":"plant","event":"done","step":"scribe-3","code":0,"ms":93}
{"ts":"2026-06-28T00:18:57.381Z","lane":"coord","event":"start","step":null,"bin":"node","args":["/Volumes/EOS_DIGITAL/KiriPedia/botnet/workers/coordinator.mjs"]}
{"ts":"2026-06-28T00:18:57.569Z","lane":"coord","event":"done","step":null,"code":0,"ms":186}
{"ts":"2026-06-28T00:19:18.054Z","lane":"rt-snapshot","event":"start","step":null,"bin":"node","args":["/Volumes/EOS_DIGITAL/KiriPedia/botnet/lib/research-team-snapshot.mjs"]}
{"ts":"2026-06-28T00:19:18.431Z","lane":"rt-snapshot","event":"done","step":null,"code":0,"ms":374}
{"ts":"2026-06-28T00:20:00.869Z","lane":"plant2","event":"start","step":"cat-1","bin":"node","args":["/Volumes/EOS_DIGITAL/KiriPedia/botnet/workers/cataloger-editor.mjs","--worker","cataloger-1","--batch","1"]}
{"ts":"2026-06-28T00:20:01.280Z","lane":"plant2","event":"done","step":"cat-1","code":0,"ms":405}
{"ts":"2026-06-28T00:20:01.280Z","lane":"plant2","event":"start","step":"cat-2","bin":"node","args":["/Volumes/EOS_DIGITAL/KiriPedia/botnet/workers/cataloger-editor.mjs","--worker","cataloger-2","--batch","1"]}
{"ts":"2026-06-28T00:20:01.824Z","lane":"plant2","event":"done","step":"cat-2","code":0,"ms":399}
{"ts":"2026-06-28T00:20:12.074Z","lane":"plant","event":"start","step":"scribe-1","bin":"node","args":["/Volumes/EOS_DIGITAL/KiriPedia/botnet/workers/scribe.mjs","--worker","scribe-1","--batch","1"]}
{"ts":"2026-06-28T00:20:12.388Z","lane":"plant","event":"done","step":"scribe-1","code":0,"ms":311}
{"ts":"2026-06-28T00:20:12.388Z","lane":"plant","event":"start","step":"scribe-2","bin":"node","args":["/Volumes/EOS_DIGITAL/KiriPedia/botnet/workers/scribe.mjs","--worker","scribe-2","--batch","1"]}
{"ts":"2026-06-28T00:20:12.507Z","lane":"plant","event":"done","step":"scribe-2","code":0,"ms":109}
{"ts":"2026-06-28T00:20:12.507Z","lane":"plant","event":"start","step":"scribe-3","bin":"node","args":["/Volumes/EOS_DIGITAL/KiriPedia/botnet/workers/scribe.mjs","--worker","scribe-3","--batch","1"]}
{"ts":"2026-06-28T00:20:12.661Z","lane":"plant","event":"done","step":"scribe-3","code":0,"ms":144}
{"ts":"2026-06-28T00:20:18.436Z","lane":"rt-snapshot","event":"start","step":null,"bin":"node","args":["/Volumes/EOS_DIGITAL/KiriPedia/botnet/lib/research-team-snapshot.mjs"]}
{"ts":"2026-06-28T00:20:18.816Z","lane":"rt-snapshot","event":"done","step":null,"code":0,"ms":378}
{"ts":"2026-06-28T00:21:18.822Z","lane":"rt-snapshot","event":"start","step":null,"bin":"node","args":["/Volumes/EOS_DIGITAL/KiriPedia/botnet/lib/research-team-snapshot.mjs"]}
{"ts":"2026-06-28T00:21:19.464Z","lane":"rt-snapshot","event":"done","step":null,"code":0,"ms":628}
{"ts":"2026-06-28T00:21:45.934Z","lane":"plant","event":"start","step":"scribe-1","bin":"node","args":["/Volumes/EOS_DIGITAL/KiriPedia/botnet/workers/scribe.mjs","--worker","scribe-1","--batch","1"]}
{"ts":"2026-06-28T00:21:46.111Z","lane":"plant","event":"done","step":"scribe-1","code":0,"ms":174}
{"ts":"2026-06-28T00:21:46.111Z","lane":"plant","event":"start","step":"scribe-2","bin":"node","args":["/Volumes/EOS_DIGITAL/KiriPedia/botnet/workers/scribe.mjs","--worker","scribe-2","--batch","1"]}
{"ts":"2026-06-28T00:21:46.208Z","lane":"plant","event":"done","step":"scribe-2","code":0,"ms":96}
{"ts":"2026-06-28T00:21:46.208Z","lane":"plant","event":"start","step":"scribe-3","bin":"node","args":["/Volumes/EOS_DIGITAL/KiriPedia/botnet/workers/scribe.mjs","--worker","scribe-3","--batch","1"]}
{"ts":"2026-06-28T00:21:46.302Z","lane":"plant","event":"done","step":"scribe-3","code":0,"ms":88}
{"ts":"2026-06-28T00:21:50.331Z","lane":"reviewer","event":"start","step":null,"bin":"node","args":["/Volumes/EOS_DIGITAL/KiriPedia/botnet/workers/reviewer.mjs"]}
{"ts":"2026-06-28T00:21:50.439Z","lane":"reviewer","event":"done","step":null,"code":0,"ms":107}
{"ts":"2026-06-28T00:22:09.772Z","lane":"discretion","event":"start","step":null,"bin":"node","args":["/Volumes/EOS_DIGITAL/KiriPedia/botnet/workers/discretion-warden.mjs","--batch","20"]}
{"ts":"2026-06-28T00:22:09.954Z","lane":"discretion","event":"done","step":null,"code":0,"ms":179}
{"ts":"2026-06-28T00:22:18.254Z","lane":"plant2","event":"start","step":"cat-1","bin":"node","args":["/Volumes/EOS_DIGITAL/KiriPedia/botnet/workers/cataloger-editor.mjs","--worker","cataloger-1","--batch","1"]}
{"ts":"2026-06-28T00:22:18.432Z","lane":"plant2","event":"done","step":"cat-1","code":0,"ms":176}
{"ts":"2026-06-28T00:22:18.433Z","lane":"plant2","event":"start","step":"cat-2","bin":"node","args":["/Volumes/EOS_DIGITAL/KiriPedia/botnet/workers/cataloger-editor.mjs","--worker","cataloger-2","--batch","1"]}
{"ts":"2026-06-28T00:22:18.526Z","lane":"plant2","event":"done","step":"cat-2","code":0,"ms":90}
{"ts":"2026-06-28T00:22:19.470Z","lane":"rt-snapshot","event":"start","step":null,"bin":"node","args":["/Volumes/EOS_DIGITAL/KiriPedia/botnet/lib/research-team-snapshot.mjs"]}
{"ts":"2026-06-28T00:22:19.740Z","lane":"rt-snapshot","event":"done","step":null,"code":0,"ms":270}
{"ts":"2026-06-28T00:22:42.218Z","lane":"snapshot","event":"start","step":null,"bin":"node","args":["/Volumes/EOS_DIGITAL/KiriPedia/botnet/lib/snapshot-writer.mjs"]}
{"ts":"2026-06-28T00:22:42.406Z","lane":"snapshot","event":"done","step":null,"code":0,"ms":186}
{"ts":"2026-06-28T00:23:10.019Z","lane":"splitter","event":"start","step":null,"bin":"node","args":["/Volumes/EOS_DIGITAL/KiriPedia/botnet/workers/first-third-splitter.mjs","--batch","30"]}
{"ts":"2026-06-28T00:23:10.203Z","lane":"splitter","event":"done","step":null,"code":0,"ms":183}
{"ts":"2026-06-28T00:23:11.999Z","lane":"plant","event":"start","step":"scribe-1","bin":"node","args":["/Volumes/EOS_DIGITAL/KiriPedia/botnet/workers/scribe.mjs","--worker","scribe-1","--batch","1"]}
{"ts":"2026-06-28T00:23:12.116Z","lane":"plant","event":"done","step":"scribe-1","code":0,"ms":116}
{"ts":"2026-06-28T00:23:12.116Z","lane":"plant","event":"start","step":"scribe-2","bin":"node","args":["/Volumes/EOS_DIGITAL/KiriPedia/botnet/workers/scribe.mjs","--worker","scribe-2","--batch","1"]}
{"ts":"2026-06-28T00:23:12.258Z","lane":"plant","event":"done","step":"scribe-2","code":0,"ms":125}
{"ts":"2026-06-28T00:23:12.258Z","lane":"plant","event":"start","step":"scribe-3","bin":"node","args":["/Volumes/EOS_DIGITAL/KiriPedia/botnet/workers/scribe.mjs","--worker","scribe-3","--batch","1"]}
{"ts":"2026-06-28T00:23:12.355Z","lane":"plant","event":"done","step":"scribe-3","code":0,"ms":88}
{"ts":"2026-06-28T00:23:17.441Z","lane":"office","event":"start","step":null,"bin":"node","args":["/Volumes/EOS_DIGITAL/KiriPedia/botnet/workers/office-manager.mjs"]}
{"ts":"2026-06-28T00:23:18.543Z","lane":"catch-import","event":"start","step":null,"bin":"node","args":["/Volumes/EOS_DIGITAL/KiriPedia/botnet/workers/catch-importer.mjs","--auto-trust"]}
{"ts":"2026-06-28T00:23:18.660Z","lane":"catch-import","event":"done","step":null,"code":0,"ms":114}
{"ts":"2026-06-28T00:23:19.744Z","lane":"rt-snapshot","event":"start","step":null,"bin":"node","args":["/Volumes/EOS_DIGITAL/KiriPedia/botnet/lib/research-team-snapshot.mjs"]}
{"ts":"2026-06-28T00:23:19.998Z","lane":"rt-snapshot","event":"done","step":null,"code":0,"ms":253}
{"ts":"2026-06-28T00:23:20.424Z","lane":"office","event":"done","step":null,"code":0,"ms":2982}
{"ts":"2026-06-28T00:24:15.919Z","lane":"triage-patroller","event":"start","step":null,"bin":"node","args":["/Volumes/EOS_DIGITAL/KiriPedia/botnet/workers/triage-patroller.mjs","--per-role","25"]}
{"ts":"2026-06-28T00:24:17.100Z","lane":"plant2","event":"start","step":"cat-1","bin":"node","args":["/Volumes/EOS_DIGITAL/KiriPedia/botnet/workers/cataloger-editor.mjs","--worker","cataloger-1","--batch","1"]}
{"ts":"2026-06-28T00:24:17.211Z","lane":"plant2","event":"done","step":"cat-1","code":0,"ms":111}
{"ts":"2026-06-28T00:24:17.211Z","lane":"plant2","event":"start","step":"cat-2","bin":"node","args":["/Volumes/EOS_DIGITAL/KiriPedia/botnet/workers/cataloger-editor.mjs","--worker","cataloger-2","--batch","1"]}
{"ts":"2026-06-28T00:24:17.312Z","lane":"plant2","event":"done","step":"cat-2","code":0,"ms":99}
{"ts":"2026-06-28T00:24:19.132Z","lane":"triage-patroller","event":"done","step":null,"code":0,"ms":3207}
{"ts":"2026-06-28T00:24:20.002Z","lane":"rt-snapshot","event":"start","step":null,"bin":"node","args":["/Volumes/EOS_DIGITAL/KiriPedia/botnet/lib/research-team-snapshot.mjs"]}
{"ts":"2026-06-28T00:24:20.246Z","lane":"rt-snapshot","event":"done","step":null,"code":0,"ms":243}
{"ts":"2026-06-28T00:24:42.068Z","lane":"plant","event":"start","step":"scribe-1","bin":"node","args":["/Volumes/EOS_DIGITAL/KiriPedia/botnet/workers/scribe.mjs","--worker","scribe-1","--batch","1"]}
{"ts":"2026-06-28T00:24:42.255Z","lane":"plant","event":"done","step":"scribe-1","code":0,"ms":185}
{"ts":"2026-06-28T00:24:42.255Z","lane":"plant","event":"start","step":"scribe-2","bin":"node","args":["/Volumes/EOS_DIGITAL/KiriPedia/botnet/workers/scribe.mjs","--worker","scribe-2","--batch","1"]}
{"ts":"2026-06-28T00:24:42.347Z","lane":"plant","event":"done","step":"scribe-2","code":0,"ms":89}
{"ts":"2026-06-28T00:24:42.347Z","lane":"plant","event":"start","step":"scribe-3","bin":"node","args":["/Volumes/EOS_DIGITAL/KiriPedia/botnet/workers/scribe.mjs","--worker","scribe-3","--batch","1"]}
{"ts":"2026-06-28T00:24:42.441Z","lane":"plant","event":"done","step":"scribe-3","code":0,"ms":92}
{"ts":"2026-06-28T00:25:20.251Z","lane":"rt-snapshot","event":"start","step":null,"bin":"node","args":["/Volumes/EOS_DIGITAL/KiriPedia/botnet/lib/research-team-snapshot.mjs"]}
{"ts":"2026-06-28T00:25:20.631Z","lane":"rt-snapshot","event":"done","step":null,"code":0,"ms":375}
{"ts":"2026-06-28T00:26:20.638Z","lane":"rt-snapshot","event":"start","step":null,"bin":"node","args":["/Volumes/EOS_DIGITAL/KiriPedia/botnet/lib/research-team-snapshot.mjs"]}
{"ts":"2026-06-28T00:26:21.021Z","lane":"rt-snapshot","event":"done","step":null,"code":0,"ms":375}
{"ts":"2026-06-28T00:26:21.322Z","lane":"plant","event":"start","step":"scribe-1","bin":"node","args":["/Volumes/EOS_DIGITAL/KiriPedia/botnet/workers/scribe.mjs","--worker","scribe-1","--batch","1"]}
{"ts":"2026-06-28T00:26:21.433Z","lane":"plant","event":"done","step":"scribe-1","code":0,"ms":110}
{"ts":"2026-06-28T00:26:21.433Z","lane":"plant","event":"start","step":"scribe-2","bin":"node","args":["/Volumes/EOS_DIGITAL/KiriPedia/botnet/workers/scribe.mjs","--worker","scribe-2","--batch","1"]}
{"ts":"2026-06-28T00:26:21.529Z","lane":"plant","event":"done","step":"scribe-2","code":0,"ms":89}
{"ts":"2026-06-28T00:26:21.529Z","lane":"plant","event":"start","step":"scribe-3","bin":"node","args":["/Volumes/EOS_DIGITAL/KiriPedia/botnet/workers/scribe.mjs","--worker","scribe-3","--batch","1"]}
{"ts":"2026-06-28T00:26:21.621Z","lane":"plant","event":"done","step":"scribe-3","code":0,"ms":87}
{"ts":"2026-06-28T00:26:35.525Z","lane":"plant2","event":"start","step":"cat-1","bin":"node","args":["/Volumes/EOS_DIGITAL/KiriPedia/botnet/workers/cataloger-editor.mjs","--worker","cataloger-1","--batch","1"]}
{"ts":"2026-06-28T00:26:35.726Z","lane":"plant2","event":"done","step":"cat-1","code":0,"ms":198}
{"ts":"2026-06-28T00:26:35.727Z","lane":"plant2","event":"start","step":"cat-2","bin":"node","args":["/Volumes/EOS_DIGITAL/KiriPedia/botnet/workers/cataloger-editor.mjs","--worker","cataloger-2","--batch","1"]}
{"ts":"2026-06-28T00:26:35.819Z","lane":"plant2","event":"done","step":"cat-2","code":0,"ms":91}
{"ts":"2026-06-28T00:26:43.470Z","lane":"reviewer","event":"start","step":null,"bin":"node","args":["/Volumes/EOS_DIGITAL/KiriPedia/botnet/workers/reviewer.mjs"]}
{"ts":"2026-06-28T00:26:43.596Z","lane":"reviewer","event":"done","step":null,"code":0,"ms":124}
{"ts":"2026-06-28T00:26:48.837Z","lane":"triage","event":"start","step":null,"bin":"node","args":["/Volumes/EOS_DIGITAL/KiriPedia/botnet/workers/npp.mjs"]}
{"ts":"2026-06-28T00:26:48.949Z","lane":"triage","event":"done","step":null,"code":0,"ms":111}
{"ts":"2026-06-28T00:27:21.027Z","lane":"rt-snapshot","event":"start","step":null,"bin":"node","args":["/Volumes/EOS_DIGITAL/KiriPedia/botnet/lib/research-team-snapshot.mjs"]}
{"ts":"2026-06-28T00:27:21.421Z","lane":"rt-snapshot","event":"done","step":null,"code":0,"ms":390}
{"ts":"2026-06-28T00:27:42.415Z","lane":"snapshot","event":"start","step":null,"bin":"node","args":["/Volumes/EOS_DIGITAL/KiriPedia/botnet/lib/snapshot-writer.mjs"]}
{"ts":"2026-06-28T00:27:42.631Z","lane":"snapshot","event":"done","step":null,"code":0,"ms":214}
{"ts":"2026-06-28T00:27:52.227Z","lane":"plant","event":"start","step":"scribe-1","bin":"node","args":["/Volumes/EOS_DIGITAL/KiriPedia/botnet/workers/scribe.mjs","--worker","scribe-1","--batch","1"]}
{"ts":"2026-06-28T00:27:52.387Z","lane":"plant","event":"done","step":"scribe-1","code":0,"ms":158}
{"ts":"2026-06-28T00:27:52.387Z","lane":"plant","event":"start","step":"scribe-2","bin":"node","args":["/Volumes/EOS_DIGITAL/KiriPedia/botnet/workers/scribe.mjs","--worker","scribe-2","--batch","1"]}
{"ts":"2026-06-28T00:27:52.481Z","lane":"plant","event":"done","step":"scribe-2","code":0,"ms":92}
{"ts":"2026-06-28T00:27:52.481Z","lane":"plant","event":"start","step":"scribe-3","bin":"node","args":["/Volumes/EOS_DIGITAL/KiriPedia/botnet/workers/scribe.mjs","--worker","scribe-3","--batch","1"]}
{"ts":"2026-06-28T00:27:52.568Z","lane":"plant","event":"done","step":"scribe-3","code":0,"ms":85}
{"ts":"2026-06-28T00:28:21.427Z","lane":"rt-snapshot","event":"start","step":null,"bin":"node","args":["/Volumes/EOS_DIGITAL/KiriPedia/botnet/lib/research-team-snapshot.mjs"]}
{"ts":"2026-06-28T00:28:21.794Z","lane":"rt-snapshot","event":"done","step":null,"code":0,"ms":365}
{"ts":"2026-06-28T00:28:44.377Z","lane":"plant2","event":"start","step":"cat-1","bin":"node","args":["/Volumes/EOS_DIGITAL/KiriPedia/botnet/workers/cataloger-editor.mjs","--worker","cataloger-1","--batch","1"]}
{"ts":"2026-06-28T00:28:44.577Z","lane":"plant2","event":"done","step":"cat-1","code":0,"ms":198}
{"ts":"2026-06-28T00:28:44.577Z","lane":"plant2","event":"start","step":"cat-2","bin":"node","args":["/Volumes/EOS_DIGITAL/KiriPedia/botnet/workers/cataloger-editor.mjs","--worker","cataloger-2","--batch","1"]}
{"ts":"2026-06-28T00:28:44.693Z","lane":"plant2","event":"done","step":"cat-2","code":0,"ms":113}
{"ts":"2026-06-28T00:29:21.799Z","lane":"rt-snapshot","event":"start","step":null,"bin":"node","args":["/Volumes/EOS_DIGITAL/KiriPedia/botnet/lib/research-team-snapshot.mjs"]}
{"ts":"2026-06-28T00:29:22.187Z","lane":"rt-snapshot","event":"done","step":null,"code":0,"ms":383}
{"ts":"2026-06-28T00:29:26.090Z","lane":"discretion","event":"start","step":null,"bin":"node","args":["/Volumes/EOS_DIGITAL/KiriPedia/botnet/workers/discretion-warden.mjs","--batch","20"]}
{"ts":"2026-06-28T00:29:26.194Z","lane":"discretion","event":"done","step":null,"code":0,"ms":103}
{"ts":"2026-06-28T00:29:30.603Z","lane":"plant","event":"start","step":"scribe-1","bin":"node","args":["/Volumes/EOS_DIGITAL/KiriPedia/botnet/workers/scribe.mjs","--worker","scribe-1","--batch","1"]}
{"ts":"2026-06-28T00:29:30.724Z","lane":"plant","event":"done","step":"scribe-1","code":0,"ms":118}
{"ts":"2026-06-28T00:29:30.724Z","lane":"plant","event":"start","step":"scribe-2","bin":"node","args":["/Volumes/EOS_DIGITAL/KiriPedia/botnet/workers/scribe.mjs","--worker","scribe-2","--batch","1"]}
{"ts":"2026-06-28T00:29:30.819Z","lane":"plant","event":"done","step":"scribe-2","code":0,"ms":90}
{"ts":"2026-06-28T00:29:30.819Z","lane":"plant","event":"start","step":"scribe-3","bin":"node","args":["/Volumes/EOS_DIGITAL/KiriPedia/botnet/workers/scribe.mjs","--worker","scribe-3","--batch","1"]}
{"ts":"2026-06-28T00:29:30.909Z","lane":"plant","event":"done","step":"scribe-3","code":0,"ms":88}
{"ts":"2026-06-28T00:29:49.359Z","lane":"indexer","event":"start","step":null,"bin":"node","args":["/Volumes/EOS_DIGITAL/KiriPedia/botnet/workers/indexer.mjs"]}
{"ts":"2026-06-28T00:29:54.140Z","lane":"indexer","event":"done","step":null,"code":0,"ms":4778}
{"ts":"2026-06-28T00:30:05.603Z","lane":"splitter","event":"start","step":null,"bin":"node","args":["/Volumes/EOS_DIGITAL/KiriPedia/botnet/workers/first-third-splitter.mjs","--batch","30"]}
{"ts":"2026-06-28T00:30:05.980Z","lane":"splitter","event":"done","step":null,"code":0,"ms":375}
{"ts":"2026-06-28T00:30:22.198Z","lane":"rt-snapshot","event":"start","step":null,"bin":"node","args":["/Volumes/EOS_DIGITAL/KiriPedia/botnet/lib/research-team-snapshot.mjs"]}
{"ts":"2026-06-28T00:30:23.038Z","lane":"rt-snapshot","event":"done","step":null,"code":0,"ms":835}
{"ts":"2026-06-28T00:30:43.070Z","lane":"plant2","event":"start","step":"cat-1","bin":"node","args":["/Volumes/EOS_DIGITAL/KiriPedia/botnet/workers/cataloger-editor.mjs","--worker","cataloger-1","--batch","1"]}
{"ts":"2026-06-28T00:30:43.268Z","lane":"plant2","event":"done","step":"cat-1","code":0,"ms":195}
{"ts":"2026-06-28T00:30:43.269Z","lane":"plant2","event":"start","step":"cat-2","bin":"node","args":["/Volumes/EOS_DIGITAL/KiriPedia/botnet/workers/cataloger-editor.mjs","--worker","cataloger-2","--batch","1"]}
{"ts":"2026-06-28T00:30:43.379Z","lane":"plant2","event":"done","step":"cat-2","code":0,"ms":101}
{"ts":"2026-06-28T00:30:58.621Z","lane":"plant","event":"start","step":"scribe-1","bin":"node","args":["/Volumes/EOS_DIGITAL/KiriPedia/botnet/workers/scribe.mjs","--worker","scribe-1","--batch","1"]}
{"ts":"2026-06-28T00:30:58.808Z","lane":"plant","event":"done","step":"scribe-1","code":0,"ms":184}
{"ts":"2026-06-28T00:30:58.808Z","lane":"plant","event":"start","step":"scribe-2","bin":"node","args":["/Volumes/EOS_DIGITAL/KiriPedia/botnet/workers/scribe.mjs","--worker","scribe-2","--batch","1"]}
{"ts":"2026-06-28T00:30:58.925Z","lane":"plant","event":"done","step":"scribe-2","code":0,"ms":106}
{"ts":"2026-06-28T00:30:58.927Z","lane":"plant","event":"start","step":"scribe-3","bin":"node","args":["/Volumes/EOS_DIGITAL/KiriPedia/botnet/workers/scribe.mjs","--worker","scribe-3","--batch","1"]}
{"ts":"2026-06-28T00:30:59.029Z","lane":"plant","event":"done","step":"scribe-3","code":0,"ms":93}
{"ts":"2026-06-28T00:31:23.042Z","lane":"rt-snapshot","event":"start","step":null,"bin":"node","args":["/Volumes/EOS_DIGITAL/KiriPedia/botnet/lib/research-team-snapshot.mjs"]}
{"ts":"2026-06-28T00:31:23.407Z","lane":"rt-snapshot","event":"done","step":null,"code":0,"ms":362}
{"ts":"2026-06-28T00:31:48.031Z","lane":"reviewer","event":"start","step":null,"bin":"node","args":["/Volumes/EOS_DIGITAL/KiriPedia/botnet/workers/reviewer.mjs"]}
{"ts":"2026-06-28T00:31:48.225Z","lane":"reviewer","event":"done","step":null,"code":0,"ms":192}
{"ts":"2026-06-28T00:32:23.412Z","lane":"rt-snapshot","event":"start","step":null,"bin":"node","args":["/Volumes/EOS_DIGITAL/KiriPedia/botnet/lib/research-team-snapshot.mjs"]}
{"ts":"2026-06-28T00:32:23.773Z","lane":"rt-snapshot","event":"done","step":null,"code":0,"ms":356}
{"ts":"2026-06-28T00:32:29.298Z","lane":"plant","event":"start","step":"scribe-1","bin":"node","args":["/Volumes/EOS_DIGITAL/KiriPedia/botnet/workers/scribe.mjs","--worker","scribe-1","--batch","1"]}
{"ts":"2026-06-28T00:32:29.425Z","lane":"plant","event":"done","step":"scribe-1","code":0,"ms":126}
{"ts":"2026-06-28T00:32:29.427Z","lane":"plant","event":"start","step":"scribe-2","bin":"node","args":["/Volumes/EOS_DIGITAL/KiriPedia/botnet/workers/scribe.mjs","--worker","scribe-2","--batch","1"]}
{"ts":"2026-06-28T00:32:29.523Z","lane":"plant","event":"done","step":"scribe-2","code":0,"ms":95}
{"ts":"2026-06-28T00:32:29.523Z","lane":"plant","event":"start","step":"scribe-3","bin":"node","args":["/Volumes/EOS_DIGITAL/KiriPedia/botnet/workers/scribe.mjs","--worker","scribe-3","--batch","1"]}
{"ts":"2026-06-28T00:32:29.612Z","lane":"plant","event":"done","step":"scribe-3","code":0,"ms":85}
{"ts":"2026-06-28T00:32:34.289Z","lane":"plant2","event":"start","step":"cat-1","bin":"node","args":["/Volumes/EOS_DIGITAL/KiriPedia/botnet/workers/cataloger-editor.mjs","--worker","cataloger-1","--batch","1"]}
{"ts":"2026-06-28T00:32:34.399Z","lane":"plant2","event":"done","step":"cat-1","code":0,"ms":110}
{"ts":"2026-06-28T00:32:34.399Z","lane":"plant2","event":"start","step":"cat-2","bin":"node","args":["/Volumes/EOS_DIGITAL/KiriPedia/botnet/workers/cataloger-editor.mjs","--worker","cataloger-2","--batch","1"]}
{"ts":"2026-06-28T00:32:34.495Z","lane":"plant2","event":"done","step":"cat-2","code":0,"ms":95}
{"ts":"2026-06-28T00:32:42.640Z","lane":"snapshot","event":"start","step":null,"bin":"node","args":["/Volumes/EOS_DIGITAL/KiriPedia/botnet/lib/snapshot-writer.mjs"]}
{"ts":"2026-06-28T00:32:42.768Z","lane":"snapshot","event":"done","step":null,"code":0,"ms":125}
{"ts":"2026-06-28T00:33:10.621Z","lane":"mining","event":"start","step":"deepener","bin":"node","args":["/Volumes/EOS_DIGITAL/KiriPedia/botnet/workers/deepener.mjs","--batch","5"]}
{"ts":"2026-06-28T00:33:13.133Z","lane":"catch-import","event":"start","step":null,"bin":"node","args":["/Volumes/EOS_DIGITAL/KiriPedia/botnet/workers/catch-importer.mjs","--auto-trust"]}
{"ts":"2026-06-28T00:33:13.245Z","lane":"catch-import","event":"done","step":null,"code":0,"ms":112}
{"ts":"2026-06-28T00:33:23.777Z","lane":"rt-snapshot","event":"start","step":null,"bin":"node","args":["/Volumes/EOS_DIGITAL/KiriPedia/botnet/lib/research-team-snapshot.mjs"]}
{"ts":"2026-06-28T00:33:24.038Z","lane":"rt-snapshot","event":"done","step":null,"code":0,"ms":259}
{"ts":"2026-06-28T00:33:40.190Z","lane":"triage-patroller","event":"start","step":null,"bin":"node","args":["/Volumes/EOS_DIGITAL/KiriPedia/botnet/workers/triage-patroller.mjs","--per-role","25"]}
{"ts":"2026-06-28T00:33:43.183Z","lane":"triage-patroller","event":"done","step":null,"code":0,"ms":2989}
{"ts":"2026-06-28T00:33:51.207Z","lane":"plant","event":"start","step":"scribe-1","bin":"node","args":["/Volumes/EOS_DIGITAL/KiriPedia/botnet/workers/scribe.mjs","--worker","scribe-1","--batch","1"]}
{"ts":"2026-06-28T00:33:51.369Z","lane":"plant","event":"done","step":"scribe-1","code":0,"ms":160}
{"ts":"2026-06-28T00:33:51.369Z","lane":"plant","event":"start","step":"scribe-2","bin":"node","args":["/Volumes/EOS_DIGITAL/KiriPedia/botnet/workers/scribe.mjs","--worker","scribe-2","--batch","1"]}
{"ts":"2026-06-28T00:33:51.483Z","lane":"plant","event":"done","step":"scribe-2","code":0,"ms":112}
{"ts":"2026-06-28T00:33:51.483Z","lane":"plant","event":"start","step":"scribe-3","bin":"node","args":["/Volumes/EOS_DIGITAL/KiriPedia/botnet/workers/scribe.mjs","--worker","scribe-3","--batch","1"]}
{"ts":"2026-06-28T00:33:51.579Z","lane":"plant","event":"done","step":"scribe-3","code":0,"ms":95}
{"ts":"2026-06-28T00:33:55.336Z","lane":"coord","event":"start","step":null,"bin":"node","args":["/Volumes/EOS_DIGITAL/KiriPedia/botnet/workers/coordinator.mjs"]}
{"ts":"2026-06-28T00:33:55.438Z","lane":"coord","event":"done","step":null,"code":0,"ms":102}
{"ts":"2026-06-28T00:34:02.355Z","lane":"office","event":"start","step":null,"bin":"node","args":["/Volumes/EOS_DIGITAL/KiriPedia/botnet/workers/office-manager.mjs"]}
{"ts":"2026-06-28T00:34:03.586Z","lane":"trawler","event":"done","step":null,"code":-1,"ms":1200036,"stderr":"[trawler:youtube] Run 1/4 for 2026-06-28.\n"}
{"ts":"2026-06-28T00:34:03.587Z","lane":"trawler","event":"backoff","ms":1800000}
{"ts":"2026-06-28T00:34:07.777Z","lane":"mining","event":"done","step":"deepener","code":0,"ms":57154}
{"ts":"2026-06-28T00:34:07.777Z","lane":"mining","event":"start","step":"enricher","bin":"node","args":["/Volumes/EOS_DIGITAL/KiriPedia/botnet/workers/enricher.mjs","--batch","5"]}
{"ts":"2026-06-28T00:34:24.042Z","lane":"rt-snapshot","event":"start","step":null,"bin":"node","args":["/Volumes/EOS_DIGITAL/KiriPedia/botnet/lib/research-team-snapshot.mjs"]}
{"ts":"2026-06-28T00:34:24.327Z","lane":"rt-snapshot","event":"done","step":null,"code":0,"ms":283}
{"ts":"2026-06-28T00:34:38.517Z","lane":"diff-sentinel","event":"start","step":null,"bin":"node","args":["/Volumes/EOS_DIGITAL/KiriPedia/botnet/workers/diff-sentinel.mjs"]}
{"ts":"2026-06-28T00:34:38.852Z","lane":"diff-sentinel","event":"done","step":null,"code":0,"ms":334}
{"ts":"2026-06-28T00:34:39.121Z","lane":"mining","event":"done","step":"enricher","code":0,"ms":31342}
{"ts":"2026-06-28T00:34:39.121Z","lane":"mining","event":"start","step":"weaver","bin":"node","args":["/Volumes/EOS_DIGITAL/KiriPedia/botnet/workers/weaver.mjs","--batch","5"]}
{"ts":"2026-06-28T00:34:41.535Z","lane":"office","event":"done","step":null,"code":0,"ms":39178}
{"ts":"2026-06-28T00:34:42.437Z","lane":"mining","event":"done","step":"weaver","code":0,"ms":3315}
{"ts":"2026-06-28T00:34:46.652Z","lane":"plant2","event":"start","step":"cat-1","bin":"node","args":["/Volumes/EOS_DIGITAL/KiriPedia/botnet/workers/cataloger-editor.mjs","--worker","cataloger-1","--batch","1"]}
{"ts":"2026-06-28T00:34:46.779Z","lane":"plant2","event":"done","step":"cat-1","code":0,"ms":124}
{"ts":"2026-06-28T00:34:46.779Z","lane":"plant2","event":"start","step":"cat-2","bin":"node","args":["/Volumes/EOS_DIGITAL/KiriPedia/botnet/workers/cataloger-editor.mjs","--worker","cataloger-2","--batch","1"]}
{"ts":"2026-06-28T00:34:46.867Z","lane":"plant2","event":"done","step":"cat-2","code":0,"ms":87}
{"ts":"2026-06-28T00:35:10.883Z","lane":"plant","event":"start","step":"scribe-1","bin":"node","args":["/Volumes/EOS_DIGITAL/KiriPedia/botnet/workers/scribe.mjs","--worker","scribe-1","--batch","1"]}
{"ts":"2026-06-28T00:35:11.077Z","lane":"plant","event":"done","step":"scribe-1","code":0,"ms":192}
{"ts":"2026-06-28T00:35:11.077Z","lane":"plant","event":"start","step":"scribe-2","bin":"node","args":["/Volumes/EOS_DIGITAL/KiriPedia/botnet/workers/scribe.mjs","--worker","scribe-2","--batch","1"]}
{"ts":"2026-06-28T00:35:11.168Z","lane":"plant","event":"done","step":"scribe-2","code":0,"ms":89}
{"ts":"2026-06-28T00:35:11.168Z","lane":"plant","event":"start","step":"scribe-3","bin":"node","args":["/Volumes/EOS_DIGITAL/KiriPedia/botnet/workers/scribe.mjs","--worker","scribe-3","--batch","1"]}
{"ts":"2026-06-28T00:35:11.264Z","lane":"plant","event":"done","step":"scribe-3","code":0,"ms":95}
{"ts":"2026-06-28T00:35:24.332Z","lane":"rt-snapshot","event":"start","step":null,"bin":"node","args":["/Volumes/EOS_DIGITAL/KiriPedia/botnet/lib/research-team-snapshot.mjs"]}
{"ts":"2026-06-28T00:35:24.723Z","lane":"rt-snapshot","event":"done","step":null,"code":0,"ms":388}
{"ts":"2026-06-28T00:36:01.762Z","lane":"prospect","event":"start","step":null,"bin":"node","args":["/Volumes/EOS_DIGITAL/KiriPedia/botnet/workers/prospector.mjs","--batch","2"]}
{"ts":"2026-06-28T00:36:02.844Z","lane":"calendar","event":"start","step":null,"bin":"node","args":["/Volumes/EOS_DIGITAL/KiriPedia/botnet/workers/calendar-keeper.mjs"]}
{"ts":"2026-06-28T00:36:03.600Z","lane":"calendar","event":"done","step":null,"code":0,"ms":756}
{"ts":"2026-06-28T00:36:18.907Z","lane":"prospect","event":"done","step":null,"code":0,"ms":17140}
{"ts":"2026-06-28T00:36:24.728Z","lane":"rt-snapshot","event":"start","step":null,"bin":"node","args":["/Volumes/EOS_DIGITAL/KiriPedia/botnet/lib/research-team-snapshot.mjs"]}
{"ts":"2026-06-28T00:36:25.025Z","lane":"rt-snapshot","event":"done","step":null,"code":0,"ms":296}
{"ts":"2026-06-28T00:36:41.014Z","lane":"discretion","event":"start","step":null,"bin":"node","args":["/Volumes/EOS_DIGITAL/KiriPedia/botnet/workers/discretion-warden.mjs","--batch","20"]}
{"ts":"2026-06-28T00:36:42.789Z","lane":"plant","event":"start","step":"scribe-1","bin":"node","args":["/Volumes/EOS_DIGITAL/KiriPedia/botnet/workers/scribe.mjs","--worker","scribe-1","--batch","1"]}
{"ts":"2026-06-28T00:36:43.146Z","lane":"plant","event":"done","step":"scribe-1","code":0,"ms":225}
{"ts":"2026-06-28T00:36:43.146Z","lane":"plant","event":"start","step":"scribe-2","bin":"node","args":["/Volumes/EOS_DIGITAL/KiriPedia/botnet/workers/scribe.mjs","--worker","scribe-2","--batch","1"]}
{"ts":"2026-06-28T00:36:43.688Z","lane":"discretion","event":"done","step":null,"code":0,"ms":902}
{"ts":"2026-06-28T00:36:44.644Z","lane":"plant","event":"done","step":"scribe-2","code":0,"ms":1364}
{"ts":"2026-06-28T00:36:44.644Z","lane":"plant","event":"start","step":"scribe-3","bin":"node","args":["/Volumes/EOS_DIGITAL/KiriPedia/botnet/workers/scribe.mjs","--worker","scribe-3","--batch","1"]}
{"ts":"2026-06-28T00:36:45.207Z","lane":"plant","event":"done","step":"scribe-3","code":0,"ms":433}
{"ts":"2026-06-28T00:36:51.007Z","lane":"triage","event":"start","step":null,"bin":"node","args":["/Volumes/EOS_DIGITAL/KiriPedia/botnet/workers/npp.mjs"]}
{"ts":"2026-06-28T00:36:51.083Z","lane":"splitter","event":"start","step":null,"bin":"node","args":["/Volumes/EOS_DIGITAL/KiriPedia/botnet/workers/first-third-splitter.mjs","--batch","30"]}
{"ts":"2026-06-28T00:36:51.240Z","lane":"triage","event":"done","step":null,"code":0,"ms":229}
{"ts":"2026-06-28T00:36:51.267Z","lane":"splitter","event":"done","step":null,"code":0,"ms":184}
{"ts":"2026-06-28T00:37:03.359Z","lane":"plant2","event":"start","step":"cat-1","bin":"node","args":["/Volumes/EOS_DIGITAL/KiriPedia/botnet/workers/cataloger-editor.mjs","--worker","cataloger-1","--batch","1"]}
{"ts":"2026-06-28T00:37:03.590Z","lane":"plant2","event":"done","step":"cat-1","code":0,"ms":228}
{"ts":"2026-06-28T00:37:03.590Z","lane":"plant2","event":"start","step":"cat-2","bin":"node","args":["/Volumes/EOS_DIGITAL/KiriPedia/botnet/workers/cataloger-editor.mjs","--worker","cataloger-2","--batch","1"]}
{"ts":"2026-06-28T00:37:03.705Z","lane":"plant2","event":"done","step":"cat-2","code":0,"ms":106}
{"ts":"2026-06-28T00:37:15.731Z","lane":"reviewer","event":"start","step":null,"bin":"node","args":["/Volumes/EOS_DIGITAL/KiriPedia/botnet/workers/reviewer.mjs"]}
{"ts":"2026-06-28T00:37:15.913Z","lane":"reviewer","event":"done","step":null,"code":0,"ms":180}
{"ts":"2026-06-28T00:37:25.117Z","lane":"rt-snapshot","event":"start","step":null,"bin":"node","args":["/Volumes/EOS_DIGITAL/KiriPedia/botnet/lib/research-team-snapshot.mjs"]}
{"ts":"2026-06-28T00:37:25.500Z","lane":"rt-snapshot","event":"done","step":null,"code":0,"ms":376}
{"ts":"2026-06-28T00:37:33.288Z","lane":"re-reader","event":"start","step":null,"bin":"node","args":["/Volumes/EOS_DIGITAL/KiriPedia/botnet/workers/re-reader.mjs","--worker","re-reader-1","--batch","2"]}
{"ts":"2026-06-28T00:37:42.863Z","lane":"snapshot","event":"start","step":null,"bin":"node","args":["/Volumes/EOS_DIGITAL/KiriPedia/botnet/lib/snapshot-writer.mjs"]}
{"ts":"2026-06-28T00:37:43.019Z","lane":"snapshot","event":"done","step":null,"code":0,"ms":154}
{"ts":"2026-06-28T00:38:02.329Z","lane":"plant","event":"start","step":"scribe-1","bin":"node","args":["/Volumes/EOS_DIGITAL/KiriPedia/botnet/workers/scribe.mjs","--worker","scribe-1","--batch","1"]}
{"ts":"2026-06-28T00:38:02.474Z","lane":"plant","event":"done","step":"scribe-1","code":0,"ms":143}
{"ts":"2026-06-28T00:38:02.474Z","lane":"plant","event":"start","step":"scribe-2","bin":"node","args":["/Volumes/EOS_DIGITAL/KiriPedia/botnet/workers/scribe.mjs","--worker","scribe-2","--batch","1"]}
{"ts":"2026-06-28T00:38:02.566Z","lane":"plant","event":"done","step":"scribe-2","code":0,"ms":91}
{"ts":"2026-06-28T00:38:02.566Z","lane":"plant","event":"start","step":"scribe-3","bin":"node","args":["/Volumes/EOS_DIGITAL/KiriPedia/botnet/workers/scribe.mjs","--worker","scribe-3","--batch","1"]}
{"ts":"2026-06-28T00:38:02.657Z","lane":"plant","event":"done","step":"scribe-3","code":0,"ms":88}
{"ts":"2026-06-28T00:38:25.507Z","lane":"rt-snapshot","event":"start","step":null,"bin":"node","args":["/Volumes/EOS_DIGITAL/KiriPedia/botnet/lib/research-team-snapshot.mjs"]}
{"ts":"2026-06-28T00:38:25.775Z","lane":"rt-snapshot","event":"done","step":null,"code":0,"ms":266}
{"ts":"2026-06-28T00:39:13.832Z","lane":"plant2","event":"start","step":"cat-1","bin":"node","args":["/Volumes/EOS_DIGITAL/KiriPedia/botnet/workers/cataloger-editor.mjs","--worker","cataloger-1","--batch","1"]}
{"ts":"2026-06-28T00:39:14.001Z","lane":"plant2","event":"done","step":"cat-1","code":0,"ms":162}
{"ts":"2026-06-28T00:39:14.001Z","lane":"plant2","event":"start","step":"cat-2","bin":"node","args":["/Volumes/EOS_DIGITAL/KiriPedia/botnet/workers/cataloger-editor.mjs","--worker","cataloger-2","--batch","1"]}
{"ts":"2026-06-28T00:39:14.089Z","lane":"plant2","event":"done","step":"cat-2","code":0,"ms":87}
{"ts":"2026-06-28T00:39:21.787Z","lane":"plant","event":"start","step":"scribe-1","bin":"node","args":["/Volumes/EOS_DIGITAL/KiriPedia/botnet/workers/scribe.mjs","--worker","scribe-1","--batch","1"]}
{"ts":"2026-06-28T00:39:21.913Z","lane":"plant","event":"done","step":"scribe-1","code":0,"ms":124}
{"ts":"2026-06-28T00:39:21.914Z","lane":"plant","event":"start","step":"scribe-2","bin":"node","args":["/Volumes/EOS_DIGITAL/KiriPedia/botnet/workers/scribe.mjs","--worker","scribe-2","--batch","1"]}
{"ts":"2026-06-28T00:39:21.999Z","lane":"plant","event":"done","step":"scribe-2","code":0,"ms":84}
{"ts":"2026-06-28T00:39:21.999Z","lane":"plant","event":"start","step":"scribe-3","bin":"node","args":["/Volumes/EOS_DIGITAL/KiriPedia/botnet/workers/scribe.mjs","--worker","scribe-3","--batch","1"]}
{"ts":"2026-06-28T00:39:22.085Z","lane":"plant","event":"done","step":"scribe-3","code":0,"ms":84}
{"ts":"2026-06-28T00:39:25.783Z","lane":"rt-snapshot","event":"start","step":null,"bin":"node","args":["/Volumes/EOS_DIGITAL/KiriPedia/botnet/lib/research-team-snapshot.mjs"]}
{"ts":"2026-06-28T00:39:25.986Z","lane":"rt-snapshot","event":"done","step":null,"code":0,"ms":203}
{"ts":"2026-06-28T00:40:25.992Z","lane":"rt-snapshot","event":"start","step":null,"bin":"node","args":["/Volumes/EOS_DIGITAL/KiriPedia/botnet/lib/research-team-snapshot.mjs"]}
{"ts":"2026-06-28T00:40:26.467Z","lane":"rt-snapshot","event":"done","step":null,"code":0,"ms":463}
{"ts":"2026-06-28T00:40:54.121Z","event":"shutdown_begin","signal":"SIGTERM"}
{"ts":"2026-06-28T00:40:54.132Z","lane":"promotion","event":"lane_exit"}
{"ts":"2026-06-28T00:40:54.133Z","lane":"orders","event":"lane_exit"}
{"ts":"2026-06-28T00:40:54.134Z","lane":"weaver2","event":"lane_exit"}
{"ts":"2026-06-28T00:40:54.136Z","lane":"mos-enforcer","event":"lane_exit"}
{"ts":"2026-06-28T00:40:54.137Z","lane":"shape-auditor","event":"lane_exit"}
{"ts":"2026-06-28T00:40:54.139Z","lane":"sentry","event":"lane_exit"}
{"ts":"2026-06-28T00:40:54.140Z","lane":"indexer","event":"lane_exit"}
{"ts":"2026-06-28T00:40:54.143Z","lane":"catch-import","event":"lane_exit"}
{"ts":"2026-06-28T00:40:54.144Z","lane":"triage-patroller","event":"lane_exit"}
{"ts":"2026-06-28T00:40:54.146Z","lane":"coord","event":"lane_exit"}
{"ts":"2026-06-28T00:40:54.147Z","lane":"trawler","event":"lane_exit"}
{"ts":"2026-06-28T00:40:54.149Z","lane":"diff-sentinel","event":"lane_exit"}
{"ts":"2026-06-28T00:40:54.150Z","lane":"office","event":"lane_exit"}
{"ts":"2026-06-28T00:40:54.152Z","lane":"mining","event":"lane_exit"}
{"ts":"2026-06-28T00:40:54.153Z","lane":"calendar","event":"lane_exit"}
{"ts":"2026-06-28T00:40:54.155Z","lane":"prospect","event":"lane_exit"}
{"ts":"2026-06-28T00:40:54.156Z","lane":"discretion","event":"lane_exit"}
{"ts":"2026-06-28T00:40:54.159Z","lane":"triage","event":"lane_exit"}
{"ts":"2026-06-28T00:40:54.161Z","lane":"splitter","event":"lane_exit"}
{"ts":"2026-06-28T00:40:54.162Z","lane":"reviewer","event":"lane_exit"}
{"ts":"2026-06-28T00:40:54.164Z","lane":"snapshot","event":"lane_exit"}
{"ts":"2026-06-28T00:40:54.166Z","lane":"plant2","event":"lane_exit"}
{"ts":"2026-06-28T00:40:54.167Z","lane":"plant","event":"lane_exit"}
{"ts":"2026-06-28T00:40:54.171Z","lane":"rt-snapshot","event":"lane_exit"}
{"ts":"2026-06-29T02:23:26.353Z","event":"boot","pid":12542,"lanes":["trawler","catch-import","office","triage","plant","plant2","reviewer","coord","indexer","mining","weaver2","prospect","orders","calendar","sentry","snapshot","triage-patroller","re-reader","discretion","splitter","diff-sentinel","shape-auditor","mos-enforcer","promotion","rt-snapshot"],"push":true}
{"ts":"2026-06-29T02:23:26.363Z","lane":"trawler","event":"start","step":null,"bin":"node","args":["/Volumes/EOS_DIGITAL/KiriPedia/fleet/trawlers/youtube.mjs"]}
{"ts":"2026-06-29T02:23:26.367Z","lane":"catch-import","event":"start","step":null,"bin":"node","args":["/Volumes/EOS_DIGITAL/KiriPedia/botnet/workers/catch-importer.mjs","--auto-trust"]}
{"ts":"2026-06-29T02:23:26.369Z","lane":"office","event":"start","step":null,"bin":"node","args":["/Volumes/EOS_DIGITAL/KiriPedia/botnet/workers/office-manager.mjs"]}
{"ts":"2026-06-29T02:23:26.373Z","lane":"triage","event":"start","step":null,"bin":"node","args":["/Volumes/EOS_DIGITAL/KiriPedia/botnet/workers/npp.mjs"]}
{"ts":"2026-06-29T02:23:26.377Z","lane":"plant","event":"start","step":"scribe-1","bin":"node","args":["/Volumes/EOS_DIGITAL/KiriPedia/botnet/workers/scribe.mjs","--worker","scribe-1","--batch","1"]}
{"ts":"2026-06-29T02:23:26.382Z","lane":"plant2","event":"start","step":"cat-1","bin":"node","args":["/Volumes/EOS_DIGITAL/KiriPedia/botnet/workers/cataloger-editor.mjs","--worker","cataloger-1","--batch","1"]}
{"ts":"2026-06-29T02:23:26.384Z","lane":"reviewer","event":"start","step":null,"bin":"node","args":["/Volumes/EOS_DIGITAL/KiriPedia/botnet/workers/reviewer.mjs"]}
{"ts":"2026-06-29T02:23:26.390Z","lane":"coord","event":"start","step":null,"bin":"node","args":["/Volumes/EOS_DIGITAL/KiriPedia/botnet/workers/coordinator.mjs","--push"]}
{"ts":"2026-06-29T02:23:26.398Z","lane":"indexer","event":"start","step":null,"bin":"node","args":["/Volumes/EOS_DIGITAL/KiriPedia/botnet/workers/indexer.mjs"]}
{"ts":"2026-06-29T02:23:26.408Z","lane":"mining","event":"start","step":"deepener","bin":"node","args":["/Volumes/EOS_DIGITAL/KiriPedia/botnet/workers/deepener.mjs","--batch","5"]}
{"ts":"2026-06-29T02:23:26.416Z","lane":"weaver2","event":"start","step":null,"bin":"node","args":["/Volumes/EOS_DIGITAL/KiriPedia/botnet/workers/reweaver.mjs","--batch","3"]}
{"ts":"2026-06-29T02:23:26.430Z","lane":"prospect","event":"start","step":null,"bin":"node","args":["/Volumes/EOS_DIGITAL/KiriPedia/botnet/workers/prospector.mjs","--batch","2"]}
{"ts":"2026-06-29T02:23:26.441Z","lane":"orders","event":"start","step":null,"bin":"node","args":["/Volumes/EOS_DIGITAL/KiriPedia/botnet/workers/orders-of-day.mjs"]}
{"ts":"2026-06-29T02:23:26.457Z","lane":"calendar","event":"start","step":null,"bin":"node","args":["/Volumes/EOS_DIGITAL/KiriPedia/botnet/workers/calendar-keeper.mjs"]}
{"ts":"2026-06-29T02:23:26.470Z","lane":"sentry","event":"start","step":null,"bin":"node","args":["/Volumes/EOS_DIGITAL/KiriPedia/botnet/workers/mouth-sentry.mjs"]}
{"ts":"2026-06-29T02:23:26.485Z","lane":"snapshot","event":"start","step":null,"bin":"node","args":["/Volumes/EOS_DIGITAL/KiriPedia/botnet/lib/snapshot-writer.mjs"]}
{"ts":"2026-06-29T02:23:26.516Z","lane":"triage-patroller","event":"start","step":null,"bin":"node","args":["/Volumes/EOS_DIGITAL/KiriPedia/botnet/workers/triage-patroller.mjs","--per-role","25"]}
{"ts":"2026-06-29T02:23:26.535Z","lane":"re-reader","event":"start","step":null,"bin":"node","args":["/Volumes/EOS_DIGITAL/KiriPedia/botnet/workers/re-reader.mjs","--worker","re-reader-1","--batch","2"]}
{"ts":"2026-06-29T02:23:26.547Z","lane":"discretion","event":"start","step":null,"bin":"node","args":["/Volumes/EOS_DIGITAL/KiriPedia/botnet/workers/discretion-warden.mjs","--batch","20"]}
{"ts":"2026-06-29T02:23:26.564Z","lane":"splitter","event":"start","step":null,"bin":"node","args":["/Volumes/EOS_DIGITAL/KiriPedia/botnet/workers/first-third-splitter.mjs","--batch","30"]}
{"ts":"2026-06-29T02:23:26.585Z","lane":"diff-sentinel","event":"start","step":null,"bin":"node","args":["/Volumes/EOS_DIGITAL/KiriPedia/botnet/workers/diff-sentinel.mjs"]}
{"ts":"2026-06-29T02:23:26.589Z","lane":"shape-auditor","event":"start","step":null,"bin":"node","args":["/Volumes/EOS_DIGITAL/KiriPedia/botnet/workers/shape-auditor.mjs","--threshold","5"]}
{"ts":"2026-06-29T02:23:26.593Z","lane":"mos-enforcer","event":"start","step":null,"bin":"node","args":["/Volumes/EOS_DIGITAL/KiriPedia/botnet/workers/mos-enforcer.mjs"]}
{"ts":"2026-06-29T02:23:26.618Z","lane":"promotion","event":"start","step":null,"bin":"node","args":["/Volumes/EOS_DIGITAL/KiriPedia/botnet/workers/promotion-committee.mjs"]}
{"ts":"2026-06-29T02:23:26.661Z","lane":"rt-snapshot","event":"start","step":null,"bin":"node","args":["/Volumes/EOS_DIGITAL/KiriPedia/botnet/lib/research-team-snapshot.mjs"]}
{"ts":"2026-06-29T02:23:27.022Z","lane":"plant2","event":"done","step":"cat-1","code":0,"ms":638}
{"ts":"2026-06-29T02:23:27.023Z","lane":"plant2","event":"start","step":"cat-2","bin":"node","args":["/Volumes/EOS_DIGITAL/KiriPedia/botnet/workers/cataloger-editor.mjs","--worker","cataloger-2","--batch","1"]}
{"ts":"2026-06-29T02:23:27.044Z","lane":"catch-import","event":"done","step":null,"code":0,"ms":677}
{"ts":"2026-06-29T02:23:27.045Z","lane":"triage","event":"done","step":null,"code":0,"ms":670}
{"ts":"2026-06-29T02:23:27.048Z","lane":"plant","event":"done","step":"scribe-1","code":0,"ms":670}
{"ts":"2026-06-29T02:23:27.051Z","lane":"plant","event":"start","step":"scribe-2","bin":"node","args":["/Volumes/EOS_DIGITAL/KiriPedia/botnet/workers/scribe.mjs","--worker","scribe-2","--batch","1"]}
{"ts":"2026-06-29T02:23:27.055Z","lane":"reviewer","event":"done","step":null,"code":0,"ms":670}
{"ts":"2026-06-29T02:23:27.059Z","lane":"sentry","event":"done","step":null,"code":0,"ms":583}
{"ts":"2026-06-29T02:23:27.062Z","lane":"discretion","event":"done","step":null,"code":0,"ms":514}
{"ts":"2026-06-29T02:23:27.069Z","lane":"splitter","event":"done","step":null,"code":0,"ms":501}
{"ts":"2026-06-29T02:23:27.121Z","lane":"coord","event":"done","step":null,"code":0,"ms":730}
{"ts":"2026-06-29T02:23:27.194Z","lane":"snapshot","event":"done","step":null,"code":0,"ms":709}
{"ts":"2026-06-29T02:23:27.317Z","lane":"plant2","event":"done","step":"cat-2","code":0,"ms":292}
{"ts":"2026-06-29T02:23:27.325Z","lane":"plant","event":"done","step":"scribe-2","code":0,"ms":272}
{"ts":"2026-06-29T02:23:27.331Z","lane":"plant","event":"start","step":"scribe-3","bin":"node","args":["/Volumes/EOS_DIGITAL/KiriPedia/botnet/workers/scribe.mjs","--worker","scribe-3","--batch","1"]}
{"ts":"2026-06-29T02:23:27.446Z","lane":"plant","event":"done","step":"scribe-3","code":0,"ms":113}
{"ts":"2026-06-29T02:23:27.678Z","lane":"diff-sentinel","event":"done","step":null,"code":0,"ms":1093}
(node:12542) MaxListenersExceededWarning: Possible EventEmitter memory leak detected. 11 drain listeners added to [process]. MaxListeners is 10. Use emitter.setMaxListeners() to increase limit
(Use `node --trace-warnings ...` to show where the warning was created)
{"ts":"2026-06-29T02:23:27.807Z","lane":"rt-snapshot","event":"done","step":null,"code":0,"ms":1146}
{"ts":"2026-06-29T02:23:27.991Z","lane":"shape-auditor","event":"done","step":null,"code":0,"ms":1401}
{"ts":"2026-06-29T02:23:28.002Z","lane":"promotion","event":"done","step":null,"code":0,"ms":1381}
{"ts":"2026-06-29T02:23:28.179Z","lane":"orders","event":"done","step":null,"code":0,"ms":1735}
{"ts":"2026-06-29T02:23:28.708Z","lane":"calendar","event":"done","step":null,"code":0,"ms":2251}
{"ts":"2026-06-29T02:23:28.771Z","lane":"office","event":"done","step":null,"code":0,"ms":2399}
{"ts":"2026-06-29T02:23:29.042Z","lane":"weaver2","event":"done","step":null,"code":0,"ms":2625}
{"ts":"2026-06-29T02:23:29.122Z","lane":"mos-enforcer","event":"done","step":null,"code":0,"ms":2528}
{"ts":"2026-06-29T02:23:30.995Z","lane":"triage-patroller","event":"done","step":null,"code":0,"ms":4479}
{"ts":"2026-06-29T02:23:31.463Z","lane":"indexer","event":"done","step":null,"code":0,"ms":5065}
{"ts":"2026-06-29T02:23:37.221Z","lane":"re-reader","event":"done","step":null,"code":0,"ms":10686}
{"ts":"2026-06-29T02:23:38.016Z","lane":"prospect","event":"done","step":null,"code":0,"ms":11586}
{"ts":"2026-06-29T02:24:26.561Z","lane":"mining","event":"done","step":"deepener","code":0,"ms":60153}
{"ts":"2026-06-29T02:24:26.567Z","lane":"mining","event":"start","step":"enricher","bin":"node","args":["/Volumes/EOS_DIGITAL/KiriPedia/botnet/workers/enricher.mjs","--batch","5"]}
{"ts":"2026-06-29T02:24:27.807Z","lane":"rt-snapshot","event":"start","step":null,"bin":"node","args":["/Volumes/EOS_DIGITAL/KiriPedia/botnet/lib/research-team-snapshot.mjs"]}
{"ts":"2026-06-29T02:24:27.947Z","lane":"rt-snapshot","event":"done","step":null,"code":0,"ms":140}
{"ts":"2026-06-29T02:24:51.274Z","lane":"plant","event":"start","step":"scribe-1","bin":"node","args":["/Volumes/EOS_DIGITAL/KiriPedia/botnet/workers/scribe.mjs","--worker","scribe-1","--batch","1"]}
{"ts":"2026-06-29T02:24:51.412Z","lane":"plant","event":"done","step":"scribe-1","code":0,"ms":135}
{"ts":"2026-06-29T02:24:51.412Z","lane":"plant","event":"start","step":"scribe-2","bin":"node","args":["/Volumes/EOS_DIGITAL/KiriPedia/botnet/workers/scribe.mjs","--worker","scribe-2","--batch","1"]}
{"ts":"2026-06-29T02:24:51.511Z","lane":"plant","event":"done","step":"scribe-2","code":0,"ms":96}
{"ts":"2026-06-29T02:24:51.511Z","lane":"plant","event":"start","step":"scribe-3","bin":"node","args":["/Volumes/EOS_DIGITAL/KiriPedia/botnet/workers/scribe.mjs","--worker","scribe-3","--batch","1"]}
{"ts":"2026-06-29T02:24:51.613Z","lane":"plant","event":"done","step":"scribe-3","code":0,"ms":99}
{"ts":"2026-06-29T02:24:58.188Z","lane":"mining","event":"done","step":"enricher","code":0,"ms":31621}
{"ts":"2026-06-29T02:24:58.191Z","lane":"mining","event":"start","step":"weaver","bin":"node","args":["/Volumes/EOS_DIGITAL/KiriPedia/botnet/workers/weaver.mjs","--batch","5"]}
{"ts":"2026-06-29T02:25:00.730Z","lane":"mining","event":"done","step":"weaver","code":0,"ms":2537}
{"ts":"2026-06-29T02:25:27.947Z","lane":"rt-snapshot","event":"start","step":null,"bin":"node","args":["/Volumes/EOS_DIGITAL/KiriPedia/botnet/lib/research-team-snapshot.mjs"]}
{"ts":"2026-06-29T02:25:28.115Z","lane":"rt-snapshot","event":"done","step":null,"code":0,"ms":167}
{"ts":"2026-06-29T02:25:43.760Z","lane":"plant2","event":"start","step":"cat-1","bin":"node","args":["/Volumes/EOS_DIGITAL/KiriPedia/botnet/workers/cataloger-editor.mjs","--worker","cataloger-1","--batch","1"]}
{"ts":"2026-06-29T02:25:43.910Z","lane":"plant2","event":"done","step":"cat-1","code":0,"ms":147}
{"ts":"2026-06-29T02:25:43.910Z","lane":"plant2","event":"start","step":"cat-2","bin":"node","args":["/Volumes/EOS_DIGITAL/KiriPedia/botnet/workers/cataloger-editor.mjs","--worker","cataloger-2","--batch","1"]}
{"ts":"2026-06-29T02:25:44.006Z","lane":"plant2","event":"done","step":"cat-2","code":0,"ms":93}
{"ts":"2026-06-29T02:26:11.781Z","lane":"plant","event":"start","step":"scribe-1","bin":"node","args":["/Volumes/EOS_DIGITAL/KiriPedia/botnet/workers/scribe.mjs","--worker","scribe-1","--batch","1"]}
{"ts":"2026-06-29T02:26:11.921Z","lane":"plant","event":"done","step":"scribe-1","code":0,"ms":137}
{"ts":"2026-06-29T02:26:11.921Z","lane":"plant","event":"start","step":"scribe-2","bin":"node","args":["/Volumes/EOS_DIGITAL/KiriPedia/botnet/workers/scribe.mjs","--worker","scribe-2","--batch","1"]}
{"ts":"2026-06-29T02:26:12.019Z","lane":"plant","event":"done","step":"scribe-2","code":0,"ms":95}
{"ts":"2026-06-29T02:26:12.019Z","lane":"plant","event":"start","step":"scribe-3","bin":"node","args":["/Volumes/EOS_DIGITAL/KiriPedia/botnet/workers/scribe.mjs","--worker","scribe-3","--batch","1"]}
{"ts":"2026-06-29T02:26:12.115Z","lane":"plant","event":"done","step":"scribe-3","code":0,"ms":93}
{"ts":"2026-06-29T02:26:28.115Z","lane":"rt-snapshot","event":"start","step":null,"bin":"node","args":["/Volumes/EOS_DIGITAL/KiriPedia/botnet/lib/research-team-snapshot.mjs"]}
{"ts":"2026-06-29T02:26:28.285Z","lane":"rt-snapshot","event":"done","step":null,"code":0,"ms":167}
{"ts":"2026-06-29T02:27:28.288Z","lane":"rt-snapshot","event":"start","step":null,"bin":"node","args":["/Volumes/EOS_DIGITAL/KiriPedia/botnet/lib/research-team-snapshot.mjs"]}
{"ts":"2026-06-29T02:27:28.680Z","lane":"rt-snapshot","event":"done","step":null,"code":0,"ms":384}
{"ts":"2026-06-29T02:27:47.479Z","lane":"plant","event":"start","step":"scribe-1","bin":"node","args":["/Volumes/EOS_DIGITAL/KiriPedia/botnet/workers/scribe.mjs","--worker","scribe-1","--batch","1"]}
{"ts":"2026-06-29T02:27:51.532Z","lane":"plant2","event":"start","step":"cat-1","bin":"node","args":["/Volumes/EOS_DIGITAL/KiriPedia/botnet/workers/cataloger-editor.mjs","--worker","cataloger-1","--batch","1"]}
{"ts":"2026-06-29T02:27:52.058Z","lane":"plant","event":"done","step":"scribe-1","code":0,"ms":528}
{"ts":"2026-06-29T02:27:52.058Z","lane":"plant","event":"start","step":"scribe-2","bin":"node","args":["/Volumes/EOS_DIGITAL/KiriPedia/botnet/workers/scribe.mjs","--worker","scribe-2","--batch","1"]}
{"ts":"2026-06-29T02:27:52.085Z","lane":"plant2","event":"done","step":"cat-1","code":0,"ms":346}
{"ts":"2026-06-29T02:27:52.129Z","lane":"plant2","event":"start","step":"cat-2","bin":"node","args":["/Volumes/EOS_DIGITAL/KiriPedia/botnet/workers/cataloger-editor.mjs","--worker","cataloger-2","--batch","1"]}
{"ts":"2026-06-29T02:27:52.190Z","lane":"plant","event":"done","step":"scribe-2","code":0,"ms":107}
{"ts":"2026-06-29T02:27:52.191Z","lane":"plant","event":"start","step":"scribe-3","bin":"node","args":["/Volumes/EOS_DIGITAL/KiriPedia/botnet/workers/scribe.mjs","--worker","scribe-3","--batch","1"]}
{"ts":"2026-06-29T02:27:52.274Z","lane":"plant2","event":"done","step":"cat-2","code":0,"ms":128}
{"ts":"2026-06-29T02:27:52.337Z","lane":"plant","event":"done","step":"scribe-3","code":0,"ms":128}
{"ts":"2026-06-29T02:28:11.633Z","lane":"reviewer","event":"start","step":null,"bin":"node","args":["/Volumes/EOS_DIGITAL/KiriPedia/botnet/workers/reviewer.mjs"]}
{"ts":"2026-06-29T02:28:11.822Z","lane":"reviewer","event":"done","step":null,"code":0,"ms":186}
{"ts":"2026-06-29T02:28:27.178Z","lane":"snapshot","event":"start","step":null,"bin":"node","args":["/Volumes/EOS_DIGITAL/KiriPedia/botnet/lib/snapshot-writer.mjs"]}
{"ts":"2026-06-29T02:28:27.372Z","lane":"snapshot","event":"done","step":null,"code":0,"ms":193}
{"ts":"2026-06-29T02:28:28.678Z","lane":"rt-snapshot","event":"start","step":null,"bin":"node","args":["/Volumes/EOS_DIGITAL/KiriPedia/botnet/lib/research-team-snapshot.mjs"]}
{"ts":"2026-06-29T02:28:28.865Z","lane":"rt-snapshot","event":"done","step":null,"code":0,"ms":187}
{"ts":"2026-06-29T02:29:23.282Z","lane":"plant","event":"start","step":"scribe-1","bin":"node","args":["/Volumes/EOS_DIGITAL/KiriPedia/botnet/workers/scribe.mjs","--worker","scribe-1","--batch","1"]}
{"ts":"2026-06-29T02:29:23.495Z","lane":"plant","event":"done","step":"scribe-1","code":0,"ms":206}
{"ts":"2026-06-29T02:29:23.495Z","lane":"plant","event":"start","step":"scribe-2","bin":"node","args":["/Volumes/EOS_DIGITAL/KiriPedia/botnet/workers/scribe.mjs","--worker","scribe-2","--batch","1"]}
{"ts":"2026-06-29T02:29:23.599Z","lane":"plant","event":"done","step":"scribe-2","code":0,"ms":101}
{"ts":"2026-06-29T02:29:23.600Z","lane":"plant","event":"start","step":"scribe-3","bin":"node","args":["/Volumes/EOS_DIGITAL/KiriPedia/botnet/workers/scribe.mjs","--worker","scribe-3","--batch","1"]}
{"ts":"2026-06-29T02:29:23.704Z","lane":"plant","event":"done","step":"scribe-3","code":0,"ms":99}
{"ts":"2026-06-29T02:29:28.861Z","lane":"rt-snapshot","event":"start","step":null,"bin":"node","args":["/Volumes/EOS_DIGITAL/KiriPedia/botnet/lib/research-team-snapshot.mjs"]}
{"ts":"2026-06-29T02:29:29.164Z","lane":"rt-snapshot","event":"done","step":null,"code":0,"ms":302}
{"ts":"2026-06-29T02:29:50.064Z","lane":"plant2","event":"start","step":"cat-1","bin":"node","args":["/Volumes/EOS_DIGITAL/KiriPedia/botnet/workers/cataloger-editor.mjs","--worker","cataloger-1","--batch","1"]}
{"ts":"2026-06-29T02:29:50.261Z","lane":"plant2","event":"done","step":"cat-1","code":0,"ms":195}
{"ts":"2026-06-29T02:29:50.261Z","lane":"plant2","event":"start","step":"cat-2","bin":"node","args":["/Volumes/EOS_DIGITAL/KiriPedia/botnet/workers/cataloger-editor.mjs","--worker","cataloger-2","--batch","1"]}
{"ts":"2026-06-29T02:29:50.367Z","lane":"plant2","event":"done","step":"cat-2","code":0,"ms":102}
{"ts":"2026-06-29T02:30:14.015Z","lane":"discretion","event":"start","step":null,"bin":"node","args":["/Volumes/EOS_DIGITAL/KiriPedia/botnet/workers/discretion-warden.mjs","--batch","20"]}
{"ts":"2026-06-29T02:30:14.194Z","lane":"discretion","event":"done","step":null,"code":0,"ms":176}
{"ts":"2026-06-29T02:30:19.530Z","lane":"splitter","event":"start","step":null,"bin":"node","args":["/Volumes/EOS_DIGITAL/KiriPedia/botnet/workers/first-third-splitter.mjs","--batch","30"]}
{"ts":"2026-06-29T02:30:19.655Z","lane":"splitter","event":"done","step":null,"code":0,"ms":123}
{"ts":"2026-06-29T02:30:29.163Z","lane":"rt-snapshot","event":"start","step":null,"bin":"node","args":["/Volumes/EOS_DIGITAL/KiriPedia/botnet/lib/research-team-snapshot.mjs"]}
{"ts":"2026-06-29T02:30:29.513Z","lane":"rt-snapshot","event":"done","step":null,"code":0,"ms":348}
{"ts":"2026-06-29T02:30:56.485Z","lane":"plant","event":"start","step":"scribe-1","bin":"node","args":["/Volumes/EOS_DIGITAL/KiriPedia/botnet/workers/scribe.mjs","--worker","scribe-1","--batch","1"]}
{"ts":"2026-06-29T02:30:56.819Z","lane":"plant","event":"done","step":"scribe-1","code":0,"ms":330}
{"ts":"2026-06-29T02:30:56.820Z","lane":"plant","event":"start","step":"scribe-2","bin":"node","args":["/Volumes/EOS_DIGITAL/KiriPedia/botnet/workers/scribe.mjs","--worker","scribe-2","--batch","1"]}
{"ts":"2026-06-29T02:30:56.921Z","lane":"plant","event":"done","step":"scribe-2","code":0,"ms":98}
{"ts":"2026-06-29T02:30:56.921Z","lane":"plant","event":"start","step":"scribe-3","bin":"node","args":["/Volumes/EOS_DIGITAL/KiriPedia/botnet/workers/scribe.mjs","--worker","scribe-3","--batch","1"]}
{"ts":"2026-06-29T02:30:57.054Z","lane":"plant","event":"done","step":"scribe-3","code":0,"ms":122}
{"ts":"2026-06-29T02:31:29.521Z","lane":"rt-snapshot","event":"start","step":null,"bin":"node","args":["/Volumes/EOS_DIGITAL/KiriPedia/botnet/lib/research-team-snapshot.mjs"]}
{"ts":"2026-06-29T02:31:29.911Z","lane":"rt-snapshot","event":"done","step":null,"code":0,"ms":388}
{"ts":"2026-06-29T02:31:39.012Z","lane":"plant2","event":"start","step":"cat-1","bin":"node","args":["/Volumes/EOS_DIGITAL/KiriPedia/botnet/workers/cataloger-editor.mjs","--worker","cataloger-1","--batch","1"]}
{"ts":"2026-06-29T02:31:39.163Z","lane":"plant2","event":"done","step":"cat-1","code":0,"ms":148}
{"ts":"2026-06-29T02:31:39.163Z","lane":"plant2","event":"start","step":"cat-2","bin":"node","args":["/Volumes/EOS_DIGITAL/KiriPedia/botnet/workers/cataloger-editor.mjs","--worker","cataloger-2","--batch","1"]}
{"ts":"2026-06-29T02:31:39.269Z","lane":"plant2","event":"done","step":"cat-2","code":0,"ms":103}
{"ts":"2026-06-29T02:32:29.913Z","lane":"rt-snapshot","event":"start","step":null,"bin":"node","args":["/Volumes/EOS_DIGITAL/KiriPedia/botnet/lib/research-team-snapshot.mjs"]}
{"ts":"2026-06-29T02:32:30.346Z","lane":"rt-snapshot","event":"done","step":null,"code":0,"ms":423}
{"ts":"2026-06-29T02:32:32.637Z","lane":"plant","event":"start","step":"scribe-1","bin":"node","args":["/Volumes/EOS_DIGITAL/KiriPedia/botnet/workers/scribe.mjs","--worker","scribe-1","--batch","1"]}
{"ts":"2026-06-29T02:32:32.747Z","lane":"plant","event":"done","step":"scribe-1","code":0,"ms":109}
{"ts":"2026-06-29T02:32:32.747Z","lane":"plant","event":"start","step":"scribe-2","bin":"node","args":["/Volumes/EOS_DIGITAL/KiriPedia/botnet/workers/scribe.mjs","--worker","scribe-2","--batch","1"]}
{"ts":"2026-06-29T02:32:32.853Z","lane":"plant","event":"done","step":"scribe-2","code":0,"ms":103}
{"ts":"2026-06-29T02:32:32.853Z","lane":"plant","event":"start","step":"scribe-3","bin":"node","args":["/Volumes/EOS_DIGITAL/KiriPedia/botnet/workers/scribe.mjs","--worker","scribe-3","--batch","1"]}
{"ts":"2026-06-29T02:32:32.961Z","lane":"plant","event":"done","step":"scribe-3","code":0,"ms":105}
{"ts":"2026-06-29T02:33:13.153Z","lane":"triage","event":"start","step":null,"bin":"node","args":["/Volumes/EOS_DIGITAL/KiriPedia/botnet/workers/npp.mjs"]}
{"ts":"2026-06-29T02:33:13.360Z","lane":"triage","event":"done","step":null,"code":0,"ms":200}
{"ts":"2026-06-29T02:33:27.360Z","lane":"snapshot","event":"start","step":null,"bin":"node","args":["/Volumes/EOS_DIGITAL/KiriPedia/botnet/lib/snapshot-writer.mjs"]}
{"ts":"2026-06-29T02:33:27.558Z","lane":"snapshot","event":"done","step":null,"code":0,"ms":196}
{"ts":"2026-06-29T02:33:30.344Z","lane":"rt-snapshot","event":"start","step":null,"bin":"node","args":["/Volumes/EOS_DIGITAL/KiriPedia/botnet/lib/research-team-snapshot.mjs"]}
{"ts":"2026-06-29T02:33:30.760Z","lane":"rt-snapshot","event":"done","step":null,"code":0,"ms":415}
{"ts":"2026-06-29T02:33:35.685Z","lane":"catch-import","event":"start","step":null,"bin":"node","args":["/Volumes/EOS_DIGITAL/KiriPedia/botnet/workers/catch-importer.mjs","--auto-trust"]}
{"ts":"2026-06-29T02:33:35.801Z","lane":"catch-import","event":"done","step":null,"code":0,"ms":113}
{"ts":"2026-06-29T02:33:40.237Z","lane":"reviewer","event":"start","step":null,"bin":"node","args":["/Volumes/EOS_DIGITAL/KiriPedia/botnet/workers/reviewer.mjs"]}
{"ts":"2026-06-29T02:33:40.341Z","lane":"reviewer","event":"done","step":null,"code":0,"ms":102}
{"ts":"2026-06-29T02:33:45.656Z","lane":"triage-patroller","event":"start","step":null,"bin":"node","args":["/Volumes/EOS_DIGITAL/KiriPedia/botnet/workers/triage-patroller.mjs","--per-role","25"]}
{"ts":"2026-06-29T02:33:48.922Z","lane":"triage-patroller","event":"done","step":null,"code":0,"ms":3264}
{"ts":"2026-06-29T02:33:50.754Z","lane":"plant","event":"start","step":"scribe-1","bin":"node","args":["/Volumes/EOS_DIGITAL/KiriPedia/botnet/workers/scribe.mjs","--worker","scribe-1","--batch","1"]}
{"ts":"2026-06-29T02:33:50.878Z","lane":"plant","event":"done","step":"scribe-1","code":0,"ms":123}
{"ts":"2026-06-29T02:33:50.879Z","lane":"plant","event":"start","step":"scribe-2","bin":"node","args":["/Volumes/EOS_DIGITAL/KiriPedia/botnet/workers/scribe.mjs","--worker","scribe-2","--batch","1"]}
{"ts":"2026-06-29T02:33:50.997Z","lane":"plant","event":"done","step":"scribe-2","code":0,"ms":117}
{"ts":"2026-06-29T02:33:50.997Z","lane":"plant","event":"start","step":"scribe-3","bin":"node","args":["/Volumes/EOS_DIGITAL/KiriPedia/botnet/workers/scribe.mjs","--worker","scribe-3","--batch","1"]}
{"ts":"2026-06-29T02:33:51.106Z","lane":"plant","event":"done","step":"scribe-3","code":0,"ms":108}
{"ts":"2026-06-29T02:33:54.026Z","lane":"office","event":"start","step":null,"bin":"node","args":["/Volumes/EOS_DIGITAL/KiriPedia/botnet/workers/office-manager.mjs"]}
{"ts":"2026-06-29T02:33:56.176Z","lane":"office","event":"done","step":null,"code":0,"ms":2148}
{"ts":"2026-06-29T02:33:58.017Z","lane":"plant2","event":"start","step":"cat-1","bin":"node","args":["/Volumes/EOS_DIGITAL/KiriPedia/botnet/workers/cataloger-editor.mjs","--worker","cataloger-1","--batch","1"]}
{"ts":"2026-06-29T02:33:58.146Z","lane":"plant2","event":"done","step":"cat-1","code":0,"ms":129}
{"ts":"2026-06-29T02:33:58.146Z","lane":"plant2","event":"start","step":"cat-2","bin":"node","args":["/Volumes/EOS_DIGITAL/KiriPedia/botnet/workers/cataloger-editor.mjs","--worker","cataloger-2","--batch","1"]}
{"ts":"2026-06-29T02:33:58.260Z","lane":"plant2","event":"done","step":"cat-2","code":0,"ms":112}
{"ts":"2026-06-29T02:34:30.981Z","lane":"rt-snapshot","event":"start","step":null,"bin":"node","args":["/Volumes/EOS_DIGITAL/KiriPedia/botnet/lib/research-team-snapshot.mjs"]}
{"ts":"2026-06-29T02:34:31.478Z","lane":"rt-snapshot","event":"done","step":null,"code":0,"ms":491}
{"ts":"2026-06-29T02:35:31.485Z","lane":"rt-snapshot","event":"start","step":null,"bin":"node","args":["/Volumes/EOS_DIGITAL/KiriPedia/botnet/lib/research-team-snapshot.mjs"]}
{"ts":"2026-06-29T02:35:31.873Z","lane":"rt-snapshot","event":"done","step":null,"code":0,"ms":381}
{"ts":"2026-06-29T02:35:33.329Z","lane":"plant","event":"start","step":"scribe-1","bin":"node","args":["/Volumes/EOS_DIGITAL/KiriPedia/botnet/workers/scribe.mjs","--worker","scribe-1","--batch","1"]}
{"ts":"2026-06-29T02:35:33.444Z","lane":"plant","event":"done","step":"scribe-1","code":0,"ms":114}
{"ts":"2026-06-29T02:35:33.445Z","lane":"plant","event":"start","step":"scribe-2","bin":"node","args":["/Volumes/EOS_DIGITAL/KiriPedia/botnet/workers/scribe.mjs","--worker","scribe-2","--batch","1"]}
{"ts":"2026-06-29T02:35:33.545Z","lane":"plant","event":"done","step":"scribe-2","code":0,"ms":99}
{"ts":"2026-06-29T02:35:33.545Z","lane":"plant","event":"start","step":"scribe-3","bin":"node","args":["/Volumes/EOS_DIGITAL/KiriPedia/botnet/workers/scribe.mjs","--worker","scribe-3","--batch","1"]}
{"ts":"2026-06-29T02:35:33.647Z","lane":"plant","event":"done","step":"scribe-3","code":0,"ms":100}
{"ts":"2026-06-29T02:35:40.772Z","lane":"plant2","event":"start","step":"cat-1","bin":"node","args":["/Volumes/EOS_DIGITAL/KiriPedia/botnet/workers/cataloger-editor.mjs","--worker","cataloger-1","--batch","1"]}
{"ts":"2026-06-29T02:35:40.910Z","lane":"plant2","event":"done","step":"cat-1","code":0,"ms":136}
{"ts":"2026-06-29T02:35:40.910Z","lane":"plant2","event":"start","step":"cat-2","bin":"node","args":["/Volumes/EOS_DIGITAL/KiriPedia/botnet/workers/cataloger-editor.mjs","--worker","cataloger-2","--batch","1"]}
{"ts":"2026-06-29T02:35:41.016Z","lane":"plant2","event":"done","step":"cat-2","code":0,"ms":103}
{"ts":"2026-06-29T02:36:31.879Z","lane":"rt-snapshot","event":"start","step":null,"bin":"node","args":["/Volumes/EOS_DIGITAL/KiriPedia/botnet/lib/research-team-snapshot.mjs"]}
{"ts":"2026-06-29T02:36:32.288Z","lane":"rt-snapshot","event":"done","step":null,"code":0,"ms":400}
{"ts":"2026-06-29T02:37:04.860Z","lane":"plant","event":"start","step":"scribe-1","bin":"node","args":["/Volumes/EOS_DIGITAL/KiriPedia/botnet/workers/scribe.mjs","--worker","scribe-1","--batch","1"]}
{"ts":"2026-06-29T02:37:05.063Z","lane":"plant","event":"done","step":"scribe-1","code":0,"ms":201}
{"ts":"2026-06-29T02:37:05.063Z","lane":"plant","event":"start","step":"scribe-2","bin":"node","args":["/Volumes/EOS_DIGITAL/KiriPedia/botnet/workers/scribe.mjs","--worker","scribe-2","--batch","1"]}
{"ts":"2026-06-29T02:37:05.232Z","lane":"plant","event":"done","step":"scribe-2","code":0,"ms":165}
{"ts":"2026-06-29T02:37:05.232Z","lane":"plant","event":"start","step":"scribe-3","bin":"node","args":["/Volumes/EOS_DIGITAL/KiriPedia/botnet/workers/scribe.mjs","--worker","scribe-3","--batch","1"]}
{"ts":"2026-06-29T02:37:05.342Z","lane":"plant","event":"done","step":"scribe-3","code":0,"ms":105}
{"ts":"2026-06-29T02:37:18.189Z","lane":"discretion","event":"start","step":null,"bin":"node","args":["/Volumes/EOS_DIGITAL/KiriPedia/botnet/workers/discretion-warden.mjs","--batch","20"]}
{"ts":"2026-06-29T02:37:18.366Z","lane":"discretion","event":"done","step":null,"code":0,"ms":174}
{"ts":"2026-06-29T02:37:23.217Z","lane":"splitter","event":"start","step":null,"bin":"node","args":["/Volumes/EOS_DIGITAL/KiriPedia/botnet/workers/first-third-splitter.mjs","--batch","30"]}
{"ts":"2026-06-29T02:37:23.304Z","lane":"splitter","event":"done","step":null,"code":0,"ms":86}
{"ts":"2026-06-29T02:37:32.292Z","lane":"rt-snapshot","event":"start","step":null,"bin":"node","args":["/Volumes/EOS_DIGITAL/KiriPedia/botnet/lib/research-team-snapshot.mjs"]}
{"ts":"2026-06-29T02:37:32.584Z","lane":"rt-snapshot","event":"done","step":null,"code":0,"ms":291}
{"ts":"2026-06-29T02:38:00.485Z","lane":"plant2","event":"start","step":"cat-1","bin":"node","args":["/Volumes/EOS_DIGITAL/KiriPedia/botnet/workers/cataloger-editor.mjs","--worker","cataloger-1","--batch","1"]}
{"ts":"2026-06-29T02:38:00.672Z","lane":"plant2","event":"done","step":"cat-1","code":0,"ms":186}
{"ts":"2026-06-29T02:38:00.672Z","lane":"plant2","event":"start","step":"cat-2","bin":"node","args":["/Volumes/EOS_DIGITAL/KiriPedia/botnet/workers/cataloger-editor.mjs","--worker","cataloger-2","--batch","1"]}
{"ts":"2026-06-29T02:38:00.768Z","lane":"plant2","event":"done","step":"cat-2","code":0,"ms":94}
{"ts":"2026-06-29T02:38:27.784Z","lane":"snapshot","event":"start","step":null,"bin":"node","args":["/Volumes/EOS_DIGITAL/KiriPedia/botnet/lib/snapshot-writer.mjs"]}
{"ts":"2026-06-29T02:38:27.985Z","lane":"snapshot","event":"done","step":null,"code":0,"ms":199}
{"ts":"2026-06-29T02:38:30.420Z","lane":"coord","event":"start","step":null,"bin":"node","args":["/Volumes/EOS_DIGITAL/KiriPedia/botnet/workers/coordinator.mjs","--push"]}
{"ts":"2026-06-29T02:38:30.523Z","lane":"coord","event":"done","step":null,"code":0,"ms":103}
{"ts":"2026-06-29T02:38:32.589Z","lane":"rt-snapshot","event":"start","step":null,"bin":"node","args":["/Volumes/EOS_DIGITAL/KiriPedia/botnet/lib/research-team-snapshot.mjs"]}
{"ts":"2026-06-29T02:38:32.842Z","lane":"rt-snapshot","event":"done","step":null,"code":0,"ms":253}
{"ts":"2026-06-29T02:38:35.849Z","lane":"plant","event":"start","step":"scribe-1","bin":"node","args":["/Volumes/EOS_DIGITAL/KiriPedia/botnet/workers/scribe.mjs","--worker","scribe-1","--batch","1"]}
{"ts":"2026-06-29T02:38:35.974Z","lane":"plant","event":"done","step":"scribe-1","code":0,"ms":123}
{"ts":"2026-06-29T02:38:35.974Z","lane":"plant","event":"start","step":"scribe-2","bin":"node","args":["/Volumes/EOS_DIGITAL/KiriPedia/botnet/workers/scribe.mjs","--worker","scribe-2","--batch","1"]}
{"ts":"2026-06-29T02:38:36.068Z","lane":"plant","event":"done","step":"scribe-2","code":0,"ms":93}
{"ts":"2026-06-29T02:38:36.068Z","lane":"plant","event":"start","step":"scribe-3","bin":"node","args":["/Volumes/EOS_DIGITAL/KiriPedia/botnet/workers/scribe.mjs","--worker","scribe-3","--batch","1"]}
{"ts":"2026-06-29T02:38:36.169Z","lane":"plant","event":"done","step":"scribe-3","code":0,"ms":97}
{"ts":"2026-06-29T02:39:01.127Z","lane":"reviewer","event":"start","step":null,"bin":"node","args":["/Volumes/EOS_DIGITAL/KiriPedia/botnet/workers/reviewer.mjs"]}
{"ts":"2026-06-29T02:39:01.317Z","lane":"reviewer","event":"done","step":null,"code":0,"ms":187}
{"ts":"2026-06-29T02:39:32.847Z","lane":"rt-snapshot","event":"start","step":null,"bin":"node","args":["/Volumes/EOS_DIGITAL/KiriPedia/botnet/lib/research-team-snapshot.mjs"]}
{"ts":"2026-06-29T02:39:33.216Z","lane":"rt-snapshot","event":"done","step":null,"code":0,"ms":367}
{"ts":"2026-06-29T02:40:06.523Z","lane":"plant","event":"start","step":"scribe-1","bin":"node","args":["/Volumes/EOS_DIGITAL/KiriPedia/botnet/workers/scribe.mjs","--worker","scribe-1","--batch","1"]}
{"ts":"2026-06-29T02:40:06.717Z","lane":"plant","event":"done","step":"scribe-1","code":0,"ms":192}
{"ts":"2026-06-29T02:40:06.717Z","lane":"plant","event":"start","step":"scribe-2","bin":"node","args":["/Volumes/EOS_DIGITAL/KiriPedia/botnet/workers/scribe.mjs","--worker","scribe-2","--batch","1"]}
{"ts":"2026-06-29T02:40:06.816Z","lane":"plant","event":"done","step":"scribe-2","code":0,"ms":97}
{"ts":"2026-06-29T02:40:06.816Z","lane":"plant","event":"start","step":"scribe-3","bin":"node","args":["/Volumes/EOS_DIGITAL/KiriPedia/botnet/workers/scribe.mjs","--worker","scribe-3","--batch","1"]}
{"ts":"2026-06-29T02:40:06.877Z","lane":"plant2","event":"start","step":"cat-1","bin":"node","args":["/Volumes/EOS_DIGITAL/KiriPedia/botnet/workers/cataloger-editor.mjs","--worker","cataloger-1","--batch","1"]}
{"ts":"2026-06-29T02:40:06.926Z","lane":"plant","event":"done","step":"scribe-3","code":0,"ms":108}
{"ts":"2026-06-29T02:40:07.010Z","lane":"plant2","event":"done","step":"cat-1","code":0,"ms":132}
{"ts":"2026-06-29T02:40:07.010Z","lane":"plant2","event":"start","step":"cat-2","bin":"node","args":["/Volumes/EOS_DIGITAL/KiriPedia/botnet/workers/cataloger-editor.mjs","--worker","cataloger-2","--batch","1"]}
{"ts":"2026-06-29T02:40:07.113Z","lane":"plant2","event":"done","step":"cat-2","code":0,"ms":101}
{"ts":"2026-06-29T02:40:33.220Z","lane":"rt-snapshot","event":"start","step":null,"bin":"node","args":["/Volumes/EOS_DIGITAL/KiriPedia/botnet/lib/research-team-snapshot.mjs"]}
{"ts":"2026-06-29T02:40:33.527Z","lane":"rt-snapshot","event":"done","step":null,"code":0,"ms":306}
{"ts":"2026-06-29T02:41:22.151Z","lane":"plant","event":"start","step":"scribe-1","bin":"node","args":["/Volumes/EOS_DIGITAL/KiriPedia/botnet/workers/scribe.mjs","--worker","scribe-1","--batch","1"]}
{"ts":"2026-06-29T02:41:22.292Z","lane":"plant","event":"done","step":"scribe-1","code":0,"ms":138}
{"ts":"2026-06-29T02:41:22.293Z","lane":"plant","event":"start","step":"scribe-2","bin":"node","args":["/Volumes/EOS_DIGITAL/KiriPedia/botnet/workers/scribe.mjs","--worker","scribe-2","--batch","1"]}
{"ts":"2026-06-29T02:41:22.391Z","lane":"plant","event":"done","step":"scribe-2","code":0,"ms":96}
{"ts":"2026-06-29T02:41:22.391Z","lane":"plant","event":"start","step":"scribe-3","bin":"node","args":["/Volumes/EOS_DIGITAL/KiriPedia/botnet/workers/scribe.mjs","--worker","scribe-3","--batch","1"]}
{"ts":"2026-06-29T02:41:22.484Z","lane":"plant","event":"done","step":"scribe-3","code":0,"ms":92}
{"ts":"2026-06-29T02:41:33.532Z","lane":"rt-snapshot","event":"start","step":null,"bin":"node","args":["/Volumes/EOS_DIGITAL/KiriPedia/botnet/lib/research-team-snapshot.mjs"]}
{"ts":"2026-06-29T02:41:33.783Z","lane":"rt-snapshot","event":"done","step":null,"code":0,"ms":249}
{"ts":"2026-06-29T02:41:48.270Z","lane":"re-reader","event":"start","step":null,"bin":"node","args":["/Volumes/EOS_DIGITAL/KiriPedia/botnet/workers/re-reader.mjs","--worker","re-reader-1","--batch","2"]}
{"ts":"2026-06-29T02:42:13.015Z","lane":"plant2","event":"start","step":"cat-1","bin":"node","args":["/Volumes/EOS_DIGITAL/KiriPedia/botnet/workers/cataloger-editor.mjs","--worker","cataloger-1","--batch","1"]}
{"ts":"2026-06-29T02:42:13.171Z","lane":"plant2","event":"done","step":"cat-1","code":0,"ms":154}
{"ts":"2026-06-29T02:42:13.172Z","lane":"plant2","event":"start","step":"cat-2","bin":"node","args":["/Volumes/EOS_DIGITAL/KiriPedia/botnet/workers/cataloger-editor.mjs","--worker","cataloger-2","--batch","1"]}
{"ts":"2026-06-29T02:42:13.266Z","lane":"plant2","event":"done","step":"cat-2","code":0,"ms":93}
{"ts":"2026-06-29T02:42:14.168Z","lane":"triage","event":"start","step":null,"bin":"node","args":["/Volumes/EOS_DIGITAL/KiriPedia/botnet/workers/npp.mjs"]}
{"ts":"2026-06-29T02:42:14.263Z","lane":"triage","event":"done","step":null,"code":0,"ms":95}
{"ts":"2026-06-29T02:42:33.788Z","lane":"rt-snapshot","event":"start","step":null,"bin":"node","args":["/Volumes/EOS_DIGITAL/KiriPedia/botnet/lib/research-team-snapshot.mjs"]}
{"ts":"2026-06-29T02:42:34.050Z","lane":"rt-snapshot","event":"done","step":null,"code":0,"ms":260}
{"ts":"2026-06-29T02:42:42.836Z","lane":"plant","event":"start","step":"scribe-1","bin":"node","args":["/Volumes/EOS_DIGITAL/KiriPedia/botnet/workers/scribe.mjs","--worker","scribe-1","--batch","1"]}
{"ts":"2026-06-29T02:42:42.971Z","lane":"plant","event":"done","step":"scribe-1","code":0,"ms":135}
{"ts":"2026-06-29T02:42:42.972Z","lane":"plant","event":"start","step":"scribe-2","bin":"node","args":["/Volumes/EOS_DIGITAL/KiriPedia/botnet/workers/scribe.mjs","--worker","scribe-2","--batch","1"]}
{"ts":"2026-06-29T02:42:43.076Z","lane":"plant","event":"done","step":"scribe-2","code":0,"ms":99}
{"ts":"2026-06-29T02:42:43.076Z","lane":"plant","event":"start","step":"scribe-3","bin":"node","args":["/Volumes/EOS_DIGITAL/KiriPedia/botnet/workers/scribe.mjs","--worker","scribe-3","--batch","1"]}
{"ts":"2026-06-29T02:42:43.169Z","lane":"plant","event":"done","step":"scribe-3","code":0,"ms":91}
{"ts":"2026-06-29T02:43:26.569Z","lane":"trawler","event":"done","step":null,"code":-1,"ms":1200206,"stderr":"[trawler:youtube] Run 1/4 for 2026-06-29.\n"}
{"ts":"2026-06-29T02:43:26.576Z","lane":"trawler","event":"backoff","ms":30000}
{"ts":"2026-06-29T02:43:27.999Z","lane":"snapshot","event":"start","step":null,"bin":"node","args":["/Volumes/EOS_DIGITAL/KiriPedia/botnet/lib/snapshot-writer.mjs"]}
{"ts":"2026-06-29T02:43:28.240Z","lane":"snapshot","event":"done","step":null,"code":0,"ms":241}
{"ts":"2026-06-29T02:43:34.056Z","lane":"rt-snapshot","event":"start","step":null,"bin":"node","args":["/Volumes/EOS_DIGITAL/KiriPedia/botnet/lib/research-team-snapshot.mjs"]}
{"ts":"2026-06-29T02:43:34.323Z","lane":"rt-snapshot","event":"done","step":null,"code":0,"ms":266}
{"ts":"2026-06-29T02:43:56.363Z","lane":"re-reader","event":"done","step":null,"code":0,"ms":128091}
{"ts":"2026-06-29T02:43:56.368Z","lane":"catch-import","event":"start","step":null,"bin":"node","args":["/Volumes/EOS_DIGITAL/KiriPedia/botnet/workers/catch-importer.mjs","--auto-trust"]}
{"ts":"2026-06-29T02:43:56.484Z","lane":"catch-import","event":"done","step":null,"code":0,"ms":115}
{"ts":"2026-06-29T02:43:56.579Z","lane":"trawler","event":"start","step":null,"bin":"node","args":["/Volumes/EOS_DIGITAL/KiriPedia/fleet/trawlers/youtube.mjs"]}
{"ts":"2026-06-29T02:44:07.547Z","lane":"splitter","event":"start","step":null,"bin":"node","args":["/Volumes/EOS_DIGITAL/KiriPedia/botnet/workers/first-third-splitter.mjs","--batch","30"]}
{"ts":"2026-06-29T02:44:07.710Z","lane":"splitter","event":"done","step":null,"code":0,"ms":162}
{"ts":"2026-06-29T02:44:08.253Z","lane":"plant2","event":"start","step":"cat-1","bin":"node","args":["/Volumes/EOS_DIGITAL/KiriPedia/botnet/workers/cataloger-editor.mjs","--worker","cataloger-1","--batch","1"]}
{"ts":"2026-06-29T02:44:08.357Z","lane":"plant2","event":"done","step":"cat-1","code":0,"ms":103}
{"ts":"2026-06-29T02:44:08.357Z","lane":"plant2","event":"start","step":"cat-2","bin":"node","args":["/Volumes/EOS_DIGITAL/KiriPedia/botnet/workers/cataloger-editor.mjs","--worker","cataloger-2","--batch","1"]}
{"ts":"2026-06-29T02:44:08.455Z","lane":"plant2","event":"done","step":"cat-2","code":0,"ms":97}
{"ts":"2026-06-29T02:44:11.025Z","lane":"plant","event":"start","step":"scribe-1","bin":"node","args":["/Volumes/EOS_DIGITAL/KiriPedia/botnet/workers/scribe.mjs","--worker","scribe-1","--batch","1"]}
{"ts":"2026-06-29T02:44:11.123Z","lane":"plant","event":"done","step":"scribe-1","code":0,"ms":98}
{"ts":"2026-06-29T02:44:11.124Z","lane":"plant","event":"start","step":"scribe-2","bin":"node","args":["/Volumes/EOS_DIGITAL/KiriPedia/botnet/workers/scribe.mjs","--worker","scribe-2","--batch","1"]}
{"ts":"2026-06-29T02:44:11.216Z","lane":"plant","event":"done","step":"scribe-2","code":0,"ms":91}
{"ts":"2026-06-29T02:44:11.216Z","lane":"plant","event":"start","step":"scribe-3","bin":"node","args":["/Volumes/EOS_DIGITAL/KiriPedia/botnet/workers/scribe.mjs","--worker","scribe-3","--batch","1"]}
{"ts":"2026-06-29T02:44:11.308Z","lane":"plant","event":"done","step":"scribe-3","code":0,"ms":91}
{"ts":"2026-06-29T02:44:14.085Z","lane":"discretion","event":"start","step":null,"bin":"node","args":["/Volumes/EOS_DIGITAL/KiriPedia/botnet/workers/discretion-warden.mjs","--batch","20"]}
{"ts":"2026-06-29T02:44:14.181Z","lane":"discretion","event":"done","step":null,"code":0,"ms":96}
{"ts":"2026-06-29T02:44:19.863Z","lane":"reviewer","event":"start","step":null,"bin":"node","args":["/Volumes/EOS_DIGITAL/KiriPedia/botnet/workers/reviewer.mjs"]}
{"ts":"2026-06-29T02:44:19.964Z","lane":"reviewer","event":"done","step":null,"code":0,"ms":100}
{"ts":"2026-06-29T02:44:22.059Z","lane":"triage-patroller","event":"start","step":null,"bin":"node","args":["/Volumes/EOS_DIGITAL/KiriPedia/botnet/workers/triage-patroller.mjs","--per-role","25"]}
{"ts":"2026-06-29T02:44:22.595Z","lane":"office","event":"start","step":null,"bin":"node","args":["/Volumes/EOS_DIGITAL/KiriPedia/botnet/workers/office-manager.mjs"]}
{"ts":"2026-06-29T02:44:24.019Z","lane":"office","event":"done","step":null,"code":0,"ms":1423}
{"ts":"2026-06-29T02:44:25.148Z","lane":"triage-patroller","event":"done","step":null,"code":0,"ms":3087}
{"ts":"2026-06-29T02:44:34.329Z","lane":"rt-snapshot","event":"start","step":null,"bin":"node","args":["/Volumes/EOS_DIGITAL/KiriPedia/botnet/lib/research-team-snapshot.mjs"]}
{"ts":"2026-06-29T02:44:34.559Z","lane":"rt-snapshot","event":"done","step":null,"code":0,"ms":228}
{"ts":"2026-06-29T02:45:34.569Z","lane":"rt-snapshot","event":"start","step":null,"bin":"node","args":["/Volumes/EOS_DIGITAL/KiriPedia/botnet/lib/research-team-snapshot.mjs"]}
{"ts":"2026-06-29T02:45:35.075Z","lane":"rt-snapshot","event":"done","step":null,"code":0,"ms":501}
{"ts":"2026-06-29T02:45:37.416Z","lane":"plant","event":"start","step":"scribe-1","bin":"node","args":["/Volumes/EOS_DIGITAL/KiriPedia/botnet/workers/scribe.mjs","--worker","scribe-1","--batch","1"]}
{"ts":"2026-06-29T02:45:37.521Z","lane":"plant","event":"done","step":"scribe-1","code":0,"ms":104}
{"ts":"2026-06-29T02:45:37.524Z","lane":"plant","event":"start","step":"scribe-2","bin":"node","args":["/Volumes/EOS_DIGITAL/KiriPedia/botnet/workers/scribe.mjs","--worker","scribe-2","--batch","1"]}
{"ts":"2026-06-29T02:45:37.614Z","lane":"plant","event":"done","step":"scribe-2","code":0,"ms":88}
{"ts":"2026-06-29T02:45:37.615Z","lane":"plant","event":"start","step":"scribe-3","bin":"node","args":["/Volumes/EOS_DIGITAL/KiriPedia/botnet/workers/scribe.mjs","--worker","scribe-3","--batch","1"]}
{"ts":"2026-06-29T02:45:37.706Z","lane":"plant","event":"done","step":"scribe-3","code":0,"ms":90}
{"ts":"2026-06-29T02:46:05.285Z","lane":"plant2","event":"start","step":"cat-1","bin":"node","args":["/Volumes/EOS_DIGITAL/KiriPedia/botnet/workers/cataloger-editor.mjs","--worker","cataloger-1","--batch","1"]}
{"ts":"2026-06-29T02:46:05.449Z","lane":"plant2","event":"done","step":"cat-1","code":0,"ms":162}
{"ts":"2026-06-29T02:46:05.449Z","lane":"plant2","event":"start","step":"cat-2","bin":"node","args":["/Volumes/EOS_DIGITAL/KiriPedia/botnet/workers/cataloger-editor.mjs","--worker","cataloger-2","--batch","1"]}
{"ts":"2026-06-29T02:46:05.542Z","lane":"plant2","event":"done","step":"cat-2","code":0,"ms":91}
{"ts":"2026-06-29T02:46:35.082Z","lane":"rt-snapshot","event":"start","step":null,"bin":"node","args":["/Volumes/EOS_DIGITAL/KiriPedia/botnet/lib/research-team-snapshot.mjs"]}
{"ts":"2026-06-29T02:46:35.336Z","lane":"rt-snapshot","event":"done","step":null,"code":0,"ms":251}
{"ts":"2026-06-29T02:46:55.383Z","lane":"mining","event":"start","step":"deepener","bin":"node","args":["/Volumes/EOS_DIGITAL/KiriPedia/botnet/workers/deepener.mjs","--batch","5"]}
{"ts":"2026-06-29T02:47:03.666Z","lane":"plant","event":"start","step":"scribe-1","bin":"node","args":["/Volumes/EOS_DIGITAL/KiriPedia/botnet/workers/scribe.mjs","--worker","scribe-1","--batch","1"]}
{"ts":"2026-06-29T02:47:03.820Z","lane":"plant","event":"done","step":"scribe-1","code":0,"ms":153}
{"ts":"2026-06-29T02:47:03.820Z","lane":"plant","event":"start","step":"scribe-2","bin":"node","args":["/Volumes/EOS_DIGITAL/KiriPedia/botnet/workers/scribe.mjs","--worker","scribe-2","--batch","1"]}
{"ts":"2026-06-29T02:47:03.915Z","lane":"plant","event":"done","step":"scribe-2","code":0,"ms":93}
{"ts":"2026-06-29T02:47:03.915Z","lane":"plant","event":"start","step":"scribe-3","bin":"node","args":["/Volumes/EOS_DIGITAL/KiriPedia/botnet/workers/scribe.mjs","--worker","scribe-3","--batch","1"]}
{"ts":"2026-06-29T02:47:04.009Z","lane":"plant","event":"done","step":"scribe-3","code":0,"ms":92}
{"ts":"2026-06-29T02:47:35.342Z","lane":"rt-snapshot","event":"start","step":null,"bin":"node","args":["/Volumes/EOS_DIGITAL/KiriPedia/botnet/lib/research-team-snapshot.mjs"]}
{"ts":"2026-06-29T02:47:35.602Z","lane":"rt-snapshot","event":"done","step":null,"code":0,"ms":258}
{"ts":"2026-06-29T02:47:49.379Z","lane":"mining","event":"done","step":"deepener","code":0,"ms":53995}
{"ts":"2026-06-29T02:47:49.381Z","lane":"mining","event":"start","step":"enricher","bin":"node","args":["/Volumes/EOS_DIGITAL/KiriPedia/botnet/workers/enricher.mjs","--batch","5"]}
{"ts":"2026-06-29T02:47:59.046Z","lane":"plant2","event":"start","step":"cat-1","bin":"node","args":["/Volumes/EOS_DIGITAL/KiriPedia/botnet/workers/cataloger-editor.mjs","--worker","cataloger-1","--batch","1"]}
{"ts":"2026-06-29T02:47:59.206Z","lane":"plant2","event":"done","step":"cat-1","code":0,"ms":159}
{"ts":"2026-06-29T02:47:59.207Z","lane":"plant2","event":"start","step":"cat-2","bin":"node","args":["/Volumes/EOS_DIGITAL/KiriPedia/botnet/workers/cataloger-editor.mjs","--worker","cataloger-2","--batch","1"]}
{"ts":"2026-06-29T02:47:59.300Z","lane":"plant2","event":"done","step":"cat-2","code":0,"ms":92}
{"ts":"2026-06-29T02:48:18.987Z","lane":"mining","event":"done","step":"enricher","code":0,"ms":29605}
{"ts":"2026-06-29T02:48:18.989Z","lane":"mining","event":"start","step":"weaver","bin":"node","args":["/Volumes/EOS_DIGITAL/KiriPedia/botnet/workers/weaver.mjs","--batch","5"]}
{"ts":"2026-06-29T02:48:28.253Z","lane":"snapshot","event":"start","step":null,"bin":"node","args":["/Volumes/EOS_DIGITAL/KiriPedia/botnet/lib/snapshot-writer.mjs"]}
{"ts":"2026-06-29T02:48:28.355Z","lane":"calendar","event":"start","step":null,"bin":"node","args":["/Volumes/EOS_DIGITAL/KiriPedia/botnet/workers/calendar-keeper.mjs"]}
{"ts":"2026-06-29T02:48:28.394Z","lane":"snapshot","event":"done","step":null,"code":0,"ms":141}
{"ts":"2026-06-29T02:48:28.814Z","lane":"calendar","event":"done","step":null,"code":0,"ms":457}
{"ts":"2026-06-29T02:48:30.571Z","lane":"plant","event":"start","step":"scribe-1","bin":"node","args":["/Volumes/EOS_DIGITAL/KiriPedia/botnet/workers/scribe.mjs","--worker","scribe-1","--batch","1"]}
{"ts":"2026-06-29T02:48:30.670Z","lane":"plant","event":"done","step":"scribe-1","code":0,"ms":98}
{"ts":"2026-06-29T02:48:30.670Z","lane":"plant","event":"start","step":"scribe-2","bin":"node","args":["/Volumes/EOS_DIGITAL/KiriPedia/botnet/workers/scribe.mjs","--worker","scribe-2","--batch","1"]}
{"ts":"2026-06-29T02:48:30.759Z","lane":"plant","event":"done","step":"scribe-2","code":0,"ms":88}
{"ts":"2026-06-29T02:48:30.759Z","lane":"plant","event":"start","step":"scribe-3","bin":"node","args":["/Volumes/EOS_DIGITAL/KiriPedia/botnet/workers/scribe.mjs","--worker","scribe-3","--batch","1"]}
{"ts":"2026-06-29T02:48:30.850Z","lane":"plant","event":"done","step":"scribe-3","code":0,"ms":89}
{"ts":"2026-06-29T02:48:35.607Z","lane":"rt-snapshot","event":"start","step":null,"bin":"node","args":["/Volumes/EOS_DIGITAL/KiriPedia/botnet/lib/research-team-snapshot.mjs"]}
{"ts":"2026-06-29T02:48:35.807Z","lane":"rt-snapshot","event":"done","step":null,"code":0,"ms":199}
{"ts":"2026-06-29T02:48:54.103Z","lane":"reviewer","event":"start","step":null,"bin":"node","args":["/Volumes/EOS_DIGITAL/KiriPedia/botnet/workers/reviewer.mjs"]}
{"ts":"2026-06-29T02:48:54.260Z","lane":"reviewer","event":"done","step":null,"code":0,"ms":155}
{"ts":"2026-06-29T02:49:35.902Z","lane":"rt-snapshot","event":"start","step":null,"bin":"node","args":["/Volumes/EOS_DIGITAL/KiriPedia/botnet/lib/research-team-snapshot.mjs"]}
{"ts":"2026-06-29T02:49:36.162Z","lane":"rt-snapshot","event":"done","step":null,"code":0,"ms":257}
{"ts":"2026-06-29T02:49:46.811Z","lane":"plant","event":"start","step":"scribe-1","bin":"node","args":["/Volumes/EOS_DIGITAL/KiriPedia/botnet/workers/scribe.mjs","--worker","scribe-1","--batch","1"]}
{"ts":"2026-06-29T02:49:46.958Z","lane":"plant","event":"done","step":"scribe-1","code":0,"ms":145}
{"ts":"2026-06-29T02:49:46.958Z","lane":"plant","event":"start","step":"scribe-2","bin":"node","args":["/Volumes/EOS_DIGITAL/KiriPedia/botnet/workers/scribe.mjs","--worker","scribe-2","--batch","1"]}
{"ts":"2026-06-29T02:49:47.049Z","lane":"plant","event":"done","step":"scribe-2","code":0,"ms":89}
{"ts":"2026-06-29T02:49:47.049Z","lane":"plant","event":"start","step":"scribe-3","bin":"node","args":["/Volumes/EOS_DIGITAL/KiriPedia/botnet/workers/scribe.mjs","--worker","scribe-3","--batch","1"]}
{"ts":"2026-06-29T02:49:47.139Z","lane":"plant","event":"done","step":"scribe-3","code":0,"ms":88}
{"ts":"2026-06-29T02:49:49.821Z","lane":"plant2","event":"start","step":"cat-1","bin":"node","args":["/Volumes/EOS_DIGITAL/KiriPedia/botnet/workers/cataloger-editor.mjs","--worker","cataloger-1","--batch","1"]}
{"ts":"2026-06-29T02:49:49.926Z","lane":"plant2","event":"done","step":"cat-1","code":0,"ms":104}
{"ts":"2026-06-29T02:49:49.926Z","lane":"plant2","event":"start","step":"cat-2","bin":"node","args":["/Volumes/EOS_DIGITAL/KiriPedia/botnet/workers/cataloger-editor.mjs","--worker","cataloger-2","--batch","1"]}
{"ts":"2026-06-29T02:49:50.018Z","lane":"plant2","event":"done","step":"cat-2","code":0,"ms":90}
{"ts":"2026-06-29T02:50:36.169Z","lane":"rt-snapshot","event":"start","step":null,"bin":"node","args":["/Volumes/EOS_DIGITAL/KiriPedia/botnet/lib/research-team-snapshot.mjs"]}
{"ts":"2026-06-29T02:50:36.416Z","lane":"rt-snapshot","event":"done","step":null,"code":0,"ms":242}
{"ts":"2026-06-29T02:50:50.819Z","lane":"splitter","event":"start","step":null,"bin":"node","args":["/Volumes/EOS_DIGITAL/KiriPedia/botnet/workers/first-third-splitter.mjs","--batch","30"]}
{"ts":"2026-06-29T02:50:50.945Z","lane":"splitter","event":"done","step":null,"code":0,"ms":123}
{"ts":"2026-06-29T02:51:11.475Z","lane":"discretion","event":"start","step":null,"bin":"node","args":["/Volumes/EOS_DIGITAL/KiriPedia/botnet/workers/discretion-warden.mjs","--batch","20"]}
{"ts":"2026-06-29T02:51:11.616Z","lane":"discretion","event":"done","step":null,"code":0,"ms":139}
{"ts":"2026-06-29T02:51:12.103Z","lane":"mining","event":"done","step":"weaver","code":0,"ms":173112}
{"ts":"2026-06-29T02:51:26.026Z","lane":"plant","event":"start","step":"scribe-1","bin":"node","args":["/Volumes/EOS_DIGITAL/KiriPedia/botnet/workers/scribe.mjs","--worker","scribe-1","--batch","1"]}
{"ts":"2026-06-29T02:51:26.177Z","lane":"plant","event":"done","step":"scribe-1","code":0,"ms":149}
{"ts":"2026-06-29T02:51:26.177Z","lane":"plant","event":"start","step":"scribe-2","bin":"node","args":["/Volumes/EOS_DIGITAL/KiriPedia/botnet/workers/scribe.mjs","--worker","scribe-2","--batch","1"]}
{"ts":"2026-06-29T02:51:26.266Z","lane":"plant","event":"done","step":"scribe-2","code":0,"ms":87}
{"ts":"2026-06-29T02:51:26.267Z","lane":"plant","event":"start","step":"scribe-3","bin":"node","args":["/Volumes/EOS_DIGITAL/KiriPedia/botnet/workers/scribe.mjs","--worker","scribe-3","--batch","1"]}
{"ts":"2026-06-29T02:51:26.354Z","lane":"plant","event":"done","step":"scribe-3","code":0,"ms":86}
{"ts":"2026-06-29T02:51:36.422Z","lane":"rt-snapshot","event":"start","step":null,"bin":"node","args":["/Volumes/EOS_DIGITAL/KiriPedia/botnet/lib/research-team-snapshot.mjs"]}
{"ts":"2026-06-29T02:51:36.670Z","lane":"rt-snapshot","event":"done","step":null,"code":0,"ms":246}
{"ts":"2026-06-29T02:51:51.900Z","lane":"indexer","event":"start","step":null,"bin":"node","args":["/Volumes/EOS_DIGITAL/KiriPedia/botnet/workers/indexer.mjs"]}
{"ts":"2026-06-29T02:51:55.372Z","lane":"indexer","event":"done","step":null,"code":0,"ms":3471}
{"ts":"2026-06-29T02:52:07.159Z","lane":"plant2","event":"start","step":"cat-1","bin":"node","args":["/Volumes/EOS_DIGITAL/KiriPedia/botnet/workers/cataloger-editor.mjs","--worker","cataloger-1","--batch","1"]}
{"ts":"2026-06-29T02:52:07.269Z","lane":"plant2","event":"done","step":"cat-1","code":0,"ms":110}
{"ts":"2026-06-29T02:52:07.270Z","lane":"plant2","event":"start","step":"cat-2","bin":"node","args":["/Volumes/EOS_DIGITAL/KiriPedia/botnet/workers/cataloger-editor.mjs","--worker","cataloger-2","--batch","1"]}
{"ts":"2026-06-29T02:52:07.359Z","lane":"plant2","event":"done","step":"cat-2","code":0,"ms":88}
{"ts":"2026-06-29T02:52:25.116Z","lane":"triage","event":"start","step":null,"bin":"node","args":["/Volumes/EOS_DIGITAL/KiriPedia/botnet/workers/npp.mjs"]}
{"ts":"2026-06-29T02:52:25.252Z","lane":"triage","event":"done","step":null,"code":0,"ms":133}
{"ts":"2026-06-29T02:52:36.675Z","lane":"rt-snapshot","event":"start","step":null,"bin":"node","args":["/Volumes/EOS_DIGITAL/KiriPedia/botnet/lib/research-team-snapshot.mjs"]}
{"ts":"2026-06-29T02:52:36.922Z","lane":"rt-snapshot","event":"done","step":null,"code":0,"ms":245}
{"ts":"2026-06-29T02:53:01.731Z","lane":"plant","event":"start","step":"scribe-1","bin":"node","args":["/Volumes/EOS_DIGITAL/KiriPedia/botnet/workers/scribe.mjs","--worker","scribe-1","--batch","1"]}
{"ts":"2026-06-29T02:53:01.870Z","lane":"plant","event":"done","step":"scribe-1","code":0,"ms":137}
{"ts":"2026-06-29T02:53:01.871Z","lane":"plant","event":"start","step":"scribe-2","bin":"node","args":["/Volumes/EOS_DIGITAL/KiriPedia/botnet/workers/scribe.mjs","--worker","scribe-2","--batch","1"]}
{"ts":"2026-06-29T02:53:01.960Z","lane":"plant","event":"done","step":"scribe-2","code":0,"ms":88}
{"ts":"2026-06-29T02:53:01.960Z","lane":"plant","event":"start","step":"scribe-3","bin":"node","args":["/Volumes/EOS_DIGITAL/KiriPedia/botnet/workers/scribe.mjs","--worker","scribe-3","--batch","1"]}
{"ts":"2026-06-29T02:53:02.054Z","lane":"plant","event":"done","step":"scribe-3","code":0,"ms":89}
{"ts":"2026-06-29T02:53:28.494Z","lane":"snapshot","event":"start","step":null,"bin":"node","args":["/Volumes/EOS_DIGITAL/KiriPedia/botnet/lib/snapshot-writer.mjs"]}
{"ts":"2026-06-29T02:53:28.630Z","lane":"snapshot","event":"done","step":null,"code":0,"ms":133}
{"ts":"2026-06-29T02:53:28.914Z","lane":"coord","event":"start","step":null,"bin":"node","args":["/Volumes/EOS_DIGITAL/KiriPedia/botnet/workers/coordinator.mjs","--push"]}
{"ts":"2026-06-29T02:53:29.012Z","lane":"coord","event":"done","step":null,"code":0,"ms":97}
{"ts":"2026-06-29T02:53:36.926Z","lane":"rt-snapshot","event":"start","step":null,"bin":"node","args":["/Volumes/EOS_DIGITAL/KiriPedia/botnet/lib/research-team-snapshot.mjs"]}
{"ts":"2026-06-29T02:53:37.150Z","lane":"rt-snapshot","event":"done","step":null,"code":0,"ms":220}
{"ts":"2026-06-29T02:53:46.790Z","lane":"catch-import","event":"start","step":null,"bin":"node","args":["/Volumes/EOS_DIGITAL/KiriPedia/botnet/workers/catch-importer.mjs","--auto-trust"]}
{"ts":"2026-06-29T02:53:46.881Z","lane":"catch-import","event":"done","step":null,"code":0,"ms":90}
{"ts":"2026-06-29T02:53:49.229Z","lane":"reviewer","event":"start","step":null,"bin":"node","args":["/Volumes/EOS_DIGITAL/KiriPedia/botnet/workers/reviewer.mjs"]}
{"ts":"2026-06-29T02:53:49.329Z","lane":"reviewer","event":"done","step":null,"code":0,"ms":99}
{"ts":"2026-06-29T02:53:56.460Z","lane":"prospect","event":"start","step":null,"bin":"node","args":["/Volumes/EOS_DIGITAL/KiriPedia/botnet/workers/prospector.mjs","--batch","2"]}
{"ts":"2026-06-29T02:54:12.111Z","lane":"plant2","event":"start","step":"cat-1","bin":"node","args":["/Volumes/EOS_DIGITAL/KiriPedia/botnet/workers/cataloger-editor.mjs","--worker","cataloger-1","--batch","1"]}
{"ts":"2026-06-29T02:54:12.251Z","lane":"plant2","event":"done","step":"cat-1","code":0,"ms":137}
{"ts":"2026-06-29T02:54:12.251Z","lane":"plant2","event":"start","step":"cat-2","bin":"node","args":["/Volumes/EOS_DIGITAL/KiriPedia/botnet/workers/cataloger-editor.mjs","--worker","cataloger-2","--batch","1"]}
{"ts":"2026-06-29T02:54:12.348Z","lane":"plant2","event":"done","step":"cat-2","code":0,"ms":93}
{"ts":"2026-06-29T02:54:21.293Z","lane":"office","event":"start","step":null,"bin":"node","args":["/Volumes/EOS_DIGITAL/KiriPedia/botnet/workers/office-manager.mjs"]}
{"ts":"2026-06-29T02:54:21.390Z","lane":"triage-patroller","event":"start","step":null,"bin":"node","args":["/Volumes/EOS_DIGITAL/KiriPedia/botnet/workers/triage-patroller.mjs","--per-role","25"]}
{"ts":"2026-06-29T02:54:24.235Z","lane":"triage-patroller","event":"done","step":null,"code":0,"ms":2845}
{"ts":"2026-06-29T02:54:24.362Z","lane":"office","event":"done","step":null,"code":0,"ms":3066}
{"ts":"2026-06-29T02:54:26.558Z","lane":"plant","event":"start","step":"scribe-1","bin":"node","args":["/Volumes/EOS_DIGITAL/KiriPedia/botnet/workers/scribe.mjs","--worker","scribe-1","--batch","1"]}
{"ts":"2026-06-29T02:54:26.672Z","lane":"plant","event":"done","step":"scribe-1","code":0,"ms":114}
{"ts":"2026-06-29T02:54:26.672Z","lane":"plant","event":"start","step":"scribe-2","bin":"node","args":["/Volumes/EOS_DIGITAL/KiriPedia/botnet/workers/scribe.mjs","--worker","scribe-2","--batch","1"]}
{"ts":"2026-06-29T02:54:26.769Z","lane":"plant","event":"done","step":"scribe-2","code":0,"ms":89}
{"ts":"2026-06-29T02:54:26.769Z","lane":"plant","event":"start","step":"scribe-3","bin":"node","args":["/Volumes/EOS_DIGITAL/KiriPedia/botnet/workers/scribe.mjs","--worker","scribe-3","--batch","1"]}
{"ts":"2026-06-29T02:54:26.859Z","lane":"plant","event":"done","step":"scribe-3","code":0,"ms":89}
{"ts":"2026-06-29T02:54:37.154Z","lane":"rt-snapshot","event":"start","step":null,"bin":"node","args":["/Volumes/EOS_DIGITAL/KiriPedia/botnet/lib/research-team-snapshot.mjs"]}
{"ts":"2026-06-29T02:54:37.377Z","lane":"rt-snapshot","event":"done","step":null,"code":0,"ms":221}
{"ts":"2026-06-29T02:54:38.410Z","lane":"diff-sentinel","event":"start","step":null,"bin":"node","args":["/Volumes/EOS_DIGITAL/KiriPedia/botnet/workers/diff-sentinel.mjs"]}
{"ts":"2026-06-29T02:54:38.675Z","lane":"diff-sentinel","event":"done","step":null,"code":0,"ms":264}
{"ts":"2026-06-29T02:54:47.217Z","lane":"prospect","event":"done","step":null,"code":0,"ms":50753}
{"ts":"2026-06-29T02:55:37.383Z","lane":"rt-snapshot","event":"start","step":null,"bin":"node","args":["/Volumes/EOS_DIGITAL/KiriPedia/botnet/lib/research-team-snapshot.mjs"]}
{"ts":"2026-06-29T02:55:37.804Z","lane":"rt-snapshot","event":"done","step":null,"code":0,"ms":420}
{"ts":"2026-06-29T02:55:50.869Z","lane":"plant","event":"start","step":"scribe-1","bin":"node","args":["/Volumes/EOS_DIGITAL/KiriPedia/botnet/workers/scribe.mjs","--worker","scribe-1","--batch","1"]}
{"ts":"2026-06-29T02:55:51.040Z","lane":"plant","event":"done","step":"scribe-1","code":0,"ms":169}
{"ts":"2026-06-29T02:55:51.040Z","lane":"plant","event":"start","step":"scribe-2","bin":"node","args":["/Volumes/EOS_DIGITAL/KiriPedia/botnet/workers/scribe.mjs","--worker","scribe-2","--batch","1"]}
{"ts":"2026-06-29T02:55:51.137Z","lane":"plant","event":"done","step":"scribe-2","code":0,"ms":92}
{"ts":"2026-06-29T02:55:51.138Z","lane":"plant","event":"start","step":"scribe-3","bin":"node","args":["/Volumes/EOS_DIGITAL/KiriPedia/botnet/workers/scribe.mjs","--worker","scribe-3","--batch","1"]}
{"ts":"2026-06-29T02:55:51.229Z","lane":"plant","event":"done","step":"scribe-3","code":0,"ms":90}
{"ts":"2026-06-29T02:56:24.080Z","lane":"plant2","event":"start","step":"cat-1","bin":"node","args":["/Volumes/EOS_DIGITAL/KiriPedia/botnet/workers/cataloger-editor.mjs","--worker","cataloger-1","--batch","1"]}
{"ts":"2026-06-29T02:56:24.282Z","lane":"plant2","event":"done","step":"cat-1","code":0,"ms":197}
{"ts":"2026-06-29T02:56:24.282Z","lane":"plant2","event":"start","step":"cat-2","bin":"node","args":["/Volumes/EOS_DIGITAL/KiriPedia/botnet/workers/cataloger-editor.mjs","--worker","cataloger-2","--batch","1"]}
{"ts":"2026-06-29T02:56:24.380Z","lane":"plant2","event":"done","step":"cat-2","code":0,"ms":96}
{"ts":"2026-06-29T02:56:37.809Z","lane":"rt-snapshot","event":"start","step":null,"bin":"node","args":["/Volumes/EOS_DIGITAL/KiriPedia/botnet/lib/research-team-snapshot.mjs"]}
{"ts":"2026-06-29T02:56:38.184Z","lane":"rt-snapshot","event":"done","step":null,"code":0,"ms":373}
{"ts":"2026-06-29T02:57:23.197Z","lane":"splitter","event":"start","step":null,"bin":"node","args":["/Volumes/EOS_DIGITAL/KiriPedia/botnet/workers/first-third-splitter.mjs","--batch","30"]}
{"ts":"2026-06-29T02:57:23.377Z","lane":"splitter","event":"done","step":null,"code":0,"ms":176}
{"ts":"2026-06-29T02:57:23.660Z","lane":"plant","event":"start","step":"scribe-1","bin":"node","args":["/Volumes/EOS_DIGITAL/KiriPedia/botnet/workers/scribe.mjs","--worker","scribe-1","--batch","1"]}
{"ts":"2026-06-29T02:57:23.770Z","lane":"plant","event":"done","step":"scribe-1","code":0,"ms":109}
{"ts":"2026-06-29T02:57:23.771Z","lane":"plant","event":"start","step":"scribe-2","bin":"node","args":["/Volumes/EOS_DIGITAL/KiriPedia/botnet/workers/scribe.mjs","--worker","scribe-2","--batch","1"]}
{"ts":"2026-06-29T02:57:23.868Z","lane":"plant","event":"done","step":"scribe-2","code":0,"ms":96}
{"ts":"2026-06-29T02:57:23.868Z","lane":"plant","event":"start","step":"scribe-3","bin":"node","args":["/Volumes/EOS_DIGITAL/KiriPedia/botnet/workers/scribe.mjs","--worker","scribe-3","--batch","1"]}
{"ts":"2026-06-29T02:57:23.963Z","lane":"plant","event":"done","step":"scribe-3","code":0,"ms":93}
{"ts":"2026-06-29T02:57:38.190Z","lane":"rt-snapshot","event":"start","step":null,"bin":"node","args":["/Volumes/EOS_DIGITAL/KiriPedia/botnet/lib/research-team-snapshot.mjs"]}
{"ts":"2026-06-29T02:57:38.558Z","lane":"rt-snapshot","event":"done","step":null,"code":0,"ms":367}
{"ts":"2026-06-29T02:57:56.045Z","lane":"discretion","event":"start","step":null,"bin":"node","args":["/Volumes/EOS_DIGITAL/KiriPedia/botnet/workers/discretion-warden.mjs","--batch","20"]}
{"ts":"2026-06-29T02:57:56.230Z","lane":"discretion","event":"done","step":null,"code":0,"ms":183}
{"ts":"2026-06-29T02:58:09.456Z","lane":"plant2","event":"start","step":"cat-1","bin":"node","args":["/Volumes/EOS_DIGITAL/KiriPedia/botnet/workers/cataloger-editor.mjs","--worker","cataloger-1","--batch","1"]}
{"ts":"2026-06-29T02:58:09.744Z","lane":"plant2","event":"done","step":"cat-1","code":0,"ms":285}
{"ts":"2026-06-29T02:58:09.744Z","lane":"plant2","event":"start","step":"cat-2","bin":"node","args":["/Volumes/EOS_DIGITAL/KiriPedia/botnet/workers/cataloger-editor.mjs","--worker","cataloger-2","--batch","1"]}
{"ts":"2026-06-29T02:58:09.853Z","lane":"plant2","event":"done","step":"cat-2","code":0,"ms":105}
{"ts":"2026-06-29T02:58:28.642Z","lane":"snapshot","event":"start","step":null,"bin":"node","args":["/Volumes/EOS_DIGITAL/KiriPedia/botnet/lib/snapshot-writer.mjs"]}
{"ts":"2026-06-29T02:58:28.852Z","lane":"snapshot","event":"done","step":null,"code":0,"ms":207}
{"ts":"2026-06-29T02:58:38.562Z","lane":"rt-snapshot","event":"start","step":null,"bin":"node","args":["/Volumes/EOS_DIGITAL/KiriPedia/botnet/lib/research-team-snapshot.mjs"]}
{"ts":"2026-06-29T02:58:38.870Z","lane":"rt-snapshot","event":"done","step":null,"code":0,"ms":306}
{"ts":"2026-06-29T02:59:05.770Z","lane":"reviewer","event":"start","step":null,"bin":"node","args":["/Volumes/EOS_DIGITAL/KiriPedia/botnet/workers/reviewer.mjs"]}
{"ts":"2026-06-29T02:59:05.960Z","lane":"reviewer","event":"done","step":null,"code":0,"ms":188}
{"ts":"2026-06-29T02:59:07.476Z","lane":"plant","event":"start","step":"scribe-1","bin":"node","args":["/Volumes/EOS_DIGITAL/KiriPedia/botnet/workers/scribe.mjs","--worker","scribe-1","--batch","1"]}
{"ts":"2026-06-29T02:59:07.589Z","lane":"plant","event":"done","step":"scribe-1","code":0,"ms":112}
{"ts":"2026-06-29T02:59:07.590Z","lane":"plant","event":"start","step":"scribe-2","bin":"node","args":["/Volumes/EOS_DIGITAL/KiriPedia/botnet/workers/scribe.mjs","--worker","scribe-2","--batch","1"]}
{"ts":"2026-06-29T02:59:07.697Z","lane":"plant","event":"done","step":"scribe-2","code":0,"ms":106}
{"ts":"2026-06-29T02:59:07.698Z","lane":"plant","event":"start","step":"scribe-3","bin":"node","args":["/Volumes/EOS_DIGITAL/KiriPedia/botnet/workers/scribe.mjs","--worker","scribe-3","--batch","1"]}
{"ts":"2026-06-29T02:59:07.801Z","lane":"plant","event":"done","step":"scribe-3","code":0,"ms":102}
{"ts":"2026-06-29T02:59:38.875Z","lane":"rt-snapshot","event":"start","step":null,"bin":"node","args":["/Volumes/EOS_DIGITAL/KiriPedia/botnet/lib/research-team-snapshot.mjs"]}
{"ts":"2026-06-29T02:59:39.260Z","lane":"rt-snapshot","event":"done","step":null,"code":0,"ms":384}
{"ts":"2026-06-29T03:00:21.120Z","lane":"plant2","event":"start","step":"cat-1","bin":"node","args":["/Volumes/EOS_DIGITAL/KiriPedia/botnet/workers/cataloger-editor.mjs","--worker","cataloger-1","--batch","1"]}
{"ts":"2026-06-29T03:00:21.330Z","lane":"plant2","event":"done","step":"cat-1","code":0,"ms":205}
{"ts":"2026-06-29T03:00:21.330Z","lane":"plant2","event":"start","step":"cat-2","bin":"node","args":["/Volumes/EOS_DIGITAL/KiriPedia/botnet/workers/cataloger-editor.mjs","--worker","cataloger-2","--batch","1"]}
{"ts":"2026-06-29T03:00:21.433Z","lane":"plant2","event":"done","step":"cat-2","code":0,"ms":100}
{"ts":"2026-06-29T03:00:25.656Z","lane":"plant","event":"start","step":"scribe-1","bin":"node","args":["/Volumes/EOS_DIGITAL/KiriPedia/botnet/workers/scribe.mjs","--worker","scribe-1","--batch","1"]}
{"ts":"2026-06-29T03:00:25.753Z","lane":"plant","event":"done","step":"scribe-1","code":0,"ms":96}
{"ts":"2026-06-29T03:00:25.753Z","lane":"plant","event":"start","step":"scribe-2","bin":"node","args":["/Volumes/EOS_DIGITAL/KiriPedia/botnet/workers/scribe.mjs","--worker","scribe-2","--batch","1"]}
{"ts":"2026-06-29T03:00:25.855Z","lane":"plant","event":"done","step":"scribe-2","code":0,"ms":100}
{"ts":"2026-06-29T03:00:25.855Z","lane":"plant","event":"start","step":"scribe-3","bin":"node","args":["/Volumes/EOS_DIGITAL/KiriPedia/botnet/workers/scribe.mjs","--worker","scribe-3","--batch","1"]}
{"ts":"2026-06-29T03:00:25.959Z","lane":"plant","event":"done","step":"scribe-3","code":0,"ms":102}
{"ts":"2026-06-29T03:00:39.265Z","lane":"rt-snapshot","event":"start","step":null,"bin":"node","args":["/Volumes/EOS_DIGITAL/KiriPedia/botnet/lib/research-team-snapshot.mjs"]}
{"ts":"2026-06-29T03:00:39.712Z","lane":"rt-snapshot","event":"done","step":null,"code":0,"ms":444}
{"ts":"2026-06-29T03:01:39.716Z","lane":"rt-snapshot","event":"start","step":null,"bin":"node","args":["/Volumes/EOS_DIGITAL/KiriPedia/botnet/lib/research-team-snapshot.mjs"]}
{"ts":"2026-06-29T03:01:40.211Z","lane":"rt-snapshot","event":"done","step":null,"code":0,"ms":482}
{"ts":"2026-06-29T03:02:02.722Z","lane":"plant","event":"start","step":"scribe-1","bin":"node","args":["/Volumes/EOS_DIGITAL/KiriPedia/botnet/workers/scribe.mjs","--worker","scribe-1","--batch","1"]}
{"ts":"2026-06-29T03:02:02.903Z","lane":"plant","event":"done","step":"scribe-1","code":0,"ms":179}
{"ts":"2026-06-29T03:02:02.903Z","lane":"plant","event":"start","step":"scribe-2","bin":"node","args":["/Volumes/EOS_DIGITAL/KiriPedia/botnet/workers/scribe.mjs","--worker","scribe-2","--batch","1"]}
{"ts":"2026-06-29T03:02:03.007Z","lane":"plant","event":"done","step":"scribe-2","code":0,"ms":100}
{"ts":"2026-06-29T03:02:03.007Z","lane":"plant","event":"start","step":"scribe-3","bin":"node","args":["/Volumes/EOS_DIGITAL/KiriPedia/botnet/workers/scribe.mjs","--worker","scribe-3","--batch","1"]}
{"ts":"2026-06-29T03:02:03.109Z","lane":"plant","event":"done","step":"scribe-3","code":0,"ms":100}
{"ts":"2026-06-29T03:02:04.193Z","lane":"plant2","event":"start","step":"cat-1","bin":"node","args":["/Volumes/EOS_DIGITAL/KiriPedia/botnet/workers/cataloger-editor.mjs","--worker","cataloger-1","--batch","1"]}
{"ts":"2026-06-29T03:02:04.299Z","lane":"plant2","event":"done","step":"cat-1","code":0,"ms":105}
{"ts":"2026-06-29T03:02:04.300Z","lane":"plant2","event":"start","step":"cat-2","bin":"node","args":["/Volumes/EOS_DIGITAL/KiriPedia/botnet/workers/cataloger-editor.mjs","--worker","cataloger-2","--batch","1"]}
{"ts":"2026-06-29T03:02:04.403Z","lane":"plant2","event":"done","step":"cat-2","code":0,"ms":102}
{"ts":"2026-06-29T03:02:20.257Z","lane":"triage","event":"start","step":null,"bin":"node","args":["/Volumes/EOS_DIGITAL/KiriPedia/botnet/workers/npp.mjs"]}
{"ts":"2026-06-29T03:02:20.574Z","lane":"triage","event":"done","step":null,"code":0,"ms":315}
{"ts":"2026-06-29T03:02:40.217Z","lane":"rt-snapshot","event":"start","step":null,"bin":"node","args":["/Volumes/EOS_DIGITAL/KiriPedia/botnet/lib/research-team-snapshot.mjs"]}
{"ts":"2026-06-29T03:02:40.602Z","lane":"rt-snapshot","event":"done","step":null,"code":0,"ms":383}
{"ts":"2026-06-29T03:02:44.349Z","lane":"re-reader","event":"start","step":null,"bin":"node","args":["/Volumes/EOS_DIGITAL/KiriPedia/botnet/workers/re-reader.mjs","--worker","re-reader-1","--batch","2"]}
{"ts":"2026-06-29T03:03:24.842Z","lane":"plant","event":"start","step":"scribe-1","bin":"node","args":["/Volumes/EOS_DIGITAL/KiriPedia/botnet/workers/scribe.mjs","--worker","scribe-1","--batch","1"]}
{"ts":"2026-06-29T03:03:25.005Z","lane":"plant","event":"done","step":"scribe-1","code":0,"ms":157}
{"ts":"2026-06-29T03:03:25.005Z","lane":"plant","event":"start","step":"scribe-2","bin":"node","args":["/Volumes/EOS_DIGITAL/KiriPedia/botnet/workers/scribe.mjs","--worker","scribe-2","--batch","1"]}
{"ts":"2026-06-29T03:03:25.099Z","lane":"plant","event":"done","step":"scribe-2","code":0,"ms":93}
{"ts":"2026-06-29T03:03:25.099Z","lane":"plant","event":"start","step":"scribe-3","bin":"node","args":["/Volumes/EOS_DIGITAL/KiriPedia/botnet/workers/scribe.mjs","--worker","scribe-3","--batch","1"]}
{"ts":"2026-06-29T03:03:25.194Z","lane":"plant","event":"done","step":"scribe-3","code":0,"ms":94}
{"ts":"2026-06-29T03:03:28.863Z","lane":"snapshot","event":"start","step":null,"bin":"node","args":["/Volumes/EOS_DIGITAL/KiriPedia/botnet/lib/snapshot-writer.mjs"]}
{"ts":"2026-06-29T03:03:28.979Z","lane":"snapshot","event":"done","step":null,"code":0,"ms":115}
{"ts":"2026-06-29T03:03:33.166Z","lane":"catch-import","event":"start","step":null,"bin":"node","args":["/Volumes/EOS_DIGITAL/KiriPedia/botnet/workers/catch-importer.mjs","--auto-trust"]}
{"ts":"2026-06-29T03:03:33.277Z","lane":"catch-import","event":"done","step":null,"code":0,"ms":109}
{"ts":"2026-06-29T03:03:40.605Z","lane":"rt-snapshot","event":"start","step":null,"bin":"node","args":["/Volumes/EOS_DIGITAL/KiriPedia/botnet/lib/research-team-snapshot.mjs"]}
{"ts":"2026-06-29T03:03:40.816Z","lane":"rt-snapshot","event":"done","step":null,"code":0,"ms":209}
{"ts":"2026-06-29T03:03:46.365Z","lane":"triage-patroller","event":"start","step":null,"bin":"node","args":["/Volumes/EOS_DIGITAL/KiriPedia/botnet/workers/triage-patroller.mjs","--per-role","25"]}
{"ts":"2026-06-29T03:03:49.484Z","lane":"triage-patroller","event":"done","step":null,"code":0,"ms":3117}
{"ts":"2026-06-29T03:03:56.710Z","lane":"trawler","event":"done","step":null,"code":-1,"ms":1200131,"stderr":"[trawler:youtube] Run 1/4 for 2026-06-29.\n"}
{"ts":"2026-06-29T03:03:56.712Z","lane":"trawler","event":"backoff","ms":60000}
{"ts":"2026-06-29T03:04:13.096Z","lane":"plant2","event":"start","step":"cat-1","bin":"node","args":["/Volumes/EOS_DIGITAL/KiriPedia/botnet/workers/cataloger-editor.mjs","--worker","cataloger-1","--batch","1"]}
{"ts":"2026-06-29T03:04:13.244Z","lane":"plant2","event":"done","step":"cat-1","code":0,"ms":146}
{"ts":"2026-06-29T03:04:13.244Z","lane":"plant2","event":"start","step":"cat-2","bin":"node","args":["/Volumes/EOS_DIGITAL/KiriPedia/botnet/workers/cataloger-editor.mjs","--worker","cataloger-2","--batch","1"]}
{"ts":"2026-06-29T03:04:13.338Z","lane":"plant2","event":"done","step":"cat-2","code":0,"ms":93}
{"ts":"2026-06-29T03:04:27.726Z","lane":"reviewer","event":"start","step":null,"bin":"node","args":["/Volumes/EOS_DIGITAL/KiriPedia/botnet/workers/reviewer.mjs"]}
{"ts":"2026-06-29T03:04:27.863Z","lane":"reviewer","event":"done","step":null,"code":0,"ms":136}
{"ts":"2026-06-29T03:04:40.820Z","lane":"rt-snapshot","event":"start","step":null,"bin":"node","args":["/Volumes/EOS_DIGITAL/KiriPedia/botnet/lib/research-team-snapshot.mjs"]}
{"ts":"2026-06-29T03:04:41.072Z","lane":"rt-snapshot","event":"done","step":null,"code":0,"ms":250}
{"ts":"2026-06-29T03:04:41.211Z","lane":"splitter","event":"start","step":null,"bin":"node","args":["/Volumes/EOS_DIGITAL/KiriPedia/botnet/workers/first-third-splitter.mjs","--batch","30"]}
{"ts":"2026-06-29T03:04:41.303Z","lane":"splitter","event":"done","step":null,"code":0,"ms":91}
{"ts":"2026-06-29T03:04:47.266Z","lane":"discretion","event":"start","step":null,"bin":"node","args":["/Volumes/EOS_DIGITAL/KiriPedia/botnet/workers/discretion-warden.mjs","--batch","20"]}
{"ts":"2026-06-29T03:04:47.385Z","lane":"discretion","event":"done","step":null,"code":0,"ms":118}
{"ts":"2026-06-29T03:04:56.208Z","lane":"office","event":"start","step":null,"bin":"node","args":["/Volumes/EOS_DIGITAL/KiriPedia/botnet/workers/office-manager.mjs"]}
{"ts":"2026-06-29T03:04:56.716Z","lane":"trawler","event":"start","step":null,"bin":"node","args":["/Volumes/EOS_DIGITAL/KiriPedia/fleet/trawlers/youtube.mjs"]}
{"ts":"2026-06-29T03:05:02.230Z","lane":"weaver2","event":"start","step":null,"bin":"node","args":["/Volumes/EOS_DIGITAL/KiriPedia/botnet/workers/reweaver.mjs","--batch","3"]}
{"ts":"2026-06-29T03:05:03.724Z","lane":"office","event":"done","step":null,"code":0,"ms":7514}
{"ts":"2026-06-29T03:05:09.188Z","lane":"plant","event":"start","step":"scribe-1","bin":"node","args":["/Volumes/EOS_DIGITAL/KiriPedia/botnet/workers/scribe.mjs","--worker","scribe-1","--batch","1"]}
{"ts":"2026-06-29T03:05:09.312Z","lane":"plant","event":"done","step":"scribe-1","code":0,"ms":123}
{"ts":"2026-06-29T03:05:09.314Z","lane":"plant","event":"start","step":"scribe-2","bin":"node","args":["/Volumes/EOS_DIGITAL/KiriPedia/botnet/workers/scribe.mjs","--worker","scribe-2","--batch","1"]}
{"ts":"2026-06-29T03:05:09.412Z","lane":"plant","event":"done","step":"scribe-2","code":0,"ms":97}
{"ts":"2026-06-29T03:05:09.412Z","lane":"plant","event":"start","step":"scribe-3","bin":"node","args":["/Volumes/EOS_DIGITAL/KiriPedia/botnet/workers/scribe.mjs","--worker","scribe-3","--batch","1"]}
{"ts":"2026-06-29T03:05:09.509Z","lane":"plant","event":"done","step":"scribe-3","code":0,"ms":95}
{"ts":"2026-06-29T03:05:41.077Z","lane":"rt-snapshot","event":"start","step":null,"bin":"node","args":["/Volumes/EOS_DIGITAL/KiriPedia/botnet/lib/research-team-snapshot.mjs"]}
{"ts":"2026-06-29T03:05:41.346Z","lane":"rt-snapshot","event":"done","step":null,"code":0,"ms":266}
{"ts":"2026-06-29T03:06:15.438Z","lane":"weaver2","event":"done","step":null,"code":0,"ms":73205}
{"ts":"2026-06-29T03:06:19.539Z","lane":"plant2","event":"start","step":"cat-1","bin":"node","args":["/Volumes/EOS_DIGITAL/KiriPedia/botnet/workers/cataloger-editor.mjs","--worker","cataloger-1","--batch","1"]}
{"ts":"2026-06-29T03:06:19.746Z","lane":"plant2","event":"done","step":"cat-1","code":0,"ms":206}
{"ts":"2026-06-29T03:06:19.747Z","lane":"plant2","event":"start","step":"cat-2","bin":"node","args":["/Volumes/EOS_DIGITAL/KiriPedia/botnet/workers/cataloger-editor.mjs","--worker","cataloger-2","--batch","1"]}
{"ts":"2026-06-29T03:06:19.985Z","lane":"plant2","event":"done","step":"cat-2","code":0,"ms":105}
{"ts":"2026-06-29T03:06:41.352Z","lane":"rt-snapshot","event":"start","step":null,"bin":"node","args":["/Volumes/EOS_DIGITAL/KiriPedia/botnet/lib/research-team-snapshot.mjs"]}
{"ts":"2026-06-29T03:06:41.632Z","lane":"rt-snapshot","event":"done","step":null,"code":0,"ms":276}
{"ts":"2026-06-29T03:06:45.128Z","lane":"plant","event":"start","step":"scribe-1","bin":"node","args":["/Volumes/EOS_DIGITAL/KiriPedia/botnet/workers/scribe.mjs","--worker","scribe-1","--batch","1"]}
{"ts":"2026-06-29T03:06:45.251Z","lane":"plant","event":"done","step":"scribe-1","code":0,"ms":121}
{"ts":"2026-06-29T03:06:45.251Z","lane":"plant","event":"start","step":"scribe-2","bin":"node","args":["/Volumes/EOS_DIGITAL/KiriPedia/botnet/workers/scribe.mjs","--worker","scribe-2","--batch","1"]}
{"ts":"2026-06-29T03:06:45.357Z","lane":"plant","event":"done","step":"scribe-2","code":0,"ms":97}
{"ts":"2026-06-29T03:06:45.358Z","lane":"plant","event":"start","step":"scribe-3","bin":"node","args":["/Volumes/EOS_DIGITAL/KiriPedia/botnet/workers/scribe.mjs","--worker","scribe-3","--batch","1"]}
{"ts":"2026-06-29T03:06:45.481Z","lane":"plant","event":"done","step":"scribe-3","code":0,"ms":91}
{"ts":"2026-06-29T03:07:35.168Z","lane":"coord","event":"start","step":null,"bin":"node","args":["/Volumes/EOS_DIGITAL/KiriPedia/botnet/workers/coordinator.mjs","--push"]}
{"ts":"2026-06-29T03:07:35.336Z","lane":"coord","event":"done","step":null,"code":0,"ms":164}
{"ts":"2026-06-29T03:07:41.638Z","lane":"rt-snapshot","event":"start","step":null,"bin":"node","args":["/Volumes/EOS_DIGITAL/KiriPedia/botnet/lib/research-team-snapshot.mjs"]}
{"ts":"2026-06-29T03:07:41.896Z","lane":"rt-snapshot","event":"done","step":null,"code":0,"ms":257}
{"ts":"2026-06-29T03:08:01.511Z","lane":"plant","event":"start","step":"scribe-1","bin":"node","args":["/Volumes/EOS_DIGITAL/KiriPedia/botnet/workers/scribe.mjs","--worker","scribe-1","--batch","1"]}
{"ts":"2026-06-29T03:08:01.738Z","lane":"plant","event":"done","step":"scribe-1","code":0,"ms":209}
{"ts":"2026-06-29T03:08:01.742Z","lane":"plant","event":"start","step":"scribe-2","bin":"node","args":["/Volumes/EOS_DIGITAL/KiriPedia/botnet/workers/scribe.mjs","--worker","scribe-2","--batch","1"]}
{"ts":"2026-06-29T03:08:01.842Z","lane":"plant","event":"done","step":"scribe-2","code":0,"ms":94}
{"ts":"2026-06-29T03:08:01.852Z","lane":"plant","event":"start","step":"scribe-3","bin":"node","args":["/Volumes/EOS_DIGITAL/KiriPedia/botnet/workers/scribe.mjs","--worker","scribe-3","--batch","1"]}
{"ts":"2026-06-29T03:08:01.957Z","lane":"plant","event":"done","step":"scribe-3","code":0,"ms":96}
{"ts":"2026-06-29T03:08:30.016Z","lane":"snapshot","event":"start","step":null,"bin":"node","args":["/Volumes/EOS_DIGITAL/KiriPedia/botnet/lib/snapshot-writer.mjs"]}
{"ts":"2026-06-29T03:08:30.870Z","lane":"plant2","event":"start","step":"cat-1","bin":"node","args":["/Volumes/EOS_DIGITAL/KiriPedia/botnet/workers/cataloger-editor.mjs","--worker","cataloger-1","--batch","1"]}
{"ts":"2026-06-29T03:08:31.335Z","lane":"plant2","event":"done","step":"cat-1","code":0,"ms":465}
{"ts":"2026-06-29T03:08:31.335Z","lane":"plant2","event":"start","step":"cat-2","bin":"node","args":["/Volumes/EOS_DIGITAL/KiriPedia/botnet/workers/cataloger-editor.mjs","--worker","cataloger-2","--batch","1"]}
{"ts":"2026-06-29T03:08:31.342Z","lane":"snapshot","event":"done","step":null,"code":0,"ms":477}
{"ts":"2026-06-29T03:08:31.435Z","lane":"plant2","event":"done","step":"cat-2","code":0,"ms":96}
{"ts":"2026-06-29T03:08:42.167Z","lane":"rt-snapshot","event":"start","step":null,"bin":"node","args":["/Volumes/EOS_DIGITAL/KiriPedia/botnet/lib/research-team-snapshot.mjs"]}
{"ts":"2026-06-29T03:08:56.441Z","lane":"rt-snapshot","event":"done","step":null,"code":0,"ms":13514}
{"ts":"2026-06-29T03:09:04.915Z","lane":"reviewer","event":"start","step":null,"bin":"node","args":["/Volumes/EOS_DIGITAL/KiriPedia/botnet/workers/reviewer.mjs"]}
{"ts":"2026-06-29T03:09:06.863Z","lane":"reviewer","event":"done","step":null,"code":0,"ms":535}
{"ts":"2026-06-29T03:09:37.238Z","lane":"plant","event":"start","step":"scribe-1","bin":"node","args":["/Volumes/EOS_DIGITAL/KiriPedia/botnet/workers/scribe.mjs","--worker","scribe-1","--batch","1"]}
{"ts":"2026-06-29T03:09:37.397Z","lane":"plant","event":"done","step":"scribe-1","code":0,"ms":156}
{"ts":"2026-06-29T03:09:37.397Z","lane":"plant","event":"start","step":"scribe-2","bin":"node","args":["/Volumes/EOS_DIGITAL/KiriPedia/botnet/workers/scribe.mjs","--worker","scribe-2","--batch","1"]}
{"ts":"2026-06-29T03:09:37.493Z","lane":"plant","event":"done","step":"scribe-2","code":0,"ms":94}
{"ts":"2026-06-29T03:09:37.494Z","lane":"plant","event":"start","step":"scribe-3","bin":"node","args":["/Volumes/EOS_DIGITAL/KiriPedia/botnet/workers/scribe.mjs","--worker","scribe-3","--batch","1"]}
{"ts":"2026-06-29T03:09:37.592Z","lane":"plant","event":"done","step":"scribe-3","code":0,"ms":95}
{"ts":"2026-06-29T03:09:56.680Z","lane":"rt-snapshot","event":"start","step":null,"bin":"node","args":["/Volumes/EOS_DIGITAL/KiriPedia/botnet/lib/research-team-snapshot.mjs"]}
{"ts":"2026-06-29T03:09:57.117Z","lane":"rt-snapshot","event":"done","step":null,"code":0,"ms":432}
{"ts":"2026-06-29T03:10:14.620Z","lane":"plant2","event":"start","step":"cat-1","bin":"node","args":["/Volumes/EOS_DIGITAL/KiriPedia/botnet/workers/cataloger-editor.mjs","--worker","cataloger-1","--batch","1"]}
{"ts":"2026-06-29T03:10:15.231Z","lane":"plant2","event":"done","step":"cat-1","code":0,"ms":607}
{"ts":"2026-06-29T03:10:15.231Z","lane":"plant2","event":"start","step":"cat-2","bin":"node","args":["/Volumes/EOS_DIGITAL/KiriPedia/botnet/workers/cataloger-editor.mjs","--worker","cataloger-2","--batch","1"]}
{"ts":"2026-06-29T03:10:15.328Z","lane":"plant2","event":"done","step":"cat-2","code":0,"ms":95}
{"ts":"2026-06-29T03:10:57.123Z","lane":"rt-snapshot","event":"start","step":null,"bin":"node","args":["/Volumes/EOS_DIGITAL/KiriPedia/botnet/lib/research-team-snapshot.mjs"]}
{"ts":"2026-06-29T03:10:57.402Z","lane":"rt-snapshot","event":"done","step":null,"code":0,"ms":277}
{"ts":"2026-06-29T03:11:01.748Z","lane":"mining","event":"start","step":"deepener","bin":"node","args":["/Volumes/EOS_DIGITAL/KiriPedia/botnet/workers/deepener.mjs","--batch","5"]}
{"ts":"2026-06-29T03:11:12.836Z","lane":"plant","event":"start","step":"scribe-1","bin":"node","args":["/Volumes/EOS_DIGITAL/KiriPedia/botnet/workers/scribe.mjs","--worker","scribe-1","--batch","1"]}
{"ts":"2026-06-29T03:11:12.976Z","lane":"plant","event":"done","step":"scribe-1","code":0,"ms":138}
{"ts":"2026-06-29T03:11:12.976Z","lane":"plant","event":"start","step":"scribe-2","bin":"node","args":["/Volumes/EOS_DIGITAL/KiriPedia/botnet/workers/scribe.mjs","--worker","scribe-2","--batch","1"]}
{"ts":"2026-06-29T03:11:13.083Z","lane":"plant","event":"done","step":"scribe-2","code":0,"ms":105}
{"ts":"2026-06-29T03:11:13.084Z","lane":"plant","event":"start","step":"scribe-3","bin":"node","args":["/Volumes/EOS_DIGITAL/KiriPedia/botnet/workers/scribe.mjs","--worker","scribe-3","--batch","1"]}
{"ts":"2026-06-29T03:11:13.189Z","lane":"plant","event":"done","step":"scribe-3","code":0,"ms":104}
{"ts":"2026-06-29T03:11:18.937Z","lane":"splitter","event":"start","step":null,"bin":"node","args":["/Volumes/EOS_DIGITAL/KiriPedia/botnet/workers/first-third-splitter.mjs","--batch","30"]}
{"ts":"2026-06-29T03:11:19.087Z","lane":"splitter","event":"done","step":null,"code":0,"ms":148}
{"ts":"2026-06-29T03:11:32.157Z","lane":"discretion","event":"start","step":null,"bin":"node","args":["/Volumes/EOS_DIGITAL/KiriPedia/botnet/workers/discretion-warden.mjs","--batch","20"]}
{"ts":"2026-06-29T03:11:32.314Z","lane":"discretion","event":"done","step":null,"code":0,"ms":154}
{"ts":"2026-06-29T03:11:57.407Z","lane":"rt-snapshot","event":"start","step":null,"bin":"node","args":["/Volumes/EOS_DIGITAL/KiriPedia/botnet/lib/research-team-snapshot.mjs"]}
{"ts":"2026-06-29T03:11:57.672Z","lane":"rt-snapshot","event":"done","step":null,"code":0,"ms":262}
{"ts":"2026-06-29T03:12:00.769Z","lane":"mining","event":"done","step":"deepener","code":0,"ms":59021}
{"ts":"2026-06-29T03:12:00.770Z","lane":"mining","event":"start","step":"enricher","bin":"node","args":["/Volumes/EOS_DIGITAL/KiriPedia/botnet/workers/enricher.mjs","--batch","5"]}
{"ts":"2026-06-29T03:12:10.032Z","lane":"triage","event":"start","step":null,"bin":"node","args":["/Volumes/EOS_DIGITAL/KiriPedia/botnet/workers/npp.mjs"]}
{"ts":"2026-06-29T03:12:10.140Z","lane":"triage","event":"done","step":null,"code":0,"ms":107}
{"ts":"2026-06-29T03:12:24.101Z","lane":"plant2","event":"start","step":"cat-1","bin":"node","args":["/Volumes/EOS_DIGITAL/KiriPedia/botnet/workers/cataloger-editor.mjs","--worker","cataloger-1","--batch","1"]}
{"ts":"2026-06-29T03:12:24.253Z","lane":"plant2","event":"done","step":"cat-1","code":0,"ms":150}
{"ts":"2026-06-29T03:12:24.254Z","lane":"plant2","event":"start","step":"cat-2","bin":"node","args":["/Volumes/EOS_DIGITAL/KiriPedia/botnet/workers/cataloger-editor.mjs","--worker","cataloger-2","--batch","1"]}
{"ts":"2026-06-29T03:12:24.354Z","lane":"plant2","event":"done","step":"cat-2","code":0,"ms":99}
{"ts":"2026-06-29T03:12:32.679Z","lane":"mining","event":"done","step":"enricher","code":0,"ms":31908}
{"ts":"2026-06-29T03:12:32.681Z","lane":"mining","event":"start","step":"weaver","bin":"node","args":["/Volumes/EOS_DIGITAL/KiriPedia/botnet/workers/weaver.mjs","--batch","5"]}
{"ts":"2026-06-29T03:12:44.897Z","lane":"plant","event":"start","step":"scribe-1","bin":"node","args":["/Volumes/EOS_DIGITAL/KiriPedia/botnet/workers/scribe.mjs","--worker","scribe-1","--batch","1"]}
{"ts":"2026-06-29T03:12:45.205Z","lane":"plant","event":"done","step":"scribe-1","code":0,"ms":306}
{"ts":"2026-06-29T03:12:45.206Z","lane":"plant","event":"start","step":"scribe-2","bin":"node","args":["/Volumes/EOS_DIGITAL/KiriPedia/botnet/workers/scribe.mjs","--worker","scribe-2","--batch","1"]}
{"ts":"2026-06-29T03:12:45.305Z","lane":"plant","event":"done","step":"scribe-2","code":0,"ms":98}
{"ts":"2026-06-29T03:12:45.305Z","lane":"plant","event":"start","step":"scribe-3","bin":"node","args":["/Volumes/EOS_DIGITAL/KiriPedia/botnet/workers/scribe.mjs","--worker","scribe-3","--batch","1"]}
{"ts":"2026-06-29T03:12:45.419Z","lane":"plant","event":"done","step":"scribe-3","code":0,"ms":112}
{"ts":"2026-06-29T03:12:57.677Z","lane":"rt-snapshot","event":"start","step":null,"bin":"node","args":["/Volumes/EOS_DIGITAL/KiriPedia/botnet/lib/research-team-snapshot.mjs"]}
{"ts":"2026-06-29T03:12:57.874Z","lane":"rt-snapshot","event":"done","step":null,"code":0,"ms":195}
{"ts":"2026-06-29T03:13:26.187Z","lane":"catch-import","event":"start","step":null,"bin":"node","args":["/Volumes/EOS_DIGITAL/KiriPedia/botnet/workers/catch-importer.mjs","--auto-trust"]}
{"ts":"2026-06-29T03:13:26.388Z","lane":"catch-import","event":"done","step":null,"code":0,"ms":198}
{"ts":"2026-06-29T03:13:31.353Z","lane":"snapshot","event":"start","step":null,"bin":"node","args":["/Volumes/EOS_DIGITAL/KiriPedia/botnet/lib/snapshot-writer.mjs"]}
{"ts":"2026-06-29T03:13:31.590Z","lane":"snapshot","event":"done","step":null,"code":0,"ms":237}
{"ts":"2026-06-29T03:13:46.165Z","lane":"calendar","event":"start","step":null,"bin":"node","args":["/Volumes/EOS_DIGITAL/KiriPedia/botnet/workers/calendar-keeper.mjs"]}
{"ts":"2026-06-29T03:13:47.334Z","lane":"reviewer","event":"start","step":null,"bin":"node","args":["/Volumes/EOS_DIGITAL/KiriPedia/botnet/workers/reviewer.mjs"]}
{"ts":"2026-06-29T03:13:47.498Z","lane":"reviewer","event":"done","step":null,"code":0,"ms":112}
{"ts":"2026-06-29T03:13:48.532Z","lane":"calendar","event":"done","step":null,"code":0,"ms":1295}
{"ts":"2026-06-29T03:13:57.880Z","lane":"rt-snapshot","event":"start","step":null,"bin":"node","args":["/Volumes/EOS_DIGITAL/KiriPedia/botnet/lib/research-team-snapshot.mjs"]}
{"ts":"2026-06-29T03:13:58.084Z","lane":"rt-snapshot","event":"done","step":null,"code":0,"ms":203}
{"ts":"2026-06-29T03:14:21.392Z","lane":"plant","event":"start","step":"scribe-1","bin":"node","args":["/Volumes/EOS_DIGITAL/KiriPedia/botnet/workers/scribe.mjs","--worker","scribe-1","--batch","1"]}
{"ts":"2026-06-29T03:14:21.530Z","lane":"plant","event":"done","step":"scribe-1","code":0,"ms":136}
{"ts":"2026-06-29T03:14:21.531Z","lane":"plant","event":"start","step":"scribe-2","bin":"node","args":["/Volumes/EOS_DIGITAL/KiriPedia/botnet/workers/scribe.mjs","--worker","scribe-2","--batch","1"]}
{"ts":"2026-06-29T03:14:21.634Z","lane":"plant","event":"done","step":"scribe-2","code":0,"ms":102}
{"ts":"2026-06-29T03:14:21.634Z","lane":"plant","event":"start","step":"scribe-3","bin":"node","args":["/Volumes/EOS_DIGITAL/KiriPedia/botnet/workers/scribe.mjs","--worker","scribe-3","--batch","1"]}
{"ts":"2026-06-29T03:14:21.740Z","lane":"plant","event":"done","step":"scribe-3","code":0,"ms":104}
{"ts":"2026-06-29T03:14:22.513Z","lane":"triage-patroller","event":"start","step":null,"bin":"node","args":["/Volumes/EOS_DIGITAL/KiriPedia/botnet/workers/triage-patroller.mjs","--per-role","25"]}
{"ts":"2026-06-29T03:14:25.635Z","lane":"triage-patroller","event":"done","step":null,"code":0,"ms":3121}
{"ts":"2026-06-29T03:14:40.339Z","lane":"plant2","event":"start","step":"cat-1","bin":"node","args":["/Volumes/EOS_DIGITAL/KiriPedia/botnet/workers/cataloger-editor.mjs","--worker","cataloger-1","--batch","1"]}
{"ts":"2026-06-29T03:14:40.482Z","lane":"plant2","event":"done","step":"cat-1","code":0,"ms":142}
{"ts":"2026-06-29T03:14:40.482Z","lane":"plant2","event":"start","step":"cat-2","bin":"node","args":["/Volumes/EOS_DIGITAL/KiriPedia/botnet/workers/cataloger-editor.mjs","--worker","cataloger-2","--batch","1"]}
{"ts":"2026-06-29T03:14:40.581Z","lane":"plant2","event":"done","step":"cat-2","code":0,"ms":98}
{"ts":"2026-06-29T03:14:58.095Z","lane":"rt-snapshot","event":"start","step":null,"bin":"node","args":["/Volumes/EOS_DIGITAL/KiriPedia/botnet/lib/research-team-snapshot.mjs"]}
{"ts":"2026-06-29T03:14:58.346Z","lane":"rt-snapshot","event":"done","step":null,"code":0,"ms":249}
{"ts":"2026-06-29T03:15:06.287Z","lane":"office","event":"start","step":null,"bin":"node","args":["/Volumes/EOS_DIGITAL/KiriPedia/botnet/workers/office-manager.mjs"]}
{"ts":"2026-06-29T03:15:10.348Z","lane":"office","event":"done","step":null,"code":0,"ms":4058}
{"ts":"2026-06-29T03:15:13.884Z","lane":"mining","event":"done","step":"weaver","code":0,"ms":161200}
{"ts":"2026-06-29T03:15:53.353Z","lane":"plant","event":"start","step":"scribe-1","bin":"node","args":["/Volumes/EOS_DIGITAL/KiriPedia/botnet/workers/scribe.mjs","--worker","scribe-1","--batch","1"]}
{"ts":"2026-06-29T03:15:53.523Z","lane":"plant","event":"done","step":"scribe-1","code":0,"ms":162}
{"ts":"2026-06-29T03:15:53.524Z","lane":"plant","event":"start","step":"scribe-2","bin":"node","args":["/Volumes/EOS_DIGITAL/KiriPedia/botnet/workers/scribe.mjs","--worker","scribe-2","--batch","1"]}
{"ts":"2026-06-29T03:15:53.619Z","lane":"plant","event":"done","step":"scribe-2","code":0,"ms":94}
{"ts":"2026-06-29T03:15:53.620Z","lane":"plant","event":"start","step":"scribe-3","bin":"node","args":["/Volumes/EOS_DIGITAL/KiriPedia/botnet/workers/scribe.mjs","--worker","scribe-3","--batch","1"]}
{"ts":"2026-06-29T03:15:53.713Z","lane":"plant","event":"done","step":"scribe-3","code":0,"ms":92}
{"ts":"2026-06-29T03:15:58.349Z","lane":"rt-snapshot","event":"start","step":null,"bin":"node","args":["/Volumes/EOS_DIGITAL/KiriPedia/botnet/lib/research-team-snapshot.mjs"]}
{"ts":"2026-06-29T03:15:58.623Z","lane":"rt-snapshot","event":"done","step":null,"code":0,"ms":272}
{"ts":"2026-06-29T03:16:46.802Z","lane":"plant2","event":"start","step":"cat-1","bin":"node","args":["/Volumes/EOS_DIGITAL/KiriPedia/botnet/workers/cataloger-editor.mjs","--worker","cataloger-1","--batch","1"]}
{"ts":"2026-06-29T03:16:46.945Z","lane":"plant2","event":"done","step":"cat-1","code":0,"ms":141}
{"ts":"2026-06-29T03:16:46.946Z","lane":"plant2","event":"start","step":"cat-2","bin":"node","args":["/Volumes/EOS_DIGITAL/KiriPedia/botnet/workers/cataloger-editor.mjs","--worker","cataloger-2","--batch","1"]}
{"ts":"2026-06-29T03:16:47.036Z","lane":"plant2","event":"done","step":"cat-2","code":0,"ms":89}
{"ts":"2026-06-29T03:16:58.627Z","lane":"rt-snapshot","event":"start","step":null,"bin":"node","args":["/Volumes/EOS_DIGITAL/KiriPedia/botnet/lib/research-team-snapshot.mjs"]}
{"ts":"2026-06-29T03:16:58.856Z","lane":"rt-snapshot","event":"done","step":null,"code":0,"ms":228}
{"ts":"2026-06-29T03:17:24.507Z","lane":"plant","event":"start","step":"scribe-1","bin":"node","args":["/Volumes/EOS_DIGITAL/KiriPedia/botnet/workers/scribe.mjs","--worker","scribe-1","--batch","1"]}
{"ts":"2026-06-29T03:17:24.658Z","lane":"plant","event":"done","step":"scribe-1","code":0,"ms":149}
{"ts":"2026-06-29T03:17:24.658Z","lane":"plant","event":"start","step":"scribe-2","bin":"node","args":["/Volumes/EOS_DIGITAL/KiriPedia/botnet/workers/scribe.mjs","--worker","scribe-2","--batch","1"]}
{"ts":"2026-06-29T03:17:24.751Z","lane":"plant","event":"done","step":"scribe-2","code":0,"ms":91}
{"ts":"2026-06-29T03:17:24.751Z","lane":"plant","event":"start","step":"scribe-3","bin":"node","args":["/Volumes/EOS_DIGITAL/KiriPedia/botnet/workers/scribe.mjs","--worker","scribe-3","--batch","1"]}
{"ts":"2026-06-29T03:17:24.842Z","lane":"plant","event":"done","step":"scribe-3","code":0,"ms":89}
{"ts":"2026-06-29T03:17:50.050Z","lane":"splitter","event":"start","step":null,"bin":"node","args":["/Volumes/EOS_DIGITAL/KiriPedia/botnet/workers/first-third-splitter.mjs","--batch","30"]}
{"ts":"2026-06-29T03:17:50.192Z","lane":"splitter","event":"done","step":null,"code":0,"ms":141}
{"ts":"2026-06-29T03:17:58.861Z","lane":"rt-snapshot","event":"start","step":null,"bin":"node","args":["/Volumes/EOS_DIGITAL/KiriPedia/botnet/lib/research-team-snapshot.mjs"]}
{"ts":"2026-06-29T03:17:59.132Z","lane":"rt-snapshot","event":"done","step":null,"code":0,"ms":269}
{"ts":"2026-06-29T03:18:08.024Z","lane":"re-reader","event":"done","step":null,"code":0,"ms":923675}
{"ts":"2026-06-29T03:18:18.924Z","lane":"discretion","event":"start","step":null,"bin":"node","args":["/Volumes/EOS_DIGITAL/KiriPedia/botnet/workers/discretion-warden.mjs","--batch","20"]}
{"ts":"2026-06-29T03:18:19.095Z","lane":"discretion","event":"done","step":null,"code":0,"ms":168}
{"ts":"2026-06-29T03:18:31.603Z","lane":"snapshot","event":"start","step":null,"bin":"node","args":["/Volumes/EOS_DIGITAL/KiriPedia/botnet/lib/snapshot-writer.mjs"]}
{"ts":"2026-06-29T03:18:31.810Z","lane":"snapshot","event":"done","step":null,"code":0,"ms":205}
{"ts":"2026-06-29T03:18:36.231Z","lane":"reviewer","event":"start","step":null,"bin":"node","args":["/Volumes/EOS_DIGITAL/KiriPedia/botnet/workers/reviewer.mjs"]}
{"ts":"2026-06-29T03:18:36.335Z","lane":"reviewer","event":"done","step":null,"code":0,"ms":103}
{"ts":"2026-06-29T03:18:37.710Z","lane":"plant2","event":"start","step":"cat-1","bin":"node","args":["/Volumes/EOS_DIGITAL/KiriPedia/botnet/workers/cataloger-editor.mjs","--worker","cataloger-1","--batch","1"]}
{"ts":"2026-06-29T03:18:37.829Z","lane":"plant2","event":"done","step":"cat-1","code":0,"ms":115}
{"ts":"2026-06-29T03:18:37.830Z","lane":"plant2","event":"start","step":"cat-2","bin":"node","args":["/Volumes/EOS_DIGITAL/KiriPedia/botnet/workers/cataloger-editor.mjs","--worker","cataloger-2","--batch","1"]}
{"ts":"2026-06-29T03:18:37.931Z","lane":"plant2","event":"done","step":"cat-2","code":0,"ms":100}
{"ts":"2026-06-29T03:18:40.881Z","lane":"plant","event":"start","step":"scribe-1","bin":"node","args":["/Volumes/EOS_DIGITAL/KiriPedia/botnet/workers/scribe.mjs","--worker","scribe-1","--batch","1"]}
{"ts":"2026-06-29T03:18:40.992Z","lane":"plant","event":"done","step":"scribe-1","code":0,"ms":110}
{"ts":"2026-06-29T03:18:40.992Z","lane":"plant","event":"start","step":"scribe-2","bin":"node","args":["/Volumes/EOS_DIGITAL/KiriPedia/botnet/workers/scribe.mjs","--worker","scribe-2","--batch","1"]}
{"ts":"2026-06-29T03:18:41.098Z","lane":"plant","event":"done","step":"scribe-2","code":0,"ms":103}
{"ts":"2026-06-29T03:18:41.098Z","lane":"plant","event":"start","step":"scribe-3","bin":"node","args":["/Volumes/EOS_DIGITAL/KiriPedia/botnet/workers/scribe.mjs","--worker","scribe-3","--batch","1"]}
{"ts":"2026-06-29T03:18:41.204Z","lane":"plant","event":"done","step":"scribe-3","code":0,"ms":104}
{"ts":"2026-06-29T03:18:59.135Z","lane":"rt-snapshot","event":"start","step":null,"bin":"node","args":["/Volumes/EOS_DIGITAL/KiriPedia/botnet/lib/research-team-snapshot.mjs"]}
{"ts":"2026-06-29T03:18:59.310Z","lane":"rt-snapshot","event":"done","step":null,"code":0,"ms":175}
{"ts":"2026-06-29T03:19:59.393Z","lane":"rt-snapshot","event":"start","step":null,"bin":"node","args":["/Volumes/EOS_DIGITAL/KiriPedia/botnet/lib/research-team-snapshot.mjs"]}
{"ts":"2026-06-29T03:19:59.810Z","lane":"rt-snapshot","event":"done","step":null,"code":0,"ms":409}
{"ts":"2026-06-29T03:20:23.756Z","lane":"plant","event":"start","step":"scribe-1","bin":"node","args":["/Volumes/EOS_DIGITAL/KiriPedia/botnet/workers/scribe.mjs","--worker","scribe-1","--batch","1"]}
{"ts":"2026-06-29T03:20:23.944Z","lane":"plant","event":"done","step":"scribe-1","code":0,"ms":186}
{"ts":"2026-06-29T03:20:23.944Z","lane":"plant","event":"start","step":"scribe-2","bin":"node","args":["/Volumes/EOS_DIGITAL/KiriPedia/botnet/workers/scribe.mjs","--worker","scribe-2","--batch","1"]}
{"ts":"2026-06-29T03:20:24.046Z","lane":"plant","event":"done","step":"scribe-2","code":0,"ms":100}
{"ts":"2026-06-29T03:20:24.046Z","lane":"plant","event":"start","step":"scribe-3","bin":"node","args":["/Volumes/EOS_DIGITAL/KiriPedia/botnet/workers/scribe.mjs","--worker","scribe-3","--batch","1"]}
{"ts":"2026-06-29T03:20:24.151Z","lane":"plant","event":"done","step":"scribe-3","code":0,"ms":103}
{"ts":"2026-06-29T03:20:52.107Z","lane":"plant2","event":"start","step":"cat-1","bin":"node","args":["/Volumes/EOS_DIGITAL/KiriPedia/botnet/workers/cataloger-editor.mjs","--worker","cataloger-1","--batch","1"]}
{"ts":"2026-06-29T03:20:52.303Z","lane":"plant2","event":"done","step":"cat-1","code":0,"ms":193}
{"ts":"2026-06-29T03:20:52.303Z","lane":"plant2","event":"start","step":"cat-2","bin":"node","args":["/Volumes/EOS_DIGITAL/KiriPedia/botnet/workers/cataloger-editor.mjs","--worker","cataloger-2","--batch","1"]}
{"ts":"2026-06-29T03:20:52.403Z","lane":"plant2","event":"done","step":"cat-2","code":0,"ms":98}
{"ts":"2026-06-29T03:20:59.815Z","lane":"rt-snapshot","event":"start","step":null,"bin":"node","args":["/Volumes/EOS_DIGITAL/KiriPedia/botnet/lib/research-team-snapshot.mjs"]}
{"ts":"2026-06-29T03:21:00.101Z","lane":"rt-snapshot","event":"done","step":null,"code":0,"ms":284}
{"ts":"2026-06-29T03:21:10.519Z","lane":"sentry","event":"start","step":null,"bin":"node","args":["/Volumes/EOS_DIGITAL/KiriPedia/botnet/workers/mouth-sentry.mjs"]}
{"ts":"2026-06-29T03:21:10.663Z","lane":"sentry","event":"done","step":null,"code":0,"ms":141}
{"ts":"2026-06-29T03:21:37.666Z","lane":"mos-enforcer","event":"start","step":null,"bin":"node","args":["/Volumes/EOS_DIGITAL/KiriPedia/botnet/workers/mos-enforcer.mjs"]}
{"ts":"2026-06-29T03:21:39.215Z","lane":"mos-enforcer","event":"done","step":null,"code":0,"ms":1546}
{"ts":"2026-06-29T03:21:50.283Z","lane":"plant","event":"start","step":"scribe-1","bin":"node","args":["/Volumes/EOS_DIGITAL/KiriPedia/botnet/workers/scribe.mjs","--worker","scribe-1","--batch","1"]}
{"ts":"2026-06-29T03:21:50.454Z","lane":"plant","event":"done","step":"scribe-1","code":0,"ms":171}
{"ts":"2026-06-29T03:21:50.456Z","lane":"plant","event":"start","step":"scribe-2","bin":"node","args":["/Volumes/EOS_DIGITAL/KiriPedia/botnet/workers/scribe.mjs","--worker","scribe-2","--batch","1"]}
{"ts":"2026-06-29T03:21:50.563Z","lane":"plant","event":"done","step":"scribe-2","code":0,"ms":105}
{"ts":"2026-06-29T03:21:50.563Z","lane":"plant","event":"start","step":"scribe-3","bin":"node","args":["/Volumes/EOS_DIGITAL/KiriPedia/botnet/workers/scribe.mjs","--worker","scribe-3","--batch","1"]}
{"ts":"2026-06-29T03:21:50.666Z","lane":"plant","event":"done","step":"scribe-3","code":0,"ms":101}
{"ts":"2026-06-29T03:22:00.105Z","lane":"rt-snapshot","event":"start","step":null,"bin":"node","args":["/Volumes/EOS_DIGITAL/KiriPedia/botnet/lib/research-team-snapshot.mjs"]}
{"ts":"2026-06-29T03:22:00.482Z","lane":"rt-snapshot","event":"done","step":null,"code":0,"ms":374}
{"ts":"2026-06-29T03:22:18.921Z","lane":"triage","event":"start","step":null,"bin":"node","args":["/Volumes/EOS_DIGITAL/KiriPedia/botnet/workers/npp.mjs"]}
{"ts":"2026-06-29T03:22:19.108Z","lane":"triage","event":"done","step":null,"code":0,"ms":185}
{"ts":"2026-06-29T03:22:23.668Z","lane":"coord","event":"start","step":null,"bin":"node","args":["/Volumes/EOS_DIGITAL/KiriPedia/botnet/workers/coordinator.mjs","--push"]}
{"ts":"2026-06-29T03:22:23.768Z","lane":"coord","event":"done","step":null,"code":0,"ms":99}
{"ts":"2026-06-29T03:22:48.905Z","lane":"plant2","event":"start","step":"cat-1","bin":"node","args":["/Volumes/EOS_DIGITAL/KiriPedia/botnet/workers/cataloger-editor.mjs","--worker","cataloger-1","--batch","1"]}
{"ts":"2026-06-29T03:22:49.111Z","lane":"plant2","event":"done","step":"cat-1","code":0,"ms":204}
{"ts":"2026-06-29T03:22:49.111Z","lane":"plant2","event":"start","step":"cat-2","bin":"node","args":["/Volumes/EOS_DIGITAL/KiriPedia/botnet/workers/cataloger-editor.mjs","--worker","cataloger-2","--batch","1"]}
{"ts":"2026-06-29T03:22:49.217Z","lane":"plant2","event":"done","step":"cat-2","code":0,"ms":104}
{"ts":"2026-06-29T03:22:56.127Z","lane":"indexer","event":"start","step":null,"bin":"node","args":["/Volumes/EOS_DIGITAL/KiriPedia/botnet/workers/indexer.mjs"]}
{"ts":"2026-06-29T03:22:59.348Z","lane":"shape-auditor","event":"start","step":null,"bin":"node","args":["/Volumes/EOS_DIGITAL/KiriPedia/botnet/workers/shape-auditor.mjs","--threshold","5"]}
{"ts":"2026-06-29T03:22:59.470Z","lane":"shape-auditor","event":"done","step":null,"code":0,"ms":120}
{"ts":"2026-06-29T03:22:59.836Z","lane":"indexer","event":"done","step":null,"code":0,"ms":3708}
{"ts":"2026-06-29T03:23:00.486Z","lane":"rt-snapshot","event":"start","step":null,"bin":"node","args":["/Volumes/EOS_DIGITAL/KiriPedia/botnet/lib/research-team-snapshot.mjs"]}
{"ts":"2026-06-29T03:23:00.759Z","lane":"rt-snapshot","event":"done","step":null,"code":0,"ms":272}
{"ts":"2026-06-29T03:23:12.952Z","lane":"reviewer","event":"start","step":null,"bin":"node","args":["/Volumes/EOS_DIGITAL/KiriPedia/botnet/workers/reviewer.mjs"]}
{"ts":"2026-06-29T03:23:13.133Z","lane":"reviewer","event":"done","step":null,"code":0,"ms":179}
{"ts":"2026-06-29T03:23:23.913Z","lane":"catch-import","event":"start","step":null,"bin":"node","args":["/Volumes/EOS_DIGITAL/KiriPedia/botnet/workers/catch-importer.mjs","--auto-trust"]}
{"ts":"2026-06-29T03:23:24.090Z","lane":"catch-import","event":"done","step":null,"code":0,"ms":176}
{"ts":"2026-06-29T03:23:29.762Z","lane":"plant","event":"start","step":"scribe-1","bin":"node","args":["/Volumes/EOS_DIGITAL/KiriPedia/botnet/workers/scribe.mjs","--worker","scribe-1","--batch","1"]}
{"ts":"2026-06-29T03:23:29.898Z","lane":"plant","event":"done","step":"scribe-1","code":0,"ms":135}
{"ts":"2026-06-29T03:23:29.900Z","lane":"plant","event":"start","step":"scribe-2","bin":"node","args":["/Volumes/EOS_DIGITAL/KiriPedia/botnet/workers/scribe.mjs","--worker","scribe-2","--batch","1"]}
{"ts":"2026-06-29T03:23:30.009Z","lane":"plant","event":"done","step":"scribe-2","code":0,"ms":107}
{"ts":"2026-06-29T03:23:30.009Z","lane":"plant","event":"start","step":"scribe-3","bin":"node","args":["/Volumes/EOS_DIGITAL/KiriPedia/botnet/workers/scribe.mjs","--worker","scribe-3","--batch","1"]}
{"ts":"2026-06-29T03:23:30.117Z","lane":"plant","event":"done","step":"scribe-3","code":0,"ms":106}
{"ts":"2026-06-29T03:23:31.898Z","lane":"snapshot","event":"start","step":null,"bin":"node","args":["/Volumes/EOS_DIGITAL/KiriPedia/botnet/lib/snapshot-writer.mjs"]}
{"ts":"2026-06-29T03:23:32.010Z","lane":"snapshot","event":"done","step":null,"code":0,"ms":112}
{"ts":"2026-06-29T03:23:40.978Z","lane":"triage-patroller","event":"start","step":null,"bin":"node","args":["/Volumes/EOS_DIGITAL/KiriPedia/botnet/workers/triage-patroller.mjs","--per-role","25"]}
{"ts":"2026-06-29T03:23:44.120Z","lane":"triage-patroller","event":"done","step":null,"code":0,"ms":3139}
{"ts":"2026-06-29T03:24:00.764Z","lane":"rt-snapshot","event":"start","step":null,"bin":"node","args":["/Volumes/EOS_DIGITAL/KiriPedia/botnet/lib/research-team-snapshot.mjs"]}
{"ts":"2026-06-29T03:24:01.002Z","lane":"prospect","event":"start","step":null,"bin":"node","args":["/Volumes/EOS_DIGITAL/KiriPedia/botnet/workers/prospector.mjs","--batch","2"]}
{"ts":"2026-06-29T03:24:01.133Z","lane":"rt-snapshot","event":"done","step":null,"code":0,"ms":367}
{"ts":"2026-06-29T03:24:03.978Z","lane":"diff-sentinel","event":"start","step":null,"bin":"node","args":["/Volumes/EOS_DIGITAL/KiriPedia/botnet/workers/diff-sentinel.mjs"]}
{"ts":"2026-06-29T03:24:04.274Z","lane":"diff-sentinel","event":"done","step":null,"code":0,"ms":296}
{"ts":"2026-06-29T03:24:47.651Z","lane":"plant","event":"start","step":"scribe-1","bin":"node","args":["/Volumes/EOS_DIGITAL/KiriPedia/botnet/workers/scribe.mjs","--worker","scribe-1","--batch","1"]}
{"ts":"2026-06-29T03:24:47.858Z","lane":"plant","event":"done","step":"scribe-1","code":0,"ms":204}
{"ts":"2026-06-29T03:24:47.858Z","lane":"plant","event":"start","step":"scribe-2","bin":"node","args":["/Volumes/EOS_DIGITAL/KiriPedia/botnet/workers/scribe.mjs","--worker","scribe-2","--batch","1"]}
{"ts":"2026-06-29T03:24:48.088Z","lane":"plant","event":"done","step":"scribe-2","code":0,"ms":96}
{"ts":"2026-06-29T03:24:48.128Z","lane":"plant","event":"start","step":"scribe-3","bin":"node","args":["/Volumes/EOS_DIGITAL/KiriPedia/botnet/workers/scribe.mjs","--worker","scribe-3","--batch","1"]}
{"ts":"2026-06-29T03:24:48.357Z","lane":"plant","event":"done","step":"scribe-3","code":0,"ms":94}
{"ts":"2026-06-29T03:24:55.253Z","lane":"plant2","event":"start","step":"cat-1","bin":"node","args":["/Volumes/EOS_DIGITAL/KiriPedia/botnet/workers/cataloger-editor.mjs","--worker","cataloger-1","--batch","1"]}
{"ts":"2026-06-29T03:24:55.568Z","lane":"plant2","event":"done","step":"cat-1","code":0,"ms":314}
{"ts":"2026-06-29T03:24:55.568Z","lane":"plant2","event":"start","step":"cat-2","bin":"node","args":["/Volumes/EOS_DIGITAL/KiriPedia/botnet/workers/cataloger-editor.mjs","--worker","cataloger-2","--batch","1"]}
{"ts":"2026-06-29T03:24:55.792Z","lane":"plant2","event":"done","step":"cat-2","code":0,"ms":94}
{"ts":"2026-06-29T03:24:56.841Z","lane":"trawler","event":"done","step":null,"code":-1,"ms":1200124,"stderr":"[trawler:youtube] Run 1/4 for 2026-06-29.\n"}
{"ts":"2026-06-29T03:24:56.841Z","lane":"trawler","event":"backoff","ms":120000}
{"ts":"2026-06-29T03:25:01.139Z","lane":"rt-snapshot","event":"start","step":null,"bin":"node","args":["/Volumes/EOS_DIGITAL/KiriPedia/botnet/lib/research-team-snapshot.mjs"]}
{"ts":"2026-06-29T03:25:01.362Z","lane":"rt-snapshot","event":"done","step":null,"code":0,"ms":220}
{"ts":"2026-06-29T03:25:09.201Z","lane":"office","event":"start","step":null,"bin":"node","args":["/Volumes/EOS_DIGITAL/KiriPedia/botnet/workers/office-manager.mjs"]}
{"ts":"2026-06-29T03:25:12.701Z","lane":"splitter","event":"start","step":null,"bin":"node","args":["/Volumes/EOS_DIGITAL/KiriPedia/botnet/workers/first-third-splitter.mjs","--batch","30"]}
{"ts":"2026-06-29T03:25:12.816Z","lane":"splitter","event":"done","step":null,"code":0,"ms":112}
{"ts":"2026-06-29T03:25:14.908Z","lane":"office","event":"done","step":null,"code":0,"ms":5707}
{"ts":"2026-06-29T03:25:22.054Z","lane":"prospect","event":"done","step":null,"code":0,"ms":81051}
{"ts":"2026-06-29T03:25:37.780Z","lane":"discretion","event":"start","step":null,"bin":"node","args":["/Volumes/EOS_DIGITAL/KiriPedia/botnet/workers/discretion-warden.mjs","--batch","20"]}
{"ts":"2026-06-29T03:25:37.969Z","lane":"discretion","event":"done","step":null,"code":0,"ms":186}
{"ts":"2026-06-29T03:26:01.368Z","lane":"rt-snapshot","event":"start","step":null,"bin":"node","args":["/Volumes/EOS_DIGITAL/KiriPedia/botnet/lib/research-team-snapshot.mjs"]}
{"ts":"2026-06-29T03:26:01.741Z","lane":"rt-snapshot","event":"done","step":null,"code":0,"ms":371}
{"ts":"2026-06-29T03:26:31.267Z","lane":"plant","event":"start","step":"scribe-1","bin":"node","args":["/Volumes/EOS_DIGITAL/KiriPedia/botnet/workers/scribe.mjs","--worker","scribe-1","--batch","1"]}
{"ts":"2026-06-29T03:26:31.459Z","lane":"plant","event":"done","step":"scribe-1","code":0,"ms":189}
{"ts":"2026-06-29T03:26:31.459Z","lane":"plant","event":"start","step":"scribe-2","bin":"node","args":["/Volumes/EOS_DIGITAL/KiriPedia/botnet/workers/scribe.mjs","--worker","scribe-2","--batch","1"]}
{"ts":"2026-06-29T03:26:31.565Z","lane":"plant","event":"done","step":"scribe-2","code":0,"ms":105}
{"ts":"2026-06-29T03:26:31.566Z","lane":"plant","event":"start","step":"scribe-3","bin":"node","args":["/Volumes/EOS_DIGITAL/KiriPedia/botnet/workers/scribe.mjs","--worker","scribe-3","--batch","1"]}
{"ts":"2026-06-29T03:26:31.674Z","lane":"plant","event":"done","step":"scribe-3","code":0,"ms":105}
{"ts":"2026-06-29T03:26:50.220Z","lane":"plant2","event":"start","step":"cat-1","bin":"node","args":["/Volumes/EOS_DIGITAL/KiriPedia/botnet/workers/cataloger-editor.mjs","--worker","cataloger-1","--batch","1"]}
{"ts":"2026-06-29T03:26:50.414Z","lane":"plant2","event":"done","step":"cat-1","code":0,"ms":192}
{"ts":"2026-06-29T03:26:50.415Z","lane":"plant2","event":"start","step":"cat-2","bin":"node","args":["/Volumes/EOS_DIGITAL/KiriPedia/botnet/workers/cataloger-editor.mjs","--worker","cataloger-2","--batch","1"]}
{"ts":"2026-06-29T03:26:50.510Z","lane":"plant2","event":"done","step":"cat-2","code":0,"ms":94}
{"ts":"2026-06-29T03:26:56.983Z","lane":"trawler","event":"start","step":null,"bin":"node","args":["/Volumes/EOS_DIGITAL/KiriPedia/fleet/trawlers/youtube.mjs"]}
{"ts":"2026-06-29T03:27:01.746Z","lane":"rt-snapshot","event":"start","step":null,"bin":"node","args":["/Volumes/EOS_DIGITAL/KiriPedia/botnet/lib/research-team-snapshot.mjs"]}
{"ts":"2026-06-29T03:27:02.320Z","lane":"rt-snapshot","event":"done","step":null,"code":0,"ms":573}
{"ts":"2026-06-29T03:27:53.946Z","lane":"plant","event":"start","step":"scribe-1","bin":"node","args":["/Volumes/EOS_DIGITAL/KiriPedia/botnet/workers/scribe.mjs","--worker","scribe-1","--batch","1"]}
{"ts":"2026-06-29T03:27:54.152Z","lane":"plant","event":"done","step":"scribe-1","code":0,"ms":200}
{"ts":"2026-06-29T03:27:54.153Z","lane":"plant","event":"start","step":"scribe-2","bin":"node","args":["/Volumes/EOS_DIGITAL/KiriPedia/botnet/workers/scribe.mjs","--worker","scribe-2","--batch","1"]}
{"ts":"2026-06-29T03:27:54.251Z","lane":"plant","event":"done","step":"scribe-2","code":0,"ms":97}
{"ts":"2026-06-29T03:27:54.252Z","lane":"plant","event":"start","step":"scribe-3","bin":"node","args":["/Volumes/EOS_DIGITAL/KiriPedia/botnet/workers/scribe.mjs","--worker","scribe-3","--batch","1"]}
{"ts":"2026-06-29T03:27:54.347Z","lane":"plant","event":"done","step":"scribe-3","code":0,"ms":94}
{"ts":"2026-06-29T03:28:02.325Z","lane":"rt-snapshot","event":"start","step":null,"bin":"node","args":["/Volumes/EOS_DIGITAL/KiriPedia/botnet/lib/research-team-snapshot.mjs"]}
{"ts":"2026-06-29T03:28:02.645Z","lane":"rt-snapshot","event":"done","step":null,"code":0,"ms":318}
{"ts":"2026-06-29T03:28:32.024Z","lane":"snapshot","event":"start","step":null,"bin":"node","args":["/Volumes/EOS_DIGITAL/KiriPedia/botnet/lib/snapshot-writer.mjs"]}
{"ts":"2026-06-29T03:28:32.262Z","lane":"snapshot","event":"done","step":null,"code":0,"ms":235}
{"ts":"2026-06-29T03:28:33.712Z","lane":"reviewer","event":"start","step":null,"bin":"node","args":["/Volumes/EOS_DIGITAL/KiriPedia/botnet/workers/reviewer.mjs"]}
{"ts":"2026-06-29T03:28:33.813Z","lane":"reviewer","event":"done","step":null,"code":0,"ms":100}
{"ts":"2026-06-29T03:29:02.652Z","lane":"rt-snapshot","event":"start","step":null,"bin":"node","args":["/Volumes/EOS_DIGITAL/KiriPedia/botnet/lib/research-team-snapshot.mjs"]}
{"ts":"2026-06-29T03:29:03.013Z","lane":"rt-snapshot","event":"done","step":null,"code":0,"ms":360}
{"ts":"2026-06-29T03:29:03.038Z","lane":"plant2","event":"start","step":"cat-1","bin":"node","args":["/Volumes/EOS_DIGITAL/KiriPedia/botnet/workers/cataloger-editor.mjs","--worker","cataloger-1","--batch","1"]}
{"ts":"2026-06-29T03:29:03.154Z","lane":"plant2","event":"done","step":"cat-1","code":0,"ms":116}
{"ts":"2026-06-29T03:29:03.154Z","lane":"plant2","event":"start","step":"cat-2","bin":"node","args":["/Volumes/EOS_DIGITAL/KiriPedia/botnet/workers/cataloger-editor.mjs","--worker","cataloger-2","--batch","1"]}
{"ts":"2026-06-29T03:29:03.247Z","lane":"plant2","event":"done","step":"cat-2","code":0,"ms":91}
{"ts":"2026-06-29T03:29:29.552Z","lane":"plant","event":"start","step":"scribe-1","bin":"node","args":["/Volumes/EOS_DIGITAL/KiriPedia/botnet/workers/scribe.mjs","--worker","scribe-1","--batch","1"]}
{"ts":"2026-06-29T03:29:29.754Z","lane":"plant","event":"done","step":"scribe-1","code":0,"ms":200}
{"ts":"2026-06-29T03:29:29.754Z","lane":"plant","event":"start","step":"scribe-2","bin":"node","args":["/Volumes/EOS_DIGITAL/KiriPedia/botnet/workers/scribe.mjs","--worker","scribe-2","--batch","1"]}
{"ts":"2026-06-29T03:29:29.848Z","lane":"plant","event":"done","step":"scribe-2","code":0,"ms":92}
{"ts":"2026-06-29T03:29:29.848Z","lane":"plant","event":"start","step":"scribe-3","bin":"node","args":["/Volumes/EOS_DIGITAL/KiriPedia/botnet/workers/scribe.mjs","--worker","scribe-3","--batch","1"]}
{"ts":"2026-06-29T03:29:29.946Z","lane":"plant","event":"done","step":"scribe-3","code":0,"ms":96}
{"ts":"2026-06-29T03:30:03.020Z","lane":"rt-snapshot","event":"start","step":null,"bin":"node","args":["/Volumes/EOS_DIGITAL/KiriPedia/botnet/lib/research-team-snapshot.mjs"]}
{"ts":"2026-06-29T03:30:03.436Z","lane":"rt-snapshot","event":"done","step":null,"code":0,"ms":411}
{"ts":"2026-06-29T03:30:45.475Z","lane":"plant2","event":"start","step":"cat-1","bin":"node","args":["/Volumes/EOS_DIGITAL/KiriPedia/botnet/workers/cataloger-editor.mjs","--worker","cataloger-1","--batch","1"]}
{"ts":"2026-06-29T03:30:45.669Z","lane":"plant2","event":"done","step":"cat-1","code":0,"ms":192}
{"ts":"2026-06-29T03:30:45.670Z","lane":"plant2","event":"start","step":"cat-2","bin":"node","args":["/Volumes/EOS_DIGITAL/KiriPedia/botnet/workers/cataloger-editor.mjs","--worker","cataloger-2","--batch","1"]}
{"ts":"2026-06-29T03:30:45.767Z","lane":"plant2","event":"done","step":"cat-2","code":0,"ms":96}
{"ts":"2026-06-29T03:30:57.381Z","lane":"plant","event":"start","step":"scribe-1","bin":"node","args":["/Volumes/EOS_DIGITAL/KiriPedia/botnet/workers/scribe.mjs","--worker","scribe-1","--batch","1"]}
{"ts":"2026-06-29T03:30:57.561Z","lane":"plant","event":"done","step":"scribe-1","code":0,"ms":178}
{"ts":"2026-06-29T03:30:57.561Z","lane":"plant","event":"start","step":"scribe-2","bin":"node","args":["/Volumes/EOS_DIGITAL/KiriPedia/botnet/workers/scribe.mjs","--worker","scribe-2","--batch","1"]}
{"ts":"2026-06-29T03:30:57.657Z","lane":"plant","event":"done","step":"scribe-2","code":0,"ms":94}
{"ts":"2026-06-29T03:30:57.657Z","lane":"plant","event":"start","step":"scribe-3","bin":"node","args":["/Volumes/EOS_DIGITAL/KiriPedia/botnet/workers/scribe.mjs","--worker","scribe-3","--batch","1"]}
{"ts":"2026-06-29T03:30:57.758Z","lane":"plant","event":"done","step":"scribe-3","code":0,"ms":100}
{"ts":"2026-06-29T03:31:03.440Z","lane":"rt-snapshot","event":"start","step":null,"bin":"node","args":["/Volumes/EOS_DIGITAL/KiriPedia/botnet/lib/research-team-snapshot.mjs"]}
{"ts":"2026-06-29T03:31:03.763Z","lane":"rt-snapshot","event":"done","step":null,"code":0,"ms":322}
{"ts":"2026-06-29T03:32:03.768Z","lane":"rt-snapshot","event":"start","step":null,"bin":"node","args":["/Volumes/EOS_DIGITAL/KiriPedia/botnet/lib/research-team-snapshot.mjs"]}
{"ts":"2026-06-29T03:32:04.218Z","lane":"rt-snapshot","event":"done","step":null,"code":0,"ms":445}
{"ts":"2026-06-29T03:32:04.434Z","lane":"splitter","event":"start","step":null,"bin":"node","args":["/Volumes/EOS_DIGITAL/KiriPedia/botnet/workers/first-third-splitter.mjs","--batch","30"]}
{"ts":"2026-06-29T03:32:04.530Z","lane":"splitter","event":"done","step":null,"code":0,"ms":95}
{"ts":"2026-06-29T03:32:39.466Z","lane":"plant","event":"start","step":"scribe-1","bin":"node","args":["/Volumes/EOS_DIGITAL/KiriPedia/botnet/workers/scribe.mjs","--worker","scribe-1","--batch","1"]}
{"ts":"2026-06-29T03:32:39.682Z","lane":"plant","event":"done","step":"scribe-1","code":0,"ms":214}
{"ts":"2026-06-29T03:32:39.683Z","lane":"plant","event":"start","step":"scribe-2","bin":"node","args":["/Volumes/EOS_DIGITAL/KiriPedia/botnet/workers/scribe.mjs","--worker","scribe-2","--batch","1"]}
{"ts":"2026-06-29T03:32:39.789Z","lane":"plant","event":"done","step":"scribe-2","code":0,"ms":105}
{"ts":"2026-06-29T03:32:39.790Z","lane":"plant","event":"start","step":"scribe-3","bin":"node","args":["/Volumes/EOS_DIGITAL/KiriPedia/botnet/workers/scribe.mjs","--worker","scribe-3","--batch","1"]}
{"ts":"2026-06-29T03:32:39.908Z","lane":"plant","event":"done","step":"scribe-3","code":0,"ms":117}
{"ts":"2026-06-29T03:32:40.686Z","lane":"discretion","event":"start","step":null,"bin":"node","args":["/Volumes/EOS_DIGITAL/KiriPedia/botnet/workers/discretion-warden.mjs","--batch","20"]}
{"ts":"2026-06-29T03:32:40.786Z","lane":"discretion","event":"done","step":null,"code":0,"ms":100}
{"ts":"2026-06-29T03:32:46.616Z","lane":"triage","event":"start","step":null,"bin":"node","args":["/Volumes/EOS_DIGITAL/KiriPedia/botnet/workers/npp.mjs"]}
{"ts":"2026-06-29T03:32:46.750Z","lane":"triage","event":"done","step":null,"code":0,"ms":132}
{"ts":"2026-06-29T03:33:04.223Z","lane":"rt-snapshot","event":"start","step":null,"bin":"node","args":["/Volumes/EOS_DIGITAL/KiriPedia/botnet/lib/research-team-snapshot.mjs"]}
{"ts":"2026-06-29T03:33:04.602Z","lane":"rt-snapshot","event":"done","step":null,"code":0,"ms":377}
{"ts":"2026-06-29T03:33:04.988Z","lane":"plant2","event":"start","step":"cat-1","bin":"node","args":["/Volumes/EOS_DIGITAL/KiriPedia/botnet/workers/cataloger-editor.mjs","--worker","cataloger-1","--batch","1"]}
{"ts":"2026-06-29T03:33:05.094Z","lane":"plant2","event":"done","step":"cat-1","code":0,"ms":105}
{"ts":"2026-06-29T03:33:05.094Z","lane":"plant2","event":"start","step":"cat-2","bin":"node","args":["/Volumes/EOS_DIGITAL/KiriPedia/botnet/workers/cataloger-editor.mjs","--worker","cataloger-2","--batch","1"]}
{"ts":"2026-06-29T03:33:05.190Z","lane":"plant2","event":"done","step":"cat-2","code":0,"ms":95}
{"ts":"2026-06-29T03:33:10.011Z","lane":"reviewer","event":"start","step":null,"bin":"node","args":["/Volumes/EOS_DIGITAL/KiriPedia/botnet/workers/reviewer.mjs"]}
{"ts":"2026-06-29T03:33:10.132Z","lane":"reviewer","event":"done","step":null,"code":0,"ms":118}
{"ts":"2026-06-29T03:33:32.275Z","lane":"snapshot","event":"start","step":null,"bin":"node","args":["/Volumes/EOS_DIGITAL/KiriPedia/botnet/lib/snapshot-writer.mjs"]}
{"ts":"2026-06-29T03:33:32.501Z","lane":"snapshot","event":"done","step":null,"code":0,"ms":224}
{"ts":"2026-06-29T03:33:40.499Z","lane":"triage-patroller","event":"start","step":null,"bin":"node","args":["/Volumes/EOS_DIGITAL/KiriPedia/botnet/workers/triage-patroller.mjs","--per-role","25"]}
{"ts":"2026-06-29T03:33:41.535Z","lane":"catch-import","event":"start","step":null,"bin":"node","args":["/Volumes/EOS_DIGITAL/KiriPedia/botnet/workers/catch-importer.mjs","--auto-trust"]}
{"ts":"2026-06-29T03:33:41.632Z","lane":"catch-import","event":"done","step":null,"code":0,"ms":97}
{"ts":"2026-06-29T03:33:43.682Z","lane":"triage-patroller","event":"done","step":null,"code":0,"ms":3181}
{"ts":"2026-06-29T03:34:04.608Z","lane":"rt-snapshot","event":"start","step":null,"bin":"node","args":["/Volumes/EOS_DIGITAL/KiriPedia/botnet/lib/research-team-snapshot.mjs"]}
{"ts":"2026-06-29T03:34:04.997Z","lane":"rt-snapshot","event":"done","step":null,"code":0,"ms":387}
{"ts":"2026-06-29T03:34:12.209Z","lane":"plant","event":"start","step":"scribe-1","bin":"node","args":["/Volumes/EOS_DIGITAL/KiriPedia/botnet/workers/scribe.mjs","--worker","scribe-1","--batch","1"]}
{"ts":"2026-06-29T03:34:12.356Z","lane":"plant","event":"done","step":"scribe-1","code":0,"ms":146}
{"ts":"2026-06-29T03:34:12.357Z","lane":"plant","event":"start","step":"scribe-2","bin":"node","args":["/Volumes/EOS_DIGITAL/KiriPedia/botnet/workers/scribe.mjs","--worker","scribe-2","--batch","1"]}
{"ts":"2026-06-29T03:34:12.453Z","lane":"plant","event":"done","step":"scribe-2","code":0,"ms":94}
{"ts":"2026-06-29T03:34:12.453Z","lane":"plant","event":"start","step":"scribe-3","bin":"node","args":["/Volumes/EOS_DIGITAL/KiriPedia/botnet/workers/scribe.mjs","--worker","scribe-3","--batch","1"]}
{"ts":"2026-06-29T03:34:12.725Z","lane":"plant","event":"done","step":"scribe-3","code":0,"ms":266}
{"ts":"2026-06-29T03:34:42.100Z","lane":"mining","event":"start","step":"deepener","bin":"node","args":["/Volumes/EOS_DIGITAL/KiriPedia/botnet/workers/deepener.mjs","--batch","5"]}
{"ts":"2026-06-29T03:34:59.164Z","lane":"office","event":"start","step":null,"bin":"node","args":["/Volumes/EOS_DIGITAL/KiriPedia/botnet/workers/office-manager.mjs"]}
{"ts":"2026-06-29T03:35:05.002Z","lane":"rt-snapshot","event":"start","step":null,"bin":"node","args":["/Volumes/EOS_DIGITAL/KiriPedia/botnet/lib/research-team-snapshot.mjs"]}
{"ts":"2026-06-29T03:35:05.354Z","lane":"rt-snapshot","event":"done","step":null,"code":0,"ms":352}
{"ts":"2026-06-29T03:35:09.622Z","lane":"plant2","event":"start","step":"cat-1","bin":"node","args":["/Volumes/EOS_DIGITAL/KiriPedia/botnet/workers/cataloger-editor.mjs","--worker","cataloger-1","--batch","1"]}
{"ts":"2026-06-29T03:35:09.732Z","lane":"plant2","event":"done","step":"cat-1","code":0,"ms":110}
{"ts":"2026-06-29T03:35:09.732Z","lane":"plant2","event":"start","step":"cat-2","bin":"node","args":["/Volumes/EOS_DIGITAL/KiriPedia/botnet/workers/cataloger-editor.mjs","--worker","cataloger-2","--batch","1"]}
{"ts":"2026-06-29T03:35:09.840Z","lane":"plant2","event":"done","step":"cat-2","code":0,"ms":99}
{"ts":"2026-06-29T03:35:12.726Z","lane":"office","event":"done","step":null,"code":0,"ms":13560}
{"ts":"2026-06-29T03:35:34.890Z","lane":"plant","event":"start","step":"scribe-1","bin":"node","args":["/Volumes/EOS_DIGITAL/KiriPedia/botnet/workers/scribe.mjs","--worker","scribe-1","--batch","1"]}
{"ts":"2026-06-29T03:35:35.047Z","lane":"plant","event":"done","step":"scribe-1","code":0,"ms":155}
{"ts":"2026-06-29T03:35:35.047Z","lane":"plant","event":"start","step":"scribe-2","bin":"node","args":["/Volumes/EOS_DIGITAL/KiriPedia/botnet/workers/scribe.mjs","--worker","scribe-2","--batch","1"]}
{"ts":"2026-06-29T03:35:35.155Z","lane":"plant","event":"done","step":"scribe-2","code":0,"ms":99}
{"ts":"2026-06-29T03:35:35.155Z","lane":"plant","event":"start","step":"scribe-3","bin":"node","args":["/Volumes/EOS_DIGITAL/KiriPedia/botnet/workers/scribe.mjs","--worker","scribe-3","--batch","1"]}
{"ts":"2026-06-29T03:35:35.264Z","lane":"plant","event":"done","step":"scribe-3","code":0,"ms":99}
{"ts":"2026-06-29T03:35:43.435Z","lane":"mining","event":"done","step":"deepener","code":0,"ms":61332}
{"ts":"2026-06-29T03:35:43.437Z","lane":"mining","event":"start","step":"enricher","bin":"node","args":["/Volumes/EOS_DIGITAL/KiriPedia/botnet/workers/enricher.mjs","--batch","5"]}
{"ts":"2026-06-29T03:36:05.366Z","lane":"rt-snapshot","event":"start","step":null,"bin":"node","args":["/Volumes/EOS_DIGITAL/KiriPedia/botnet/lib/research-team-snapshot.mjs"]}
{"ts":"2026-06-29T03:36:05.612Z","lane":"rt-snapshot","event":"done","step":null,"code":0,"ms":244}
{"ts":"2026-06-29T03:36:15.307Z","lane":"mining","event":"done","step":"enricher","code":0,"ms":31863}
{"ts":"2026-06-29T03:36:15.308Z","lane":"mining","event":"start","step":"weaver","bin":"node","args":["/Volumes/EOS_DIGITAL/KiriPedia/botnet/workers/weaver.mjs","--batch","5"]}
{"ts":"2026-06-29T03:36:50.429Z","lane":"plant","event":"start","step":"scribe-1","bin":"node","args":["/Volumes/EOS_DIGITAL/KiriPedia/botnet/workers/scribe.mjs","--worker","scribe-1","--batch","1"]}
{"ts":"2026-06-29T03:36:50.586Z","lane":"plant","event":"done","step":"scribe-1","code":0,"ms":155}
{"ts":"2026-06-29T03:36:50.586Z","lane":"plant","event":"start","step":"scribe-2","bin":"node","args":["/Volumes/EOS_DIGITAL/KiriPedia/botnet/workers/scribe.mjs","--worker","scribe-2","--batch","1"]}
{"ts":"2026-06-29T03:36:50.682Z","lane":"plant","event":"done","step":"scribe-2","code":0,"ms":94}
{"ts":"2026-06-29T03:36:50.683Z","lane":"plant","event":"start","step":"scribe-3","bin":"node","args":["/Volumes/EOS_DIGITAL/KiriPedia/botnet/workers/scribe.mjs","--worker","scribe-3","--batch","1"]}
{"ts":"2026-06-29T03:36:50.778Z","lane":"plant","event":"done","step":"scribe-3","code":0,"ms":94}
{"ts":"2026-06-29T03:37:00.115Z","lane":"plant2","event":"start","step":"cat-1","bin":"node","args":["/Volumes/EOS_DIGITAL/KiriPedia/botnet/workers/cataloger-editor.mjs","--worker","cataloger-1","--batch","1"]}
{"ts":"2026-06-29T03:37:00.241Z","lane":"plant2","event":"done","step":"cat-1","code":0,"ms":125}
{"ts":"2026-06-29T03:37:00.241Z","lane":"plant2","event":"start","step":"cat-2","bin":"node","args":["/Volumes/EOS_DIGITAL/KiriPedia/botnet/workers/cataloger-editor.mjs","--worker","cataloger-2","--batch","1"]}
{"ts":"2026-06-29T03:37:00.337Z","lane":"plant2","event":"done","step":"cat-2","code":0,"ms":94}
{"ts":"2026-06-29T03:37:05.626Z","lane":"rt-snapshot","event":"start","step":null,"bin":"node","args":["/Volumes/EOS_DIGITAL/KiriPedia/botnet/lib/research-team-snapshot.mjs"]}
{"ts":"2026-06-29T03:37:05.829Z","lane":"rt-snapshot","event":"done","step":null,"code":0,"ms":202}
{"ts":"2026-06-29T03:37:58.977Z","lane":"coord","event":"start","step":null,"bin":"node","args":["/Volumes/EOS_DIGITAL/KiriPedia/botnet/workers/coordinator.mjs","--push"]}
{"ts":"2026-06-29T03:37:59.137Z","lane":"coord","event":"done","step":null,"code":0,"ms":156}
{"ts":"2026-06-29T03:37:59.892Z","lane":"reviewer","event":"start","step":null,"bin":"node","args":["/Volumes/EOS_DIGITAL/KiriPedia/botnet/workers/reviewer.mjs"]}
{"ts":"2026-06-29T03:37:59.994Z","lane":"reviewer","event":"done","step":null,"code":0,"ms":102}
{"ts":"2026-06-29T03:38:05.835Z","lane":"rt-snapshot","event":"start","step":null,"bin":"node","args":["/Volumes/EOS_DIGITAL/KiriPedia/botnet/lib/research-team-snapshot.mjs"]}
{"ts":"2026-06-29T03:38:06.064Z","lane":"rt-snapshot","event":"done","step":null,"code":0,"ms":227}
{"ts":"2026-06-29T03:38:06.206Z","lane":"re-reader","event":"start","step":null,"bin":"node","args":["/Volumes/EOS_DIGITAL/KiriPedia/botnet/workers/re-reader.mjs","--worker","re-reader-1","--batch","2"]}
{"ts":"2026-06-29T03:38:12.261Z","lane":"plant","event":"start","step":"scribe-1","bin":"node","args":["/Volumes/EOS_DIGITAL/KiriPedia/botnet/workers/scribe.mjs","--worker","scribe-1","--batch","1"]}
{"ts":"2026-06-29T03:38:12.364Z","lane":"plant","event":"done","step":"scribe-1","code":0,"ms":101}
{"ts":"2026-06-29T03:38:12.365Z","lane":"plant","event":"start","step":"scribe-2","bin":"node","args":["/Volumes/EOS_DIGITAL/KiriPedia/botnet/workers/scribe.mjs","--worker","scribe-2","--batch","1"]}
{"ts":"2026-06-29T03:38:12.489Z","lane":"plant","event":"done","step":"scribe-2","code":0,"ms":123}
{"ts":"2026-06-29T03:38:12.489Z","lane":"plant","event":"start","step":"scribe-3","bin":"node","args":["/Volumes/EOS_DIGITAL/KiriPedia/botnet/workers/scribe.mjs","--worker","scribe-3","--batch","1"]}
{"ts":"2026-06-29T03:38:12.588Z","lane":"plant","event":"done","step":"scribe-3","code":0,"ms":97}
{"ts":"2026-06-29T03:38:32.530Z","lane":"snapshot","event":"start","step":null,"bin":"node","args":["/Volumes/EOS_DIGITAL/KiriPedia/botnet/lib/snapshot-writer.mjs"]}
{"ts":"2026-06-29T03:38:32.702Z","lane":"snapshot","event":"done","step":null,"code":0,"ms":169}
{"ts":"2026-06-29T03:38:59.223Z","lane":"plant2","event":"start","step":"cat-1","bin":"node","args":["/Volumes/EOS_DIGITAL/KiriPedia/botnet/workers/cataloger-editor.mjs","--worker","cataloger-1","--batch","1"]}
{"ts":"2026-06-29T03:38:59.401Z","lane":"plant2","event":"done","step":"cat-1","code":0,"ms":175}
{"ts":"2026-06-29T03:38:59.401Z","lane":"plant2","event":"start","step":"cat-2","bin":"node","args":["/Volumes/EOS_DIGITAL/KiriPedia/botnet/workers/cataloger-editor.mjs","--worker","cataloger-2","--batch","1"]}
{"ts":"2026-06-29T03:38:59.496Z","lane":"plant2","event":"done","step":"cat-2","code":0,"ms":94}
{"ts":"2026-06-29T03:39:02.576Z","lane":"splitter","event":"start","step":null,"bin":"node","args":["/Volumes/EOS_DIGITAL/KiriPedia/botnet/workers/first-third-splitter.mjs","--batch","30"]}
{"ts":"2026-06-29T03:39:02.669Z","lane":"splitter","event":"done","step":null,"code":0,"ms":92}
{"ts":"2026-06-29T03:39:06.068Z","lane":"rt-snapshot","event":"start","step":null,"bin":"node","args":["/Volumes/EOS_DIGITAL/KiriPedia/botnet/lib/research-team-snapshot.mjs"]}
{"ts":"2026-06-29T03:39:06.224Z","lane":"mining","event":"done","step":"weaver","code":0,"ms":170913}
{"ts":"2026-06-29T03:39:06.286Z","lane":"rt-snapshot","event":"done","step":null,"code":0,"ms":216}
{"ts":"2026-06-29T03:39:20.267Z","lane":"calendar","event":"start","step":null,"bin":"node","args":["/Volumes/EOS_DIGITAL/KiriPedia/botnet/workers/calendar-keeper.mjs"]}
{"ts":"2026-06-29T03:39:21.406Z","lane":"calendar","event":"done","step":null,"code":0,"ms":1137}
{"ts":"2026-06-29T03:39:35.489Z","lane":"discretion","event":"start","step":null,"bin":"node","args":["/Volumes/EOS_DIGITAL/KiriPedia/botnet/workers/discretion-warden.mjs","--batch","20"]}
{"ts":"2026-06-29T03:39:35.651Z","lane":"discretion","event":"done","step":null,"code":0,"ms":160}
{"ts":"2026-06-29T03:39:37.499Z","lane":"plant","event":"start","step":"scribe-1","bin":"node","args":["/Volumes/EOS_DIGITAL/KiriPedia/botnet/workers/scribe.mjs","--worker","scribe-1","--batch","1"]}
{"ts":"2026-06-29T03:39:37.602Z","lane":"plant","event":"done","step":"scribe-1","code":0,"ms":103}
{"ts":"2026-06-29T03:39:37.602Z","lane":"plant","event":"start","step":"scribe-2","bin":"node","args":["/Volumes/EOS_DIGITAL/KiriPedia/botnet/workers/scribe.mjs","--worker","scribe-2","--batch","1"]}
{"ts":"2026-06-29T03:39:37.699Z","lane":"plant","event":"done","step":"scribe-2","code":0,"ms":96}
{"ts":"2026-06-29T03:39:37.699Z","lane":"plant","event":"start","step":"scribe-3","bin":"node","args":["/Volumes/EOS_DIGITAL/KiriPedia/botnet/workers/scribe.mjs","--worker","scribe-3","--batch","1"]}
{"ts":"2026-06-29T03:39:37.803Z","lane":"plant","event":"done","step":"scribe-3","code":0,"ms":100}
{"ts":"2026-06-29T03:40:06.292Z","lane":"rt-snapshot","event":"start","step":null,"bin":"node","args":["/Volumes/EOS_DIGITAL/KiriPedia/botnet/lib/research-team-snapshot.mjs"]}
{"ts":"2026-06-29T03:40:06.536Z","lane":"rt-snapshot","event":"done","step":null,"code":0,"ms":242}
{"ts":"2026-06-29T03:41:06.541Z","lane":"rt-snapshot","event":"start","step":null,"bin":"node","args":["/Volumes/EOS_DIGITAL/KiriPedia/botnet/lib/research-team-snapshot.mjs"]}
{"ts":"2026-06-29T03:41:06.783Z","lane":"rt-snapshot","event":"done","step":null,"code":0,"ms":237}
{"ts":"2026-06-29T03:41:08.529Z","lane":"plant2","event":"start","step":"cat-1","bin":"node","args":["/Volumes/EOS_DIGITAL/KiriPedia/botnet/workers/cataloger-editor.mjs","--worker","cataloger-1","--batch","1"]}
{"ts":"2026-06-29T03:41:08.638Z","lane":"plant2","event":"done","step":"cat-1","code":0,"ms":109}
{"ts":"2026-06-29T03:41:08.638Z","lane":"plant2","event":"start","step":"cat-2","bin":"node","args":["/Volumes/EOS_DIGITAL/KiriPedia/botnet/workers/cataloger-editor.mjs","--worker","cataloger-2","--batch","1"]}
{"ts":"2026-06-29T03:41:08.742Z","lane":"plant2","event":"done","step":"cat-2","code":0,"ms":95}
{"ts":"2026-06-29T03:41:08.772Z","lane":"plant","event":"start","step":"scribe-1","bin":"node","args":["/Volumes/EOS_DIGITAL/KiriPedia/botnet/workers/scribe.mjs","--worker","scribe-1","--batch","1"]}
{"ts":"2026-06-29T03:41:08.870Z","lane":"plant","event":"done","step":"scribe-1","code":0,"ms":98}
{"ts":"2026-06-29T03:41:08.870Z","lane":"plant","event":"start","step":"scribe-2","bin":"node","args":["/Volumes/EOS_DIGITAL/KiriPedia/botnet/workers/scribe.mjs","--worker","scribe-2","--batch","1"]}
{"ts":"2026-06-29T03:41:08.965Z","lane":"plant","event":"done","step":"scribe-2","code":0,"ms":92}
{"ts":"2026-06-29T03:41:08.966Z","lane":"plant","event":"start","step":"scribe-3","bin":"node","args":["/Volumes/EOS_DIGITAL/KiriPedia/botnet/workers/scribe.mjs","--worker","scribe-3","--batch","1"]}
{"ts":"2026-06-29T03:41:09.062Z","lane":"plant","event":"done","step":"scribe-3","code":0,"ms":95}
{"ts":"2026-06-29T03:41:57.103Z","lane":"triage","event":"start","step":null,"bin":"node","args":["/Volumes/EOS_DIGITAL/KiriPedia/botnet/workers/npp.mjs"]}
{"ts":"2026-06-29T03:41:57.278Z","lane":"triage","event":"done","step":null,"code":0,"ms":168}
{"ts":"2026-06-29T03:42:06.788Z","lane":"rt-snapshot","event":"start","step":null,"bin":"node","args":["/Volumes/EOS_DIGITAL/KiriPedia/botnet/lib/research-team-snapshot.mjs"]}
{"ts":"2026-06-29T03:42:07.009Z","lane":"rt-snapshot","event":"done","step":null,"code":0,"ms":219}
{"ts":"2026-06-29T03:42:38.412Z","lane":"plant","event":"start","step":"scribe-1","bin":"node","args":["/Volumes/EOS_DIGITAL/KiriPedia/botnet/workers/scribe.mjs","--worker","scribe-1","--batch","1"]}
{"ts":"2026-06-29T03:42:38.563Z","lane":"plant","event":"done","step":"scribe-1","code":0,"ms":149}
{"ts":"2026-06-29T03:42:38.563Z","lane":"plant","event":"start","step":"scribe-2","bin":"node","args":["/Volumes/EOS_DIGITAL/KiriPedia/botnet/workers/scribe.mjs","--worker","scribe-2","--batch","1"]}
{"ts":"2026-06-29T03:42:38.658Z","lane":"plant","event":"done","step":"scribe-2","code":0,"ms":94}
{"ts":"2026-06-29T03:42:38.658Z","lane":"plant","event":"start","step":"scribe-3","bin":"node","args":["/Volumes/EOS_DIGITAL/KiriPedia/botnet/workers/scribe.mjs","--worker","scribe-3","--batch","1"]}
{"ts":"2026-06-29T03:42:38.755Z","lane":"plant","event":"done","step":"scribe-3","code":0,"ms":95}
{"ts":"2026-06-29T03:43:00.153Z","lane":"reviewer","event":"start","step":null,"bin":"node","args":["/Volumes/EOS_DIGITAL/KiriPedia/botnet/workers/reviewer.mjs"]}
{"ts":"2026-06-29T03:43:00.291Z","lane":"reviewer","event":"done","step":null,"code":0,"ms":137}
{"ts":"2026-06-29T03:43:07.013Z","lane":"rt-snapshot","event":"start","step":null,"bin":"node","args":["/Volumes/EOS_DIGITAL/KiriPedia/botnet/lib/research-team-snapshot.mjs"]}
{"ts":"2026-06-29T03:43:07.225Z","lane":"rt-snapshot","event":"done","step":null,"code":0,"ms":211}
{"ts":"2026-06-29T03:43:07.384Z","lane":"plant2","event":"start","step":"cat-1","bin":"node","args":["/Volumes/EOS_DIGITAL/KiriPedia/botnet/workers/cataloger-editor.mjs","--worker","cataloger-1","--batch","1"]}
{"ts":"2026-06-29T03:43:07.498Z","lane":"plant2","event":"done","step":"cat-1","code":0,"ms":114}
{"ts":"2026-06-29T03:43:07.498Z","lane":"plant2","event":"start","step":"cat-2","bin":"node","args":["/Volumes/EOS_DIGITAL/KiriPedia/botnet/workers/cataloger-editor.mjs","--worker","cataloger-2","--batch","1"]}
{"ts":"2026-06-29T03:43:07.602Z","lane":"plant2","event":"done","step":"cat-2","code":0,"ms":96}
{"ts":"2026-06-29T03:43:32.714Z","lane":"snapshot","event":"start","step":null,"bin":"node","args":["/Volumes/EOS_DIGITAL/KiriPedia/botnet/lib/snapshot-writer.mjs"]}
{"ts":"2026-06-29T03:43:32.912Z","lane":"snapshot","event":"done","step":null,"code":0,"ms":196}
{"ts":"2026-06-29T03:43:49.894Z","lane":"catch-import","event":"start","step":null,"bin":"node","args":["/Volumes/EOS_DIGITAL/KiriPedia/botnet/workers/catch-importer.mjs","--auto-trust"]}
{"ts":"2026-06-29T03:43:50.086Z","lane":"catch-import","event":"done","step":null,"code":0,"ms":189}
{"ts":"2026-06-29T03:44:07.232Z","lane":"rt-snapshot","event":"start","step":null,"bin":"node","args":["/Volumes/EOS_DIGITAL/KiriPedia/botnet/lib/research-team-snapshot.mjs"]}
{"ts":"2026-06-29T03:44:07.513Z","lane":"rt-snapshot","event":"done","step":null,"code":0,"ms":278}
{"ts":"2026-06-29T03:44:15.581Z","lane":"plant","event":"start","step":"scribe-1","bin":"node","args":["/Volumes/EOS_DIGITAL/KiriPedia/botnet/workers/scribe.mjs","--worker","scribe-1","--batch","1"]}
{"ts":"2026-06-29T03:44:16.114Z","lane":"plant","event":"done","step":"scribe-1","code":0,"ms":531}
{"ts":"2026-06-29T03:44:16.114Z","lane":"plant","event":"start","step":"scribe-2","bin":"node","args":["/Volumes/EOS_DIGITAL/KiriPedia/botnet/workers/scribe.mjs","--worker","scribe-2","--batch","1"]}
{"ts":"2026-06-29T03:44:16.217Z","lane":"plant","event":"done","step":"scribe-2","code":0,"ms":94}
{"ts":"2026-06-29T03:44:16.218Z","lane":"plant","event":"start","step":"scribe-3","bin":"node","args":["/Volumes/EOS_DIGITAL/KiriPedia/botnet/workers/scribe.mjs","--worker","scribe-3","--batch","1"]}
{"ts":"2026-06-29T03:44:16.328Z","lane":"plant","event":"done","step":"scribe-3","code":0,"ms":97}
{"ts":"2026-06-29T03:44:21.022Z","lane":"triage-patroller","event":"start","step":null,"bin":"node","args":["/Volumes/EOS_DIGITAL/KiriPedia/botnet/workers/triage-patroller.mjs","--per-role","25"]}
{"ts":"2026-06-29T03:44:24.168Z","lane":"triage-patroller","event":"done","step":null,"code":0,"ms":3146}
{"ts":"2026-06-29T03:44:56.059Z","lane":"plant2","event":"start","step":"cat-1","bin":"node","args":["/Volumes/EOS_DIGITAL/KiriPedia/botnet/workers/cataloger-editor.mjs","--worker","cataloger-1","--batch","1"]}
{"ts":"2026-06-29T03:44:56.218Z","lane":"plant2","event":"done","step":"cat-1","code":0,"ms":156}
{"ts":"2026-06-29T03:44:56.219Z","lane":"plant2","event":"start","step":"cat-2","bin":"node","args":["/Volumes/EOS_DIGITAL/KiriPedia/botnet/workers/cataloger-editor.mjs","--worker","cataloger-2","--batch","1"]}
{"ts":"2026-06-29T03:44:56.326Z","lane":"plant2","event":"done","step":"cat-2","code":0,"ms":95}
{"ts":"2026-06-29T03:45:07.518Z","lane":"rt-snapshot","event":"start","step":null,"bin":"node","args":["/Volumes/EOS_DIGITAL/KiriPedia/botnet/lib/research-team-snapshot.mjs"]}
{"ts":"2026-06-29T03:45:07.787Z","lane":"rt-snapshot","event":"done","step":null,"code":0,"ms":267}
{"ts":"2026-06-29T03:45:40.473Z","lane":"office","event":"start","step":null,"bin":"node","args":["/Volumes/EOS_DIGITAL/KiriPedia/botnet/workers/office-manager.mjs"]}
{"ts":"2026-06-29T03:45:45.447Z","lane":"office","event":"done","step":null,"code":0,"ms":4971}
{"ts":"2026-06-29T03:45:47.098Z","lane":"plant","event":"start","step":"scribe-1","bin":"node","args":["/Volumes/EOS_DIGITAL/KiriPedia/botnet/workers/scribe.mjs","--worker","scribe-1","--batch","1"]}
{"ts":"2026-06-29T03:45:47.255Z","lane":"plant","event":"done","step":"scribe-1","code":0,"ms":155}
{"ts":"2026-06-29T03:45:47.256Z","lane":"plant","event":"start","step":"scribe-2","bin":"node","args":["/Volumes/EOS_DIGITAL/KiriPedia/botnet/workers/scribe.mjs","--worker","scribe-2","--batch","1"]}
{"ts":"2026-06-29T03:45:47.349Z","lane":"plant","event":"done","step":"scribe-2","code":0,"ms":92}
{"ts":"2026-06-29T03:45:47.349Z","lane":"plant","event":"start","step":"scribe-3","bin":"node","args":["/Volumes/EOS_DIGITAL/KiriPedia/botnet/workers/scribe.mjs","--worker","scribe-3","--batch","1"]}
{"ts":"2026-06-29T03:45:47.447Z","lane":"plant","event":"done","step":"scribe-3","code":0,"ms":96}
{"ts":"2026-06-29T03:46:07.791Z","lane":"rt-snapshot","event":"start","step":null,"bin":"node","args":["/Volumes/EOS_DIGITAL/KiriPedia/botnet/lib/research-team-snapshot.mjs"]}
{"ts":"2026-06-29T03:46:08.027Z","lane":"rt-snapshot","event":"done","step":null,"code":0,"ms":233}
{"ts":"2026-06-29T03:46:11.777Z","lane":"splitter","event":"start","step":null,"bin":"node","args":["/Volumes/EOS_DIGITAL/KiriPedia/botnet/workers/first-third-splitter.mjs","--batch","30"]}
{"ts":"2026-06-29T03:46:11.872Z","lane":"splitter","event":"done","step":null,"code":0,"ms":94}
{"ts":"2026-06-29T03:46:49.192Z","lane":"discretion","event":"start","step":null,"bin":"node","args":["/Volumes/EOS_DIGITAL/KiriPedia/botnet/workers/discretion-warden.mjs","--batch","20"]}
{"ts":"2026-06-29T03:46:49.363Z","lane":"discretion","event":"done","step":null,"code":0,"ms":166}
{"ts":"2026-06-29T03:46:57.048Z","lane":"trawler","event":"done","step":null,"code":-1,"ms":1200063,"stderr":"[trawler:youtube] Run 1/4 for 2026-06-29.\n"}
{"ts":"2026-06-29T03:46:57.051Z","lane":"trawler","event":"backoff","ms":240000}
{"ts":"2026-06-29T03:47:07.281Z","lane":"plant2","event":"start","step":"cat-1","bin":"node","args":["/Volumes/EOS_DIGITAL/KiriPedia/botnet/workers/cataloger-editor.mjs","--worker","cataloger-1","--batch","1"]}
{"ts":"2026-06-29T03:47:07.461Z","lane":"plant2","event":"done","step":"cat-1","code":0,"ms":178}
{"ts":"2026-06-29T03:47:07.461Z","lane":"plant2","event":"start","step":"cat-2","bin":"node","args":["/Volumes/EOS_DIGITAL/KiriPedia/botnet/workers/cataloger-editor.mjs","--worker","cataloger-2","--batch","1"]}
{"ts":"2026-06-29T03:47:07.562Z","lane":"plant2","event":"done","step":"cat-2","code":0,"ms":99}
{"ts":"2026-06-29T03:47:08.031Z","lane":"rt-snapshot","event":"start","step":null,"bin":"node","args":["/Volumes/EOS_DIGITAL/KiriPedia/botnet/lib/research-team-snapshot.mjs"]}
{"ts":"2026-06-29T03:47:08.209Z","lane":"rt-snapshot","event":"done","step":null,"code":0,"ms":177}
{"ts":"2026-06-29T03:47:08.920Z","lane":"plant","event":"start","step":"scribe-1","bin":"node","args":["/Volumes/EOS_DIGITAL/KiriPedia/botnet/workers/scribe.mjs","--worker","scribe-1","--batch","1"]}
{"ts":"2026-06-29T03:47:09.018Z","lane":"plant","event":"done","step":"scribe-1","code":0,"ms":97}
{"ts":"2026-06-29T03:47:09.018Z","lane":"plant","event":"start","step":"scribe-2","bin":"node","args":["/Volumes/EOS_DIGITAL/KiriPedia/botnet/workers/scribe.mjs","--worker","scribe-2","--batch","1"]}
{"ts":"2026-06-29T03:47:09.113Z","lane":"plant","event":"done","step":"scribe-2","code":0,"ms":93}
{"ts":"2026-06-29T03:47:09.114Z","lane":"plant","event":"start","step":"scribe-3","bin":"node","args":["/Volumes/EOS_DIGITAL/KiriPedia/botnet/workers/scribe.mjs","--worker","scribe-3","--batch","1"]}
{"ts":"2026-06-29T03:47:09.208Z","lane":"plant","event":"done","step":"scribe-3","code":0,"ms":93}
{"ts":"2026-06-29T03:47:59.877Z","lane":"reviewer","event":"start","step":null,"bin":"node","args":["/Volumes/EOS_DIGITAL/KiriPedia/botnet/workers/reviewer.mjs"]}
{"ts":"2026-06-29T03:48:00.057Z","lane":"reviewer","event":"done","step":null,"code":0,"ms":173}
{"ts":"2026-06-29T03:48:08.215Z","lane":"rt-snapshot","event":"start","step":null,"bin":"node","args":["/Volumes/EOS_DIGITAL/KiriPedia/botnet/lib/research-team-snapshot.mjs"]}
{"ts":"2026-06-29T03:48:08.457Z","lane":"rt-snapshot","event":"done","step":null,"code":0,"ms":240}
{"ts":"2026-06-29T03:48:27.241Z","lane":"plant","event":"start","step":"scribe-1","bin":"node","args":["/Volumes/EOS_DIGITAL/KiriPedia/botnet/workers/scribe.mjs","--worker","scribe-1","--batch","1"]}
{"ts":"2026-06-29T03:48:27.379Z","lane":"plant","event":"done","step":"scribe-1","code":0,"ms":136}
{"ts":"2026-06-29T03:48:27.380Z","lane":"plant","event":"start","step":"scribe-2","bin":"node","args":["/Volumes/EOS_DIGITAL/KiriPedia/botnet/workers/scribe.mjs","--worker","scribe-2","--batch","1"]}
{"ts":"2026-06-29T03:48:27.474Z","lane":"plant","event":"done","step":"scribe-2","code":0,"ms":93}
{"ts":"2026-06-29T03:48:27.474Z","lane":"plant","event":"start","step":"scribe-3","bin":"node","args":["/Volumes/EOS_DIGITAL/KiriPedia/botnet/workers/scribe.mjs","--worker","scribe-3","--batch","1"]}
{"ts":"2026-06-29T03:48:27.567Z","lane":"plant","event":"done","step":"scribe-3","code":0,"ms":91}
{"ts":"2026-06-29T03:48:32.925Z","lane":"snapshot","event":"start","step":null,"bin":"node","args":["/Volumes/EOS_DIGITAL/KiriPedia/botnet/lib/snapshot-writer.mjs"]}
{"ts":"2026-06-29T03:48:33.074Z","lane":"snapshot","event":"done","step":null,"code":0,"ms":148}
{"ts":"2026-06-29T03:49:05.208Z","lane":"plant2","event":"start","step":"cat-1","bin":"node","args":["/Volumes/EOS_DIGITAL/KiriPedia/botnet/workers/cataloger-editor.mjs","--worker","cataloger-1","--batch","1"]}
{"ts":"2026-06-29T03:49:05.382Z","lane":"plant2","event":"done","step":"cat-1","code":0,"ms":172}
{"ts":"2026-06-29T03:49:05.382Z","lane":"plant2","event":"start","step":"cat-2","bin":"node","args":["/Volumes/EOS_DIGITAL/KiriPedia/botnet/workers/cataloger-editor.mjs","--worker","cataloger-2","--batch","1"]}
{"ts":"2026-06-29T03:49:05.478Z","lane":"plant2","event":"done","step":"cat-2","code":0,"ms":94}
{"ts":"2026-06-29T03:49:08.462Z","lane":"rt-snapshot","event":"start","step":null,"bin":"node","args":["/Volumes/EOS_DIGITAL/KiriPedia/botnet/lib/research-team-snapshot.mjs"]}
{"ts":"2026-06-29T03:49:08.647Z","lane":"rt-snapshot","event":"done","step":null,"code":0,"ms":185}
{"ts":"2026-06-29T03:49:22.025Z","lane":"weaver2","event":"start","step":null,"bin":"node","args":["/Volumes/EOS_DIGITAL/KiriPedia/botnet/workers/reweaver.mjs","--batch","3"]}
{"ts":"2026-06-29T03:50:00.981Z","lane":"plant","event":"start","step":"scribe-1","bin":"node","args":["/Volumes/EOS_DIGITAL/KiriPedia/botnet/workers/scribe.mjs","--worker","scribe-1","--batch","1"]}
{"ts":"2026-06-29T03:50:01.145Z","lane":"plant","event":"done","step":"scribe-1","code":0,"ms":159}
{"ts":"2026-06-29T03:50:01.145Z","lane":"plant","event":"start","step":"scribe-2","bin":"node","args":["/Volumes/EOS_DIGITAL/KiriPedia/botnet/workers/scribe.mjs","--worker","scribe-2","--batch","1"]}
{"ts":"2026-06-29T03:50:01.236Z","lane":"plant","event":"done","step":"scribe-2","code":0,"ms":90}
{"ts":"2026-06-29T03:50:01.236Z","lane":"plant","event":"start","step":"scribe-3","bin":"node","args":["/Volumes/EOS_DIGITAL/KiriPedia/botnet/workers/scribe.mjs","--worker","scribe-3","--batch","1"]}
{"ts":"2026-06-29T03:50:01.331Z","lane":"plant","event":"done","step":"scribe-3","code":0,"ms":93}
{"ts":"2026-06-29T03:50:08.653Z","lane":"rt-snapshot","event":"start","step":null,"bin":"node","args":["/Volumes/EOS_DIGITAL/KiriPedia/botnet/lib/research-team-snapshot.mjs"]}
{"ts":"2026-06-29T03:50:08.838Z","lane":"rt-snapshot","event":"done","step":null,"code":0,"ms":185}
{"ts":"2026-06-29T03:50:41.187Z","lane":"weaver2","event":"done","step":null,"code":0,"ms":79160}
{"ts":"2026-06-29T03:50:56.023Z","lane":"plant2","event":"start","step":"cat-1","bin":"node","args":["/Volumes/EOS_DIGITAL/KiriPedia/botnet/workers/cataloger-editor.mjs","--worker","cataloger-1","--batch","1"]}
{"ts":"2026-06-29T03:50:56.217Z","lane":"plant2","event":"done","step":"cat-1","code":0,"ms":192}
{"ts":"2026-06-29T03:50:56.218Z","lane":"plant2","event":"start","step":"cat-2","bin":"node","args":["/Volumes/EOS_DIGITAL/KiriPedia/botnet/workers/cataloger-editor.mjs","--worker","cataloger-2","--batch","1"]}
{"ts":"2026-06-29T03:50:56.307Z","lane":"plant2","event":"done","step":"cat-2","code":0,"ms":88}
{"ts":"2026-06-29T03:50:57.061Z","lane":"trawler","event":"start","step":null,"bin":"node","args":["/Volumes/EOS_DIGITAL/KiriPedia/fleet/trawlers/youtube.mjs"]}
{"ts":"2026-06-29T03:51:08.844Z","lane":"rt-snapshot","event":"start","step":null,"bin":"node","args":["/Volumes/EOS_DIGITAL/KiriPedia/botnet/lib/research-team-snapshot.mjs"]}
{"ts":"2026-06-29T03:51:09.081Z","lane":"rt-snapshot","event":"done","step":null,"code":0,"ms":234}
{"ts":"2026-06-29T03:51:33.595Z","lane":"plant","event":"start","step":"scribe-1","bin":"node","args":["/Volumes/EOS_DIGITAL/KiriPedia/botnet/workers/scribe.mjs","--worker","scribe-1","--batch","1"]}
{"ts":"2026-06-29T03:51:33.728Z","lane":"plant","event":"done","step":"scribe-1","code":0,"ms":131}
{"ts":"2026-06-29T03:51:33.728Z","lane":"plant","event":"start","step":"scribe-2","bin":"node","args":["/Volumes/EOS_DIGITAL/KiriPedia/botnet/workers/scribe.mjs","--worker","scribe-2","--batch","1"]}
{"ts":"2026-06-29T03:51:33.823Z","lane":"plant","event":"done","step":"scribe-2","code":0,"ms":93}
{"ts":"2026-06-29T03:51:33.823Z","lane":"plant","event":"start","step":"scribe-3","bin":"node","args":["/Volumes/EOS_DIGITAL/KiriPedia/botnet/workers/scribe.mjs","--worker","scribe-3","--batch","1"]}
{"ts":"2026-06-29T03:51:33.911Z","lane":"plant","event":"done","step":"scribe-3","code":0,"ms":86}
{"ts":"2026-06-29T03:51:55.759Z","lane":"triage","event":"start","step":null,"bin":"node","args":["/Volumes/EOS_DIGITAL/KiriPedia/botnet/workers/npp.mjs"]}
{"ts":"2026-06-29T03:51:55.891Z","lane":"triage","event":"done","step":null,"code":0,"ms":129}
{"ts":"2026-06-29T03:52:09.087Z","lane":"rt-snapshot","event":"start","step":null,"bin":"node","args":["/Volumes/EOS_DIGITAL/KiriPedia/botnet/lib/research-team-snapshot.mjs"]}
{"ts":"2026-06-29T03:52:09.331Z","lane":"rt-snapshot","event":"done","step":null,"code":0,"ms":241}
{"ts":"2026-06-29T03:52:14.063Z","lane":"indexer","event":"start","step":null,"bin":"node","args":["/Volumes/EOS_DIGITAL/KiriPedia/botnet/workers/indexer.mjs"]}
{"ts":"2026-06-29T03:52:17.269Z","lane":"coord","event":"start","step":null,"bin":"node","args":["/Volumes/EOS_DIGITAL/KiriPedia/botnet/workers/coordinator.mjs","--push"]}
{"ts":"2026-06-29T03:52:17.460Z","lane":"coord","event":"done","step":null,"code":0,"ms":188}
{"ts":"2026-06-29T03:52:17.931Z","lane":"indexer","event":"done","step":null,"code":0,"ms":3867}
{"ts":"2026-06-29T03:52:45.845Z","lane":"plant2","event":"start","step":"cat-1","bin":"node","args":["/Volumes/EOS_DIGITAL/KiriPedia/botnet/workers/cataloger-editor.mjs","--worker","cataloger-1","--batch","1"]}
{"ts":"2026-06-29T03:52:46.183Z","lane":"plant2","event":"done","step":"cat-1","code":0,"ms":335}
{"ts":"2026-06-29T03:52:46.183Z","lane":"plant2","event":"start","step":"cat-2","bin":"node","args":["/Volumes/EOS_DIGITAL/KiriPedia/botnet/workers/cataloger-editor.mjs","--worker","cataloger-2","--batch","1"]}
{"ts":"2026-06-29T03:52:46.281Z","lane":"plant2","event":"done","step":"cat-2","code":0,"ms":96}
{"ts":"2026-06-29T03:52:57.194Z","lane":"diff-sentinel","event":"start","step":null,"bin":"node","args":["/Volumes/EOS_DIGITAL/KiriPedia/botnet/workers/diff-sentinel.mjs"]}
{"ts":"2026-06-29T03:52:57.529Z","lane":"diff-sentinel","event":"done","step":null,"code":0,"ms":332}
{"ts":"2026-06-29T03:53:03.891Z","lane":"plant","event":"start","step":"scribe-1","bin":"node","args":["/Volumes/EOS_DIGITAL/KiriPedia/botnet/workers/scribe.mjs","--worker","scribe-1","--batch","1"]}
{"ts":"2026-06-29T03:53:04.015Z","lane":"plant","event":"done","step":"scribe-1","code":0,"ms":122}
{"ts":"2026-06-29T03:53:04.017Z","lane":"plant","event":"start","step":"scribe-2","bin":"node","args":["/Volumes/EOS_DIGITAL/KiriPedia/botnet/workers/scribe.mjs","--worker","scribe-2","--batch","1"]}
{"ts":"2026-06-29T03:53:04.121Z","lane":"plant","event":"done","step":"scribe-2","code":0,"ms":100}
{"ts":"2026-06-29T03:53:04.122Z","lane":"plant","event":"start","step":"scribe-3","bin":"node","args":["/Volumes/EOS_DIGITAL/KiriPedia/botnet/workers/scribe.mjs","--worker","scribe-3","--batch","1"]}
{"ts":"2026-06-29T03:53:04.216Z","lane":"plant","event":"done","step":"scribe-3","code":0,"ms":93}
{"ts":"2026-06-29T03:53:09.334Z","lane":"rt-snapshot","event":"start","step":null,"bin":"node","args":["/Volumes/EOS_DIGITAL/KiriPedia/botnet/lib/research-team-snapshot.mjs"]}
{"ts":"2026-06-29T03:53:09.603Z","lane":"rt-snapshot","event":"done","step":null,"code":0,"ms":269}
{"ts":"2026-06-29T03:53:19.937Z","lane":"reviewer","event":"start","step":null,"bin":"node","args":["/Volumes/EOS_DIGITAL/KiriPedia/botnet/workers/reviewer.mjs"]}
{"ts":"2026-06-29T03:53:20.045Z","lane":"reviewer","event":"done","step":null,"code":0,"ms":106}
{"ts":"2026-06-29T03:53:21.717Z","lane":"splitter","event":"start","step":null,"bin":"node","args":["/Volumes/EOS_DIGITAL/KiriPedia/botnet/workers/first-third-splitter.mjs","--batch","30"]}
{"ts":"2026-06-29T03:53:21.818Z","lane":"splitter","event":"done","step":null,"code":0,"ms":100}
{"ts":"2026-06-29T03:53:28.322Z","lane":"discretion","event":"start","step":null,"bin":"node","args":["/Volumes/EOS_DIGITAL/KiriPedia/botnet/workers/discretion-warden.mjs","--batch","20"]}
{"ts":"2026-06-29T03:53:28.457Z","lane":"discretion","event":"done","step":null,"code":0,"ms":133}
{"ts":"2026-06-29T03:53:33.085Z","lane":"snapshot","event":"start","step":null,"bin":"node","args":["/Volumes/EOS_DIGITAL/KiriPedia/botnet/lib/snapshot-writer.mjs"]}
{"ts":"2026-06-29T03:53:33.196Z","lane":"snapshot","event":"done","step":null,"code":0,"ms":111}
{"ts":"2026-06-29T03:53:52.446Z","lane":"catch-import","event":"start","step":null,"bin":"node","args":["/Volumes/EOS_DIGITAL/KiriPedia/botnet/workers/catch-importer.mjs","--auto-trust"]}
{"ts":"2026-06-29T03:53:52.540Z","lane":"catch-import","event":"done","step":null,"code":0,"ms":91}
{"ts":"2026-06-29T03:53:59.297Z","lane":"triage-patroller","event":"start","step":null,"bin":"node","args":["/Volumes/EOS_DIGITAL/KiriPedia/botnet/workers/triage-patroller.mjs","--per-role","25"]}
{"ts":"2026-06-29T03:54:02.464Z","lane":"triage-patroller","event":"done","step":null,"code":0,"ms":3167}
{"ts":"2026-06-29T03:54:09.607Z","lane":"rt-snapshot","event":"start","step":null,"bin":"node","args":["/Volumes/EOS_DIGITAL/KiriPedia/botnet/lib/research-team-snapshot.mjs"]}
{"ts":"2026-06-29T03:54:09.797Z","lane":"rt-snapshot","event":"done","step":null,"code":0,"ms":190}
{"ts":"2026-06-29T03:54:36.011Z","lane":"plant2","event":"start","step":"cat-1","bin":"node","args":["/Volumes/EOS_DIGITAL/KiriPedia/botnet/workers/cataloger-editor.mjs","--worker","cataloger-1","--batch","1"]}
{"ts":"2026-06-29T03:54:36.164Z","lane":"plant2","event":"done","step":"cat-1","code":0,"ms":151}
{"ts":"2026-06-29T03:54:36.165Z","lane":"plant2","event":"start","step":"cat-2","bin":"node","args":["/Volumes/EOS_DIGITAL/KiriPedia/botnet/workers/cataloger-editor.mjs","--worker","cataloger-2","--batch","1"]}
{"ts":"2026-06-29T03:54:36.266Z","lane":"plant2","event":"done","step":"cat-2","code":0,"ms":100}
{"ts":"2026-06-29T03:54:43.105Z","lane":"plant","event":"start","step":"scribe-1","bin":"node","args":["/Volumes/EOS_DIGITAL/KiriPedia/botnet/workers/scribe.mjs","--worker","scribe-1","--batch","1"]}
{"ts":"2026-06-29T03:54:43.212Z","lane":"plant","event":"done","step":"scribe-1","code":0,"ms":106}
{"ts":"2026-06-29T03:54:43.214Z","lane":"plant","event":"start","step":"scribe-2","bin":"node","args":["/Volumes/EOS_DIGITAL/KiriPedia/botnet/workers/scribe.mjs","--worker","scribe-2","--batch","1"]}
{"ts":"2026-06-29T03:54:43.315Z","lane":"plant","event":"done","step":"scribe-2","code":0,"ms":100}
{"ts":"2026-06-29T03:54:43.315Z","lane":"plant","event":"start","step":"scribe-3","bin":"node","args":["/Volumes/EOS_DIGITAL/KiriPedia/botnet/workers/scribe.mjs","--worker","scribe-3","--batch","1"]}
{"ts":"2026-06-29T03:54:43.409Z","lane":"plant","event":"done","step":"scribe-3","code":0,"ms":92}
{"ts":"2026-06-29T03:55:09.802Z","lane":"rt-snapshot","event":"start","step":null,"bin":"node","args":["/Volumes/EOS_DIGITAL/KiriPedia/botnet/lib/research-team-snapshot.mjs"]}
{"ts":"2026-06-29T03:55:09.995Z","lane":"rt-snapshot","event":"done","step":null,"code":0,"ms":190}
{"ts":"2026-06-29T03:55:55.794Z","lane":"office","event":"start","step":null,"bin":"node","args":["/Volumes/EOS_DIGITAL/KiriPedia/botnet/workers/office-manager.mjs"]}
{"ts":"2026-06-29T03:56:01.061Z","lane":"office","event":"done","step":null,"code":0,"ms":5261}
{"ts":"2026-06-29T03:56:02.110Z","lane":"plant","event":"start","step":"scribe-1","bin":"node","args":["/Volumes/EOS_DIGITAL/KiriPedia/botnet/workers/scribe.mjs","--worker","scribe-1","--batch","1"]}
{"ts":"2026-06-29T03:56:02.214Z","lane":"plant","event":"done","step":"scribe-1","code":0,"ms":103}
{"ts":"2026-06-29T03:56:02.215Z","lane":"plant","event":"start","step":"scribe-2","bin":"node","args":["/Volumes/EOS_DIGITAL/KiriPedia/botnet/workers/scribe.mjs","--worker","scribe-2","--batch","1"]}
{"ts":"2026-06-29T03:56:02.306Z","lane":"plant","event":"done","step":"scribe-2","code":0,"ms":90}
{"ts":"2026-06-29T03:56:02.307Z","lane":"plant","event":"start","step":"scribe-3","bin":"node","args":["/Volumes/EOS_DIGITAL/KiriPedia/botnet/workers/scribe.mjs","--worker","scribe-3","--batch","1"]}
{"ts":"2026-06-29T03:56:02.398Z","lane":"plant","event":"done","step":"scribe-3","code":0,"ms":90}
{"ts":"2026-06-29T03:56:09.997Z","lane":"rt-snapshot","event":"start","step":null,"bin":"node","args":["/Volumes/EOS_DIGITAL/KiriPedia/botnet/lib/research-team-snapshot.mjs"]}
{"ts":"2026-06-29T03:56:10.195Z","lane":"rt-snapshot","event":"done","step":null,"code":0,"ms":197}
{"ts":"2026-06-29T03:56:29.908Z","lane":"plant2","event":"start","step":"cat-1","bin":"node","args":["/Volumes/EOS_DIGITAL/KiriPedia/botnet/workers/cataloger-editor.mjs","--worker","cataloger-1","--batch","1"]}
{"ts":"2026-06-29T03:56:30.054Z","lane":"plant2","event":"done","step":"cat-1","code":0,"ms":143}
{"ts":"2026-06-29T03:56:30.054Z","lane":"plant2","event":"start","step":"cat-2","bin":"node","args":["/Volumes/EOS_DIGITAL/KiriPedia/botnet/workers/cataloger-editor.mjs","--worker","cataloger-2","--batch","1"]}
{"ts":"2026-06-29T03:56:30.150Z","lane":"plant2","event":"done","step":"cat-2","code":0,"ms":94}
{"ts":"2026-06-29T03:57:10.200Z","lane":"rt-snapshot","event":"start","step":null,"bin":"node","args":["/Volumes/EOS_DIGITAL/KiriPedia/botnet/lib/research-team-snapshot.mjs"]}
{"ts":"2026-06-29T03:57:10.374Z","lane":"rt-snapshot","event":"done","step":null,"code":0,"ms":171}
{"ts":"2026-06-29T03:57:21.580Z","lane":"prospect","event":"start","step":null,"bin":"node","args":["/Volumes/EOS_DIGITAL/KiriPedia/botnet/workers/prospector.mjs","--batch","2"]}
{"ts":"2026-06-29T03:57:34.843Z","lane":"mining","event":"start","step":"deepener","bin":"node","args":["/Volumes/EOS_DIGITAL/KiriPedia/botnet/workers/deepener.mjs","--batch","5"]}
{"ts":"2026-06-29T03:57:35.422Z","lane":"plant","event":"start","step":"scribe-1","bin":"node","args":["/Volumes/EOS_DIGITAL/KiriPedia/botnet/workers/scribe.mjs","--worker","scribe-1","--batch","1"]}
{"ts":"2026-06-29T03:57:35.524Z","lane":"plant","event":"done","step":"scribe-1","code":0,"ms":102}
{"ts":"2026-06-29T03:57:35.524Z","lane":"plant","event":"start","step":"scribe-2","bin":"node","args":["/Volumes/EOS_DIGITAL/KiriPedia/botnet/workers/scribe.mjs","--worker","scribe-2","--batch","1"]}
{"ts":"2026-06-29T03:57:35.621Z","lane":"plant","event":"done","step":"scribe-2","code":0,"ms":96}
{"ts":"2026-06-29T03:57:35.621Z","lane":"plant","event":"start","step":"scribe-3","bin":"node","args":["/Volumes/EOS_DIGITAL/KiriPedia/botnet/workers/scribe.mjs","--worker","scribe-3","--batch","1"]}
{"ts":"2026-06-29T03:57:35.724Z","lane":"plant","event":"done","step":"scribe-3","code":0,"ms":101}
{"ts":"2026-06-29T03:57:52.831Z","event":"shutdown_begin","signal":"SIGTERM"}
{"ts":"2026-06-29T03:57:52.837Z","lane":"promotion","event":"lane_exit"}
{"ts":"2026-06-29T03:57:52.840Z","lane":"orders","event":"lane_exit"}
{"ts":"2026-06-29T03:57:52.842Z","lane":"sentry","event":"lane_exit"}
{"ts":"2026-06-29T03:57:52.845Z","lane":"mos-enforcer","event":"lane_exit"}
{"ts":"2026-06-29T03:57:52.846Z","lane":"shape-auditor","event":"lane_exit"}
{"ts":"2026-06-29T03:57:52.848Z","lane":"calendar","event":"lane_exit"}
{"ts":"2026-06-29T03:57:52.849Z","lane":"weaver2","event":"lane_exit"}
{"ts":"2026-06-29T03:57:52.851Z","lane":"triage","event":"lane_exit"}
{"ts":"2026-06-29T03:57:52.852Z","lane":"coord","event":"lane_exit"}
{"ts":"2026-06-29T03:57:52.854Z","lane":"indexer","event":"lane_exit"}
{"ts":"2026-06-29T03:57:52.855Z","lane":"diff-sentinel","event":"lane_exit"}
{"ts":"2026-06-29T03:57:52.857Z","lane":"reviewer","event":"lane_exit"}
{"ts":"2026-06-29T03:57:52.858Z","lane":"splitter","event":"lane_exit"}
{"ts":"2026-06-29T03:57:52.860Z","lane":"discretion","event":"lane_exit"}
{"ts":"2026-06-29T03:57:52.861Z","lane":"snapshot","event":"lane_exit"}
{"ts":"2026-06-29T03:57:52.862Z","lane":"catch-import","event":"lane_exit"}
{"ts":"2026-06-29T03:57:52.864Z","lane":"triage-patroller","event":"lane_exit"}
{"ts":"2026-06-29T03:57:52.865Z","lane":"office","event":"lane_exit"}
{"ts":"2026-06-29T03:57:52.866Z","lane":"plant2","event":"lane_exit"}
{"ts":"2026-06-29T03:57:52.869Z","lane":"rt-snapshot","event":"lane_exit"}
{"ts":"2026-06-29T03:57:52.871Z","lane":"plant","event":"lane_exit"}
